GEO.id,GEO.id2,GEO.display-label,VD01,VD02,VD03,VD04,VD05,VD06,VD07,VD08,VD09,VD10,VD11,VD12,VD13,VD14,VD15
Id,Id2,Geography,Total:,Native:,Native: - Born in state of residence,Native: - Born in other state in the United States:,Native: - Born in other state in the United States: - Northeast,Native: - Born in other state in the United States: - Midwest,Native: - Born in other state in the United States: - South,Native: - Born in other state in the United States: - West,Native: - Born outside the United States:,Native: - Born outside the United States: - Puerto Rico,Native: - Born outside the United States: - U.S. Island Areas,Native: - Born outside the United States: - Born abroad of American parent(s),Foreign born:,Foreign born: - Naturalized citizen,Foreign born: - Not a citizen
0500000US53033,53033,"King County, Washington",44239,21932,10828,10513,807,925,1936,6845,591,268,0,323,22307,4677,17630
1400000US53033000100,53033000100,"Census Tract 1, King County, Washington",299,99,44,38,0,0,8,30,17,12,0,5,200,40,160
1400000US53033000200,53033000200,"Census Tract 2, King County, Washington",127,69,37,32,0,2,0,30,0,0,0,0,58,16,42
1400000US53033000300,53033000300,"Census Tract 3, King County, Washington",27,27,14,7,0,0,4,3,6,0,0,6,0,0,0
1400000US53033000401,53033000401,"Census Tract 4.01, King County, Washington",184,153,98,45,0,9,12,24,10,0,0,10,31,18,13
1400000US53033000402,53033000402,"Census Tract 4.02, King County, Washington",112,34,0,24,0,0,10,14,10,10,0,0,78,9,69
1400000US53033000500,53033000500,"Census Tract 5, King County, Washington",55,44,29,15,15,0,0,0,0,0,0,0,11,11,0
1400000US53033000600,53033000600,"Census Tract 6, King County, Washington",108,46,0,46,0,0,16,30,0,0,0,0,62,34,28
1400000US53033000700,53033000700,"Census Tract 7, King County, Washington",217,130,35,95,35,0,6,54,0,0,0,0,87,11,76
1400000US53033000800,53033000800,"Census Tract 8, King County, Washington",52,25,20,0,0,0,0,0,5,0,0,5,27,15,12
1400000US53033000900,53033000900,"Census Tract 9, King County, Washington",32,23,3,20,0,5,6,9,0,0,0,0,9,0,9
1400000US53033001000,53033001000,"Census Tract 10, King County, Washington",48,29,5,24,24,0,0,0,0,0,0,0,19,19,0
1400000US53033001100,53033001100,"Census Tract 11, King County, Washington",0,0,0,0,0,0,0,0,0,0,0,0,0,0,0
1400000US53033001200,53033001200,"Census Tract 12, King County, Washington",145,75,75,0,0,0,0,0,0,0,0,0,70,28,42
1400000US53033001300,53033001300,"Census Tract 13, King County, Washington",90,49,36,13,0,0,0,13,0,0,0,0,41,21,20
1400000US53033001400,53033001400,"Census Tract 14, King County, Washington",83,58,13,45,0,0,0,45,0,0,0,0,25,0,25
1400000US53033001500,53033001500,"Census Tract 15, King County, Washington",0,0,0,0,0,0,0,0,0,0,0,0,0,0,0
1400000US53033001600,53033001600,"Census Tract 16, King County, Washington",19,8,0,8,0,0,0,8,0,0,0,0,11,6,5
1400000US53033001700,53033001700,"Census Tract 17, King County, Washington",115,59,36,23,0,0,13,10,0,0,0,0,56,8,48
1400000US53033001800,53033001800,"Census Tract 18, King County, Washington",170,63,25,38,6,0,6,26,0,0,0,0,107,16,91
1400000US53033001900,53033001900,"Census Tract 19, King County, Washington",57,39,34,5,0,0,0,5,0,0,0,0,18,0,18
1400000US53033002000,53033002000,"Census Tract 20, King County, Washington",70,51,17,34,9,5,0,20,0,0,0,0,19,6,13
1400000US53033002100,53033002100,"Census Tract 21, King County, Washington",17,5,0,5,0,0,0,5,0,0,0,0,12,12,0
1400000US53033002200,53033002200,"Census Tract 22, King County, Washington",90,45,36,9,0,0,0,9,0,0,0,0,45,6,39
1400000US53033002400,53033002400,"Census Tract 24, King County, Washington",12,12,6,6,6,0,0,0,0,0,0,0,0,0,0
1400000US53033002500,53033002500,"Census Tract 25, King County, Washington",82,47,13,34,0,7,0,27,0,0,0,0,35,19,16
1400000US53033002600,53033002600,"Census Tract 26, King County, Washington",23,14,8,6,0,0,0,6,0,0,0,0,9,0,9
1400000US53033002700,53033002700,"Census Tract 27, King County, Washington",56,21,0,21,0,0,0,21,0,0,0,0,35,10,25
1400000US53033002800,53033002800,"Census Tract 28, King County, Washington",7,7,0,7,0,0,7,0,0,0,0,0,0,0,0
1400000US53033002900,53033002900,"Census Tract 29, King County, Washington",42,17,12,5,0,0,0,5,0,0,0,0,25,25,0
1400000US53033003000,53033003000,"Census Tract 30, King County, Washington",84,84,51,33,0,0,17,16,0,0,0,0,0,0,0
1400000US53033003100,53033003100,"Census Tract 31, King County, Washington",32,28,6,22,7,0,8,7,0,0,0,0,4,4,0
1400000US53033003200,53033003200,"Census Tract 32, King County, Washington",49,27,14,13,0,0,0,13,0,0,0,0,22,0,22
1400000US53033003300,53033003300,"Census Tract 33, King County, Washington",104,104,40,64,0,0,26,38,0,0,0,0,0,0,0
1400000US53033003400,53033003400,"Census Tract 34, King County, Washington",6,6,0,6,0,6,0,0,0,0,0,0,0,0,0
1400000US53033003500,53033003500,"Census Tract 35, King County, Washington",45,45,38,7,0,0,0,7,0,0,0,0,0,0,0
1400000US53033003600,53033003600,"Census Tract 36, King County, Washington",9,9,0,9,0,9,0,0,0,0,0,0,0,0,0
1400000US53033003800,53033003800,"Census Tract 38, King County, Washington",30,16,16,0,0,0,0,0,0,0,0,0,14,14,0
1400000US53033003900,53033003900,"Census Tract 39, King County, Washington",44,44,35,0,0,0,0,0,9,9,0,0,0,0,0
1400000US53033004000,53033004000,"Census Tract 40, King County, Washington",6,6,0,6,0,6,0,0,0,0,0,0,0,0,0
1400000US53033004100,53033004100,"Census Tract 41, King County, Washington",39,11,0,11,0,0,0,11,0,0,0,0,28,7,21
1400000US53033004200,53033004200,"Census Tract 42, King County, Washington",24,17,0,17,0,9,0,8,0,0,0,0,7,0,7
1400000US53033004300,53033004300,"Census Tract 43, King County, Washington",118,97,61,36,6,0,0,30,0,0,0,0,21,13,8
1400000US53033004400,53033004400,"Census Tract 44, King County, Washington",91,60,0,60,9,0,20,31,0,0,0,0,31,31,0
1400000US53033004500,53033004500,"Census Tract 45, King County, Washington",0,0,0,0,0,0,0,0,0,0,0,0,0,0,0
1400000US53033004600,53033004600,"Census Tract 46, King County, Washington",13,5,0,5,0,0,0,5,0,0,0,0,8,0,8
1400000US53033004700,53033004700,"Census Tract 47, King County, Washington",226,97,27,70,0,7,8,55,0,0,0,0,129,67,62
1400000US53033004800,53033004800,"Census Tract 48, King County, Washington",22,0,0,0,0,0,0,0,0,0,0,0,22,0,22
1400000US53033004900,53033004900,"Census Tract 49, King County, Washington",88,88,0,81,17,28,0,36,7,0,0,7,0,0,0
1400000US53033005000,53033005000,"Census Tract 50, King County, Washington",70,60,28,32,0,0,18,14,0,0,0,0,10,5,5
1400000US53033005100,53033005100,"Census Tract 51, King County, Washington",18,12,9,3,0,0,3,0,0,0,0,0,6,6,0
1400000US53033005200,53033005200,"Census Tract 52, King County, Washington",100,86,20,56,12,0,8,36,10,0,0,10,14,10,4
1400000US53033005301,53033005301,"Census Tract 53.01, King County, Washington",138,98,33,50,8,0,27,15,15,0,0,15,40,0,40
1400000US53033005302,53033005302,"Census Tract 53.02, King County, Washington",57,57,23,34,12,9,0,13,0,0,0,0,0,0,0
1400000US53033005400,53033005400,"Census Tract 54, King County, Washington",12,12,0,12,12,0,0,0,0,0,0,0,0,0,0
1400000US53033005600,53033005600,"Census Tract 56, King County, Washington",42,10,10,0,0,0,0,0,0,0,0,0,32,26,6
1400000US53033005700,53033005700,"Census Tract 57, King County, Washington",84,84,29,55,8,0,19,28,0,0,0,0,0,0,0
1400000US53033005801,53033005801,"Census Tract 58.01, King County, Washington",73,52,32,10,0,0,0,10,10,0,0,10,21,0,21
1400000US53033005802,53033005802,"Census Tract 58.02, King County, Washington",46,37,10,17,0,0,0,17,10,10,0,0,9,0,9
1400000US53033005900,53033005900,"Census Tract 59, King County, Washington",0,0,0,0,0,0,0,0,0,0,0,0,0,0,0
1400000US53033006000,53033006000,"Census Tract 60, King County, Washington",67,45,22,14,14,0,0,0,9,0,0,9,22,22,0
1400000US53033006100,53033006100,"Census Tract 61, King County, Washington",39,21,0,21,0,0,0,21,0,0,0,0,18,10,8
1400000US53033006200,53033006200,"Census Tract 62, King County, Washington",11,0,0,0,0,0,0,0,0,0,0,0,11,5,6
1400000US53033006300,53033006300,"Census Tract 63, King County, Washington",28,9,0,9,0,0,9,0,0,0,0,0,19,12,7
1400000US53033006400,53033006400,"Census Tract 64, King County, Washington",16,9,0,9,0,0,0,9,0,0,0,0,7,7,0
1400000US53033006500,53033006500,"Census Tract 65, King County, Washington",60,40,21,19,0,13,0,6,0,0,0,0,20,12,8
1400000US53033006600,53033006600,"Census Tract 66, King County, Washington",57,32,5,20,0,0,14,6,7,0,0,7,25,8,17
1400000US53033006700,53033006700,"Census Tract 67, King County, Washington",39,29,10,19,0,0,19,0,0,0,0,0,10,0,10
1400000US53033006800,53033006800,"Census Tract 68, King County, Washington",0,0,0,0,0,0,0,0,0,0,0,0,0,0,0
1400000US53033006900,53033006900,"Census Tract 69, King County, Washington",36,22,8,14,0,0,0,14,0,0,0,0,14,14,0
1400000US53033007000,53033007000,"Census Tract 70, King County, Washington",62,33,7,18,0,0,0,18,8,0,0,8,29,12,17
1400000US53033007100,53033007100,"Census Tract 71, King County, Washington",60,42,7,35,0,8,8,19,0,0,0,0,18,0,18
1400000US53033007200,53033007200,"Census Tract 72, King County, Washington",59,46,0,46,0,0,6,40,0,0,0,0,13,0,13
1400000US53033007300,53033007300,"Census Tract 73, King County, Washington",112,85,17,68,0,11,11,46,0,0,0,0,27,0,27
1400000US53033007400,53033007400,"Census Tract 74, King County, Washington",230,138,50,67,15,0,6,46,21,21,0,0,92,6,86
1400000US53033007500,53033007500,"Census Tract 75, King County, Washington",103,67,7,28,0,0,9,19,32,32,0,0,36,36,0
1400000US53033007600,53033007600,"Census Tract 76, King County, Washington",25,19,7,12,0,0,8,4,0,0,0,0,6,0,6
1400000US53033007700,53033007700,"Census Tract 77, King County, Washington",56,40,15,25,0,0,16,9,0,0,0,0,16,0,16
1400000US53033007800,53033007800,"Census Tract 78, King County, Washington",11,11,11,0,0,0,0,0,0,0,0,0,0,0,0
1400000US53033007900,53033007900,"Census Tract 79, King County, Washington",35,13,13,0,0,0,0,0,0,0,0,0,22,0,22
1400000US53033008001,53033008001,"Census Tract 80.01, King County, Washington",58,33,22,11,0,0,0,11,0,0,0,0,25,12,13
1400000US53033008002,53033008002,"Census Tract 80.02, King County, Washington",47,12,0,12,0,0,0,12,0,0,0,0,35,27,8
1400000US53033008100,53033008100,"Census Tract 81, King County, Washington",88,43,0,31,0,0,0,31,12,12,0,0,45,22,23
1400000US53033008200,53033008200,"Census Tract 82, King County, Washington",70,21,0,21,0,14,0,7,0,0,0,0,49,8,41
1400000US53033008300,53033008300,"Census Tract 83, King County, Washington",79,54,0,54,0,11,0,43,0,0,0,0,25,0,25
1400000US53033008400,53033008400,"Census Tract 84, King County, Washington",65,54,11,43,11,10,0,22,0,0,0,0,11,11,0
1400000US53033008500,53033008500,"Census Tract 85, King County, Washington",213,89,54,35,0,11,8,16,0,0,0,0,124,10,114
1400000US53033008600,53033008600,"Census Tract 86, King County, Washington",198,107,24,77,14,0,28,35,6,0,0,6,91,16,75
1400000US53033008700,53033008700,"Census Tract 87, King County, Washington",158,38,33,5,0,5,0,0,0,0,0,0,120,25,95
1400000US53033008800,53033008800,"Census Tract 88, King County, Washington",139,59,50,9,0,0,7,2,0,0,0,0,80,58,22
1400000US53033008900,53033008900,"Census Tract 89, King County, Washington",157,69,27,42,6,0,17,19,0,0,0,0,88,19,69
1400000US53033009000,53033009000,"Census Tract 90, King County, Washington",94,32,32,0,0,0,0,0,0,0,0,0,62,10,52
1400000US53033009100,53033009100,"Census Tract 91, King County, Washington",24,6,0,6,0,0,6,0,0,0,0,0,18,0,18
1400000US53033009200,53033009200,"Census Tract 92, King County, Washington",36,11,6,5,0,0,5,0,0,0,0,0,25,0,25
1400000US53033009300,53033009300,"Census Tract 93, King County, Washington",142,115,22,93,0,72,10,11,0,0,0,0,27,5,22
1400000US53033009400,53033009400,"Census Tract 94, King County, Washington",379,216,184,32,0,0,0,32,0,0,0,0,163,63,100
1400000US53033009500,53033009500,"Census Tract 95, King County, Washington",25,25,18,7,0,7,0,0,0,0,0,0,0,0,0
1400000US53033009600,53033009600,"Census Tract 96, King County, Washington",30,21,0,21,0,0,0,21,0,0,0,0,9,9,0
1400000US53033009701,53033009701,"Census Tract 97.01, King County, Washington",76,39,20,19,0,8,0,11,0,0,0,0,37,0,37
1400000US53033009702,53033009702,"Census Tract 97.02, King County, Washington",10,10,0,10,0,0,0,10,0,0,0,0,0,0,0
1400000US53033009800,53033009800,"Census Tract 98, King County, Washington",84,65,24,41,0,9,0,32,0,0,0,0,19,8,11
1400000US53033009900,53033009900,"Census Tract 99, King County, Washington",195,55,29,26,7,0,0,19,0,0,0,0,140,5,135
1400000US53033010000,53033010000,"Census Tract 100, King County, Washington",303,159,77,72,5,0,0,67,10,10,0,0,144,22,122
1400000US53033010100,53033010100,"Census Tract 101, King County, Washington",233,123,65,58,20,12,18,8,0,0,0,0,110,0,110
1400000US53033010200,53033010200,"Census Tract 102, King County, Washington",21,21,0,21,0,0,13,8,0,0,0,0,0,0,0
1400000US53033010300,53033010300,"Census Tract 103, King County, Washington",323,65,57,8,0,0,0,8,0,0,0,0,258,41,217
1400000US53033010400,53033010400,"Census Tract 104, King County, Washington",229,137,39,98,0,0,60,38,0,0,0,0,92,23,69
1400000US53033010500,53033010500,"Census Tract 105, King County, Washington",177,106,52,46,9,0,21,16,8,0,0,8,71,10,61
1400000US53033010600,53033010600,"Census Tract 106, King County, Washington",85,63,26,26,0,0,0,26,11,11,0,0,22,0,22
1400000US53033010700,53033010700,"Census Tract 107, King County, Washington",351,261,173,88,0,7,48,33,0,0,0,0,90,26,64
1400000US53033010800,53033010800,"Census Tract 108, King County, Washington",266,145,77,68,0,0,21,47,0,0,0,0,121,10,111
1400000US53033010900,53033010900,"Census Tract 109, King County, Washington",57,27,11,16,0,0,0,16,0,0,0,0,30,11,19
1400000US53033011000,53033011000,"Census Tract 110, King County, Washington",200,65,48,17,0,0,17,0,0,0,0,0,135,41,94
1400000US53033011101,53033011101,"Census Tract 111.01, King County, Washington",132,37,22,15,0,0,8,7,0,0,0,0,95,39,56
1400000US53033011102,53033011102,"Census Tract 111.02, King County, Washington",291,87,65,22,0,0,0,22,0,0,0,0,204,53,151
1400000US53033011200,53033011200,"Census Tract 112, King County, Washington",874,391,187,201,0,19,40,142,3,0,0,3,483,96,387
1400000US53033011300,53033011300,"Census Tract 113, King County, Washington",312,99,75,24,0,0,0,24,0,0,0,0,213,15,198
1400000US53033011400,53033011400,"Census Tract 114, King County, Washington",903,475,226,244,0,0,132,112,5,0,0,5,428,65,363
1400000US53033011500,53033011500,"Census Tract 115, King County, Washington",89,60,43,17,0,0,0,17,0,0,0,0,29,0,29
1400000US53033011600,53033011600,"Census Tract 116, King County, Washington",35,18,8,10,0,0,10,0,0,0,0,0,17,7,10
1400000US53033011700,53033011700,"Census Tract 117, King County, Washington",183,74,34,40,0,0,14,26,0,0,0,0,109,3,106
1400000US53033011800,53033011800,"Census Tract 118, King County, Washington",305,97,30,67,0,0,0,67,0,0,0,0,208,42,166
1400000US53033011900,53033011900,"Census Tract 119, King County, Washington",48,48,0,48,4,8,16,20,0,0,0,0,0,0,0
1400000US53033012000,53033012000,"Census Tract 120, King County, Washington",73,38,21,17,0,0,5,12,0,0,0,0,35,8,27
1400000US53033012100,53033012100,"Census Tract 121, King County, Washington",24,17,0,17,0,0,17,0,0,0,0,0,7,7,0
1400000US53033020100,53033020100,"Census Tract 201, King County, Washington",18,18,13,5,0,0,0,5,0,0,0,0,0,0,0
1400000US53033020200,53033020200,"Census Tract 202, King County, Washington",9,9,9,0,0,0,0,0,0,0,0,0,0,0,0
1400000US53033020300,53033020300,"Census Tract 203, King County, Washington",139,91,38,53,0,0,20,33,0,0,0,0,48,40,8
1400000US53033020401,53033020401,"Census Tract 204.01, King County, Washington",86,62,25,37,10,6,0,21,0,0,0,0,24,9,15
1400000US53033020402,53033020402,"Census Tract 204.02, King County, Washington",100,53,20,29,0,8,0,21,4,0,0,4,47,0,47
1400000US53033020500,53033020500,"Census Tract 205, King County, Washington",125,49,21,28,0,0,0,28,0,0,0,0,76,41,35
1400000US53033020600,53033020600,"Census Tract 206, King County, Washington",51,5,5,0,0,0,0,0,0,0,0,0,46,0,46
1400000US53033020700,53033020700,"Census Tract 207, King County, Washington",133,48,35,13,0,4,9,0,0,0,0,0,85,0,85
1400000US53033020800,53033020800,"Census Tract 208, King County, Washington",107,13,4,9,5,0,4,0,0,0,0,0,94,0,94
1400000US53033020900,53033020900,"Census Tract 209, King County, Washington",14,14,0,14,0,0,0,14,0,0,0,0,0,0,0
1400000US53033021000,53033021000,"Census Tract 210, King County, Washington",104,40,14,26,0,0,12,14,0,0,0,0,64,16,48
1400000US53033021100,53033021100,"Census Tract 211, King County, Washington",92,49,25,24,0,24,0,0,0,0,0,0,43,10,33
1400000US53033021300,53033021300,"Census Tract 213, King County, Washington",114,37,22,15,0,0,0,15,0,0,0,0,77,0,77
1400000US53033021400,53033021400,"Census Tract 214, King County, Washington",92,92,54,30,0,6,4,20,8,0,0,8,0,0,0
1400000US53033021500,53033021500,"Census Tract 215, King County, Washington",7,7,0,7,0,0,0,7,0,0,0,0,0,0,0
1400000US53033021600,53033021600,"Census Tract 216, King County, Washington",47,28,7,21,6,9,0,6,0,0,0,0,19,19,0
1400000US53033021700,53033021700,"Census Tract 217, King County, Washington",134,123,25,98,0,0,34,64,0,0,0,0,11,11,0
1400000US53033021802,53033021802,"Census Tract 218.02, King County, Washington",159,62,29,33,0,3,11,19,0,0,0,0,97,11,86
1400000US53033021803,53033021803,"Census Tract 218.03, King County, Washington",87,51,34,9,0,0,9,0,8,8,0,0,36,28,8
1400000US53033021804,53033021804,"Census Tract 218.04, King County, Washington",163,83,35,48,27,0,10,11,0,0,0,0,80,16,64
1400000US53033021903,53033021903,"Census Tract 219.03, King County, Washington",174,159,59,100,0,0,0,100,0,0,0,0,15,15,0
1400000US53033021904,53033021904,"Census Tract 219.04, King County, Washington",141,23,23,0,0,0,0,0,0,0,0,0,118,23,95
1400000US53033021905,53033021905,"Census Tract 219.05, King County, Washington",37,13,13,0,0,0,0,0,0,0,0,0,24,0,24
1400000US53033021906,53033021906,"Census Tract 219.06, King County, Washington",27,9,9,0,0,0,0,0,0,0,0,0,18,18,0
1400000US53033022001,53033022001,"Census Tract 220.01, King County, Washington",35,35,22,13,6,0,0,7,0,0,0,0,0,0,0
1400000US53033022003,53033022003,"Census Tract 220.03, King County, Washington",107,41,31,10,0,0,0,10,0,0,0,0,66,16,50
1400000US53033022005,53033022005,"Census Tract 220.05, King County, Washington",38,38,20,18,0,9,9,0,0,0,0,0,0,0,0
1400000US53033022006,53033022006,"Census Tract 220.06, King County, Washington",0,0,0,0,0,0,0,0,0,0,0,0,0,0,0
1400000US53033022101,53033022101,"Census Tract 221.01, King County, Washington",21,16,16,0,0,0,0,0,0,0,0,0,5,5,0
1400000US53033022102,53033022102,"Census Tract 221.02, King County, Washington",0,0,0,0,0,0,0,0,0,0,0,0,0,0,0
1400000US53033022201,53033022201,"Census Tract 222.01, King County, Washington",47,40,17,23,0,6,0,17,0,0,0,0,7,1,6
1400000US53033022202,53033022202,"Census Tract 222.02, King County, Washington",119,88,15,73,34,7,0,32,0,0,0,0,31,14,17
1400000US53033022203,53033022203,"Census Tract 222.03, King County, Washington",43,35,19,8,0,0,0,8,8,8,0,0,8,8,0
1400000US53033022300,53033022300,"Census Tract 223, King County, Washington",9,9,9,0,0,0,0,0,0,0,0,0,0,0,0
1400000US53033022400,53033022400,"Census Tract 224, King County, Washington",43,34,10,24,0,0,0,24,0,0,0,0,9,9,0
1400000US53033022500,53033022500,"Census Tract 225, King County, Washington",24,24,0,24,12,0,0,12,0,0,0,0,0,0,0
1400000US53033022603,53033022603,"Census Tract 226.03, King County, Washington",53,24,12,12,0,0,0,12,0,0,0,0,29,5,24
1400000US53033022604,53033022604,"Census Tract 226.04, King County, Washington",137,88,42,46,0,15,0,31,0,0,0,0,49,28,21
1400000US53033022605,53033022605,"Census Tract 226.05, King County, Washington",232,53,41,12,0,12,0,0,0,0,0,0,179,11,168
1400000US53033022606,53033022606,"Census Tract 226.06, King County, Washington",36,0,0,0,0,0,0,0,0,0,0,0,36,0,36
1400000US53033022701,53033022701,"Census Tract 227.01, King County, Washington",29,11,0,11,0,0,0,11,0,0,0,0,18,12,6
1400000US53033022702,53033022702,"Census Tract 227.02, King County, Washington",15,15,15,0,0,0,0,0,0,0,0,0,0,0,0
1400000US53033022703,53033022703,"Census Tract 227.03, King County, Washington",22,22,12,10,0,0,0,10,0,0,0,0,0,0,0
1400000US53033022801,53033022801,"Census Tract 228.01, King County, Washington",373,136,51,74,0,0,22,52,11,0,0,11,237,25,212
1400000US53033022802,53033022802,"Census Tract 228.02, King County, Washington",106,22,22,0,0,0,0,0,0,0,0,0,84,19,65
1400000US53033022803,53033022803,"Census Tract 228.03, King County, Washington",73,52,0,52,0,12,29,11,0,0,0,0,21,0,21
1400000US53033022901,53033022901,"Census Tract 229.01, King County, Washington",31,19,0,19,0,4,0,15,0,0,0,0,12,12,0
1400000US53033022902,53033022902,"Census Tract 229.02, King County, Washington",6,6,0,6,0,6,0,0,0,0,0,0,0,0,0
1400000US53033023000,53033023000,"Census Tract 230, King County, Washington",68,30,25,5,0,5,0,0,0,0,0,0,38,18,20
1400000US53033023100,53033023100,"Census Tract 231, King County, Washington",148,0,0,0,0,0,0,0,0,0,0,0,148,0,148
1400000US53033023201,53033023201,"Census Tract 232.01, King County, Washington",249,43,15,28,5,0,0,23,0,0,0,0,206,60,146
1400000US53033023202,53033023202,"Census Tract 232.02, King County, Washington",379,88,63,25,9,0,0,16,0,0,0,0,291,58,233
1400000US53033023300,53033023300,"Census Tract 233, King County, Washington",190,42,11,31,0,5,0,26,0,0,0,0,148,18,130
1400000US53033023401,53033023401,"Census Tract 234.01, King County, Washington",49,30,7,23,0,0,0,23,0,0,0,0,19,6,13
1400000US53033023402,53033023402,"Census Tract 234.02, King County, Washington",6,6,0,6,0,0,0,6,0,0,0,0,0,0,0
1400000US53033023500,53033023500,"Census Tract 235, King County, Washington",38,27,0,27,0,0,4,23,0,0,0,0,11,11,0
1400000US53033023601,53033023601,"Census Tract 236.01, King County, Washington",140,44,21,23,0,0,0,23,0,0,0,0,96,63,33
1400000US53033023603,53033023603,"Census Tract 236.03, King County, Washington",511,157,9,148,51,0,30,67,0,0,0,0,354,49,305
1400000US53033023604,53033023604,"Census Tract 236.04, King County, Washington",313,42,18,24,0,16,0,8,0,0,0,0,271,107,164
1400000US53033023700,53033023700,"Census Tract 237, King County, Washington",36,19,8,11,0,0,0,11,0,0,0,0,17,17,0
1400000US53033023801,53033023801,"Census Tract 238.01, King County, Washington",12,12,0,0,0,0,0,0,12,12,0,0,0,0,0
1400000US53033023802,53033023802,"Census Tract 238.02, King County, Washington",11,0,0,0,0,0,0,0,0,0,0,0,11,3,8
1400000US53033023900,53033023900,"Census Tract 239, King County, Washington",104,57,6,43,8,0,0,35,8,0,0,8,47,43,4
1400000US53033024000,53033024000,"Census Tract 240, King County, Washington",150,55,29,26,0,0,19,7,0,0,0,0,95,95,0
1400000US53033024100,53033024100,"Census Tract 241, King County, Washington",31,24,23,1,0,0,0,1,0,0,0,0,7,4,3
1400000US53033024200,53033024200,"Census Tract 242, King County, Washington",13,8,0,8,1,0,4,3,0,0,0,0,5,5,0
1400000US53033024300,53033024300,"Census Tract 243, King County, Washington",70,55,10,28,0,6,0,22,17,0,0,17,15,8,7
1400000US53033024400,53033024400,"Census Tract 244, King County, Washington",5,5,5,0,0,0,0,0,0,0,0,0,0,0,0
1400000US53033024500,53033024500,"Census Tract 245, King County, Washington",11,6,0,6,0,0,0,6,0,0,0,0,5,5,0
1400000US53033024601,53033024601,"Census Tract 246.01, King County, Washington",9,9,4,5,0,0,0,5,0,0,0,0,0,0,0
1400000US53033024602,53033024602,"Census Tract 246.02, King County, Washington",0,0,0,0,0,0,0,0,0,0,0,0,0,0,0
1400000US53033024701,53033024701,"Census Tract 247.01, King County, Washington",37,21,8,13,7,0,6,0,0,0,0,0,16,3,13
1400000US53033024702,53033024702,"Census Tract 247.02, King County, Washington",80,16,16,0,0,0,0,0,0,0,0,0,64,6,58
1400000US53033024800,53033024800,"Census Tract 248, King County, Washington",59,40,13,27,9,0,0,18,0,0,0,0,19,9,10
1400000US53033024901,53033024901,"Census Tract 249.01, King County, Washington",9,9,0,9,9,0,0,0,0,0,0,0,0,0,0
1400000US53033024902,53033024902,"Census Tract 249.02, King County, Washington",18,8,0,8,0,0,0,8,0,0,0,0,10,0,10
1400000US53033024903,53033024903,"Census Tract 249.03, King County, Washington",27,27,0,27,9,0,0,18,0,0,0,0,0,0,0
1400000US53033025001,53033025001,"Census Tract 250.01, King County, Washington",44,26,22,4,0,0,0,4,0,0,0,0,18,5,13
1400000US53033025003,53033025003,"Census Tract 250.03, King County, Washington",36,36,24,12,0,0,0,12,0,0,0,0,0,0,0
1400000US53033025004,53033025004,"Census Tract 250.04, King County, Washington",88,35,35,0,0,0,0,0,0,0,0,0,53,7,46
1400000US53033025101,53033025101,"Census Tract 251.01, King County, Washington",150,77,32,45,0,5,0,40,0,0,0,0,73,8,65
1400000US53033025102,53033025102,"Census Tract 251.02, King County, Washington",12,12,0,12,0,0,0,12,0,0,0,0,0,0,0
1400000US53033025200,53033025200,"Census Tract 252, King County, Washington",230,102,24,78,0,0,27,51,0,0,0,0,128,0,128
1400000US53033025300,53033025300,"Census Tract 253, King County, Washington",179,64,47,17,0,0,0,17,0,0,0,0,115,14,101
1400000US53033025400,53033025400,"Census Tract 254, King County, Washington",325,219,96,123,9,0,27,87,0,0,0,0,106,26,80
1400000US53033025500,53033025500,"Census Tract 255, King County, Washington",240,43,19,24,0,0,0,24,0,0,0,0,197,0,197
1400000US53033025600,53033025600,"Census Tract 256, King County, Washington",309,42,25,17,0,0,0,17,0,0,0,0,267,20,247
1400000US53033025701,53033025701,"Census Tract 257.01, King County, Washington",267,92,61,31,0,0,9,22,0,0,0,0,175,35,140
1400000US53033025702,53033025702,"Census Tract 257.02, King County, Washington",50,50,17,26,8,0,0,18,7,0,0,7,0,0,0
1400000US53033025801,53033025801,"Census Tract 258.01, King County, Washington",327,254,113,141,10,13,29,89,0,0,0,0,73,36,37
1400000US53033025803,53033025803,"Census Tract 258.03, King County, Washington",202,144,67,72,0,9,0,63,5,0,0,5,58,22,36
1400000US53033025804,53033025804,"Census Tract 258.04, King County, Washington",46,46,19,27,0,5,22,0,0,0,0,0,0,0,0
1400000US53033026001,53033026001,"Census Tract 260.01, King County, Washington",170,48,18,30,0,1,12,17,0,0,0,0,122,1,121
1400000US53033026002,53033026002,"Census Tract 260.02, King County, Washington",179,130,100,19,0,0,0,19,11,11,0,0,49,0,49
1400000US53033026100,53033026100,"Census Tract 261, King County, Washington",163,87,67,20,9,0,8,3,0,0,0,0,76,30,46
1400000US53033026200,53033026200,"Census Tract 262, King County, Washington",158,72,21,51,0,0,11,40,0,0,0,0,86,18,68
1400000US53033026300,53033026300,"Census Tract 263, King County, Washington",45,18,8,10,0,0,0,10,0,0,0,0,27,3,24
1400000US53033026400,53033026400,"Census Tract 264, King County, Washington",544,332,231,101,0,0,14,87,0,0,0,0,212,24,188
1400000US53033026500,53033026500,"Census Tract 265, King County, Washington",81,49,6,43,0,0,7,36,0,0,0,0,32,0,32
1400000US53033026600,53033026600,"Census Tract 266, King County, Washington",69,15,0,15,0,0,0,15,0,0,0,0,54,26,28
1400000US53033026700,53033026700,"Census Tract 267, King County, Washington",319,97,59,38,11,0,0,27,0,0,0,0,222,26,196
1400000US53033026801,53033026801,"Census Tract 268.01, King County, Washington",480,186,58,128,0,18,15,95,0,0,0,0,294,31,263
1400000US53033026802,53033026802,"Census Tract 268.02, King County, Washington",493,214,100,102,0,39,0,63,12,12,0,0,279,38,241
1400000US53033026900,53033026900,"Census Tract 269, King County, Washington",144,66,59,7,0,0,0,7,0,0,0,0,78,6,72
1400000US53033027000,53033027000,"Census Tract 270, King County, Washington",322,61,50,11,0,0,6,5,0,0,0,0,261,6,255
1400000US53033027100,53033027100,"Census Tract 271, King County, Washington",304,181,154,27,0,8,19,0,0,0,0,0,123,13,110
1400000US53033027200,53033027200,"Census Tract 272, King County, Washington",107,55,24,31,0,6,0,25,0,0,0,0,52,32,20
1400000US53033027300,53033027300,"Census Tract 273, King County, Washington",587,179,114,65,0,7,6,52,0,0,0,0,408,17,391
1400000US53033027400,53033027400,"Census Tract 274, King County, Washington",265,177,89,88,0,0,11,77,0,0,0,0,88,14,74
1400000US53033027500,53033027500,"Census Tract 275, King County, Washington",182,60,60,0,0,0,0,0,0,0,0,0,122,70,52
1400000US53033027600,53033027600,"Census Tract 276, King County, Washington",368,148,115,33,0,0,6,27,0,0,0,0,220,4,216
1400000US53033027701,53033027701,"Census Tract 277.01, King County, Washington",67,6,6,0,0,0,0,0,0,0,0,0,61,14,47
1400000US53033027702,53033027702,"Census Tract 277.02, King County, Washington",65,36,27,9,0,0,0,9,0,0,0,0,29,0,29
1400000US53033027800,53033027800,"Census Tract 278, King County, Washington",14,10,10,0,0,0,0,0,0,0,0,0,4,0,4
1400000US53033027900,53033027900,"Census Tract 279, King County, Washington",268,119,68,51,9,0,11,31,0,0,0,0,149,56,93
1400000US53033028000,53033028000,"Census Tract 280, King County, Washington",301,161,147,7,0,0,7,0,7,7,0,0,140,0,140
1400000US53033028100,53033028100,"Census Tract 281, King County, Washington",258,124,93,23,0,0,5,18,8,0,0,8,134,22,112
1400000US53033028200,53033028200,"Census Tract 282, King County, Washington",519,146,71,68,0,0,25,43,7,0,0,7,373,100,273
1400000US53033028300,53033028300,"Census Tract 283, King County, Washington",69,34,5,29,0,0,7,22,0,0,0,0,35,4,31
1400000US53033028402,53033028402,"Census Tract 284.02, King County, Washington",343,200,105,89,7,0,0,82,6,6,0,0,143,0,143
1400000US53033028403,53033028403,"Census Tract 284.03, King County, Washington",432,132,40,92,0,10,17,65,0,0,0,0,300,28,272
1400000US53033028500,53033028500,"Census Tract 285, King County, Washington",188,75,54,11,5,0,0,6,10,10,0,0,113,32,81
1400000US53033028600,53033028600,"Census Tract 286, King County, Washington",77,77,0,77,0,0,18,59,0,0,0,0,0,0,0
1400000US53033028700,53033028700,"Census Tract 287, King County, Washington",37,29,29,0,0,0,0,0,0,0,0,0,8,8,0
1400000US53033028801,53033028801,"Census Tract 288.01, King County, Washington",232,109,10,99,8,19,0,72,0,0,0,0,123,32,91
1400000US53033028802,53033028802,"Census Tract 288.02, King County, Washington",382,69,34,35,0,0,0,35,0,0,0,0,313,22,291
1400000US53033028901,53033028901,"Census Tract 289.01, King County, Washington",86,55,10,45,0,0,0,45,0,0,0,0,31,31,0
1400000US53033028902,53033028902,"Census Tract 289.02, King County, Washington",458,107,70,37,5,0,12,20,0,0,0,0,351,19,332
1400000US53033029001,53033029001,"Census Tract 290.01, King County, Washington",60,32,22,10,0,0,0,10,0,0,0,0,28,15,13
1400000US53033029003,53033029003,"Census Tract 290.03, King County, Washington",202,70,41,29,0,0,6,23,0,0,0,0,132,33,99
1400000US53033029004,53033029004,"Census Tract 290.04, King County, Washington",409,116,116,0,0,0,0,0,0,0,0,0,293,42,251
1400000US53033029100,53033029100,"Census Tract 291, King County, Washington",199,78,56,22,6,7,5,4,0,0,0,0,121,88,33
1400000US53033029201,53033029201,"Census Tract 292.01, King County, Washington",724,250,140,110,0,0,0,110,0,0,0,0,474,124,350
1400000US53033029203,53033029203,"Census Tract 292.03, King County, Washington",143,91,14,77,0,0,0,77,0,0,0,0,52,0,52
1400000US53033029204,53033029204,"Census Tract 292.04, King County, Washington",329,93,67,26,7,0,11,8,0,0,0,0,236,15,221
1400000US53033029303,53033029303,"Census Tract 293.03, King County, Washington",192,131,78,53,0,33,0,20,0,0,0,0,61,16,45
1400000US53033029304,53033029304,"Census Tract 293.04, King County, Washington",0,0,0,0,0,0,0,0,0,0,0,0,0,0,0
1400000US53033029305,53033029305,"Census Tract 293.05, King County, Washington",59,31,24,7,0,0,0,7,0,0,0,0,28,8,20
1400000US53033029306,53033029306,"Census Tract 293.06, King County, Washington",0,0,0,0,0,0,0,0,0,0,0,0,0,0,0
1400000US53033029307,53033029307,"Census Tract 293.07, King County, Washington",36,22,22,0,0,0,0,0,0,0,0,0,14,0,14
1400000US53033029403,53033029403,"Census Tract 294.03, King County, Washington",75,28,14,14,0,0,0,14,0,0,0,0,47,8,39
1400000US53033029405,53033029405,"Census Tract 294.05, King County, Washington",42,42,0,32,0,0,0,32,10,0,0,10,0,0,0
1400000US53033029406,53033029406,"Census Tract 294.06, King County, Washington",7,7,0,0,0,0,0,0,7,0,0,7,0,0,0
1400000US53033029407,53033029407,"Census Tract 294.07, King County, Washington",111,50,41,9,0,0,0,9,0,0,0,0,61,0,61
1400000US53033029408,53033029408,"Census Tract 294.08, King County, Washington",176,108,19,89,0,11,0,78,0,0,0,0,68,10,58
1400000US53033029502,53033029502,"Census Tract 295.02, King County, Washington",44,44,32,12,0,0,6,6,0,0,0,0,0,0,0
1400000US53033029503,53033029503,"Census Tract 295.03, King County, Washington",558,252,55,192,28,38,43,83,5,0,0,5,306,42,264
1400000US53033029504,53033029504,"Census Tract 295.04, King County, Washington",93,61,44,17,0,0,0,17,0,0,0,0,32,13,19
1400000US53033029601,53033029601,"Census Tract 296.01, King County, Washington",152,152,121,31,0,0,26,5,0,0,0,0,0,0,0
1400000US53033029602,53033029602,"Census Tract 296.02, King County, Washington",0,0,0,0,0,0,0,0,0,0,0,0,0,0,0
1400000US53033029700,53033029700,"Census Tract 297, King County, Washington",184,76,56,20,10,0,10,0,0,0,0,0,108,34,74
1400000US53033029801,53033029801,"Census Tract 298.01, King County, Washington",200,120,66,54,0,8,8,38,0,0,0,0,80,6,74
1400000US53033029802,53033029802,"Census Tract 298.02, King County, Washington",159,86,74,12,0,9,0,3,0,0,0,0,73,21,52
1400000US53033029901,53033029901,"Census Tract 299.01, King County, Washington",63,56,14,42,10,0,16,16,0,0,0,0,7,7,0
1400000US53033029902,53033029902,"Census Tract 299.02, King County, Washington",49,31,0,31,0,0,0,31,0,0,0,0,18,18,0
1400000US53033030002,53033030002,"Census Tract 300.02, King County, Washington",483,314,134,140,0,17,32,91,40,12,0,28,169,27,142
1400000US53033030003,53033030003,"Census Tract 300.03, King County, Washington",63,33,0,33,0,0,7,26,0,0,0,0,30,0,30
1400000US53033030004,53033030004,"Census Tract 300.04, King County, Washington",916,379,179,189,15,10,59,105,11,11,0,0,537,68,469
1400000US53033030100,53033030100,"Census Tract 301, King County, Washington",230,72,30,42,0,5,0,37,0,0,0,0,158,27,131
1400000US53033030201,53033030201,"Census Tract 302.01, King County, Washington",160,88,19,69,17,0,0,52,0,0,0,0,72,19,53
1400000US53033030202,53033030202,"Census Tract 302.02, King County, Washington",207,160,67,93,11,0,43,39,0,0,0,0,47,12,35
1400000US53033030303,53033030303,"Census Tract 303.03, King County, Washington",234,135,99,36,0,0,0,36,0,0,0,0,99,50,49
1400000US53033030304,53033030304,"Census Tract 303.04, King County, Washington",15,15,15,0,0,0,0,0,0,0,0,0,0,0,0
1400000US53033030305,53033030305,"Census Tract 303.05, King County, Washington",101,84,61,16,0,0,0,16,7,0,0,7,17,17,0
1400000US53033030306,53033030306,"Census Tract 303.06, King County, Washington",113,61,48,13,7,0,0,6,0,0,0,0,52,22,30
1400000US53033030308,53033030308,"Census Tract 303.08, King County, Washington",207,134,63,65,0,4,25,36,6,6,0,0,73,9,64
1400000US53033030309,53033030309,"Census Tract 303.09, King County, Washington",152,117,31,65,10,12,0,43,21,10,0,11,35,0,35
1400000US53033030310,53033030310,"Census Tract 303.10, King County, Washington",70,35,0,30,0,0,0,30,5,0,0,5,35,0,35
1400000US53033030311,53033030311,"Census Tract 303.11, King County, Washington",110,103,77,26,0,0,26,0,0,0,0,0,7,0,7
1400000US53033030312,53033030312,"Census Tract 303.12, King County, Washington",83,83,22,61,46,0,4,11,0,0,0,0,0,0,0
1400000US53033030401,53033030401,"Census Tract 304.01, King County, Washington",103,85,67,18,18,0,0,0,0,0,0,0,18,0,18
1400000US53033030403,53033030403,"Census Tract 304.03, King County, Washington",44,44,0,44,0,0,18,26,0,0,0,0,0,0,0
1400000US53033030404,53033030404,"Census Tract 304.04, King County, Washington",9,9,0,9,0,0,0,9,0,0,0,0,0,0,0
1400000US53033030501,53033030501,"Census Tract 305.01, King County, Washington",30,30,30,0,0,0,0,0,0,0,0,0,0,0,0
1400000US53033030503,53033030503,"Census Tract 305.03, King County, Washington",190,142,77,65,0,21,0,44,0,0,0,0,48,19,29
1400000US53033030504,53033030504,"Census Tract 305.04, King County, Washington",300,132,116,16,0,16,0,0,0,0,0,0,168,37,131
1400000US53033030600,53033030600,"Census Tract 306, King County, Washington",130,58,19,31,0,0,0,31,8,0,0,8,72,0,72
1400000US53033030700,53033030700,"Census Tract 307, King County, Washington",137,58,45,6,0,0,0,6,7,0,0,7,79,13,66
1400000US53033030801,53033030801,"Census Tract 308.01, King County, Washington",272,52,25,27,0,0,6,21,0,0,0,0,220,35,185
1400000US53033030802,53033030802,"Census Tract 308.02, King County, Washington",287,119,88,31,0,12,9,10,0,0,0,0,168,36,132
1400000US53033030901,53033030901,"Census Tract 309.01, King County, Washington",44,6,0,6,0,0,0,6,0,0,0,0,38,25,13
1400000US53033030902,53033030902,"Census Tract 309.02, King County, Washington",120,97,81,16,2,0,0,14,0,0,0,0,23,0,23
1400000US53033031000,53033031000,"Census Tract 310, King County, Washington",21,14,6,0,0,0,0,0,8,8,0,0,7,7,0
1400000US53033031100,53033031100,"Census Tract 311, King County, Washington",229,139,85,54,0,23,8,23,0,0,0,0,90,23,67
1400000US53033031202,53033031202,"Census Tract 312.02, King County, Washington",120,76,60,16,0,2,0,14,0,0,0,0,44,7,37
1400000US53033031204,53033031204,"Census Tract 312.04, King County, Washington",29,29,20,9,0,0,9,0,0,0,0,0,0,0,0
1400000US53033031205,53033031205,"Census Tract 312.05, King County, Washington",0,0,0,0,0,0,0,0,0,0,0,0,0,0,0
1400000US53033031206,53033031206,"Census Tract 312.06, King County, Washington",134,63,22,41,0,0,0,41,0,0,0,0,71,0,71
1400000US53033031301,53033031301,"Census Tract 313.01, King County, Washington",96,53,53,0,0,0,0,0,0,0,0,0,43,17,26
1400000US53033031302,53033031302,"Census Tract 313.02, King County, Washington",104,17,0,17,0,17,0,0,0,0,0,0,87,0,87
1400000US53033031400,53033031400,"Census Tract 314, King County, Washington",60,30,20,10,0,0,0,10,0,0,0,0,30,17,13
1400000US53033031501,53033031501,"Census Tract 315.01, King County, Washington",24,24,9,9,0,0,0,9,6,0,0,6,0,0,0
1400000US53033031502,53033031502,"Census Tract 315.02, King County, Washington",33,27,8,19,0,0,0,19,0,0,0,0,6,6,0
1400000US53033031601,53033031601,"Census Tract 316.01, King County, Washington",42,28,0,28,0,0,0,28,0,0,0,0,14,0,14
1400000US53033031602,53033031602,"Census Tract 316.02, King County, Washington",47,47,18,29,0,0,10,19,0,0,0,0,0,0,0
1400000US53033031603,53033031603,"Census Tract 316.03, King County, Washington",48,48,36,12,0,0,0,12,0,0,0,0,0,0,0
1400000US53033031702,53033031702,"Census Tract 317.02, King County, Washington",105,77,37,40,0,0,30,10,0,0,0,0,28,17,11
1400000US53033031703,53033031703,"Census Tract 317.03, King County, Washington",107,68,49,19,0,0,0,19,0,0,0,0,39,25,14
1400000US53033031704,53033031704,"Census Tract 317.04, King County, Washington",57,57,0,57,13,0,0,44,0,0,0,0,0,0,0
1400000US53033031800,53033031800,"Census Tract 318, King County, Washington",7,0,0,0,0,0,0,0,0,0,0,0,7,7,0
1400000US53033031903,53033031903,"Census Tract 319.03, King County, Washington",76,65,58,7,0,0,0,7,0,0,0,0,11,0,11
1400000US53033031904,53033031904,"Census Tract 319.04, King County, Washington",26,19,0,19,0,0,0,19,0,0,0,0,7,7,0
1400000US53033031906,53033031906,"Census Tract 319.06, King County, Washington",2,0,0,0,0,0,0,0,0,0,0,0,2,0,2
1400000US53033031907,53033031907,"Census Tract 319.07, King County, Washington",93,44,20,8,0,0,0,8,16,0,0,16,49,0,49
1400000US53033031908,53033031908,"Census Tract 319.08, King County, Washington",80,49,42,7,0,0,0,7,0,0,0,0,31,0,31
1400000US53033031909,53033031909,"Census Tract 319.09, King County, Washington",8,0,0,0,0,0,0,0,0,0,0,0,8,8,0
1400000US53033032002,53033032002,"Census Tract 320.02, King County, Washington",39,33,33,0,0,0,0,0,0,0,0,0,6,0,6
1400000US53033032003,53033032003,"Census Tract 320.03, King County, Washington",9,6,3,3,0,3,0,0,0,0,0,0,3,3,0
1400000US53033032005,53033032005,"Census Tract 320.05, King County, Washington",222,173,85,88,0,0,3,85,0,0,0,0,49,13,36
1400000US53033032006,53033032006,"Census Tract 320.06, King County, Washington",45,45,26,19,0,0,0,19,0,0,0,0,0,0,0
1400000US53033032007,53033032007,"Census Tract 320.07, King County, Washington",49,35,0,35,0,0,15,20,0,0,0,0,14,0,14
1400000US53033032008,53033032008,"Census Tract 320.08, King County, Washington",85,64,50,14,0,0,0,14,0,0,0,0,21,0,21
1400000US53033032009,53033032009,"Census Tract 320.09, King County, Washington",32,24,9,15,0,0,0,15,0,0,0,0,8,8,0
1400000US53033032102,53033032102,"Census Tract 321.02, King County, Washington",27,27,7,20,0,10,10,0,0,0,0,0,0,0,0
1400000US53033032103,53033032103,"Census Tract 321.03, King County, Washington",56,19,9,0,0,0,0,0,10,0,0,10,37,15,22
1400000US53033032104,53033032104,"Census Tract 321.04, King County, Washington",50,0,0,0,0,0,0,0,0,0,0,0,50,9,41
1400000US53033032203,53033032203,"Census Tract 322.03, King County, Washington",46,30,0,30,0,0,14,16,0,0,0,0,16,8,8
1400000US53033032207,53033032207,"Census Tract 322.07, King County, Washington",10,0,0,0,0,0,0,0,0,0,0,0,10,0,10
1400000US53033032208,53033032208,"Census Tract 322.08, King County, Washington",0,0,0,0,0,0,0,0,0,0,0,0,0,0,0
1400000US53033032209,53033032209,"Census Tract 322.09, King County, Washington",87,66,7,59,6,0,0,53,0,0,0,0,21,11,10
1400000US53033032210,53033032210,"Census Tract 322.10, King County, Washington",9,9,9,0,0,0,0,0,0,0,0,0,0,0,0
1400000US53033032211,53033032211,"Census Tract 322.11, King County, Washington",84,73,21,47,6,7,12,22,5,5,0,0,11,0,11
1400000US53033032212,53033032212,"Census Tract 322.12, King County, Washington",46,46,39,7,0,0,0,7,0,0,0,0,0,0,0
1400000US53033032307,53033032307,"Census Tract 323.07, King County, Washington",79,79,22,57,0,0,0,57,0,0,0,0,0,0,0
1400000US53033032309,53033032309,"Census Tract 323.09, King County, Washington",102,37,12,16,0,0,0,16,9,9,0,0,65,9,56
1400000US53033032311,53033032311,"Census Tract 323.11, King County, Washington",82,69,18,51,0,0,11,40,0,0,0,0,13,0,13
1400000US53033032312,53033032312,"Census Tract 323.12, King County, Washington",100,0,0,0,0,0,0,0,0,0,0,0,100,19,81
1400000US53033032313,53033032313,"Census Tract 323.13, King County, Washington",248,75,29,32,0,0,0,32,14,0,0,14,173,21,152
1400000US53033032314,53033032314,"Census Tract 323.14, King County, Washington",50,42,0,42,0,0,0,42,0,0,0,0,8,0,8
1400000US53033032315,53033032315,"Census Tract 323.15, King County, Washington",36,28,10,18,0,0,0,18,0,0,0,0,8,0,8
1400000US53033032316,53033032316,"Census Tract 323.16, King County, Washington",12,12,0,12,3,0,0,9,0,0,0,0,0,0,0
1400000US53033032317,53033032317,"Census Tract 323.17, King County, Washington",28,23,0,23,0,0,0,23,0,0,0,0,5,0,5
1400000US53033032318,53033032318,"Census Tract 323.18, King County, Washington",35,35,28,7,7,0,0,0,0,0,0,0,0,0,0
1400000US53033032319,53033032319,"Census Tract 323.19, King County, Washington",301,62,50,12,0,6,0,6,0,0,0,0,239,31,208
1400000US53033032320,53033032320,"Census Tract 323.20, King County, Washington",87,62,42,20,0,0,0,20,0,0,0,0,25,8,17
1400000US53033032321,53033032321,"Census Tract 323.21, King County, Washington",25,13,0,13,0,0,0,13,0,0,0,0,12,12,0
1400000US53033032322,53033032322,"Census Tract 323.22, King County, Washington",12,0,0,0,0,0,0,0,0,0,0,0,12,12,0
1400000US53033032323,53033032323,"Census Tract 323.23, King County, Washington",60,48,22,26,0,0,0,26,0,0,0,0,12,0,12
1400000US53033032324,53033032324,"Census Tract 323.24, King County, Washington",114,36,20,10,0,0,0,10,6,6,0,0,78,0,78
1400000US53033032325,53033032325,"Census Tract 323.25, King County, Washington",84,48,13,35,0,0,0,35,0,0,0,0,36,0,36
1400000US53033032401,53033032401,"Census Tract 324.01, King County, Washington",56,33,33,0,0,0,0,0,0,0,0,0,23,23,0
1400000US53033032402,53033032402,"Census Tract 324.02, King County, Washington",74,18,0,18,0,0,18,0,0,0,0,0,56,0,56
1400000US53033032500,53033032500,"Census Tract 325, King County, Washington",48,29,16,13,0,2,0,11,0,0,0,0,19,10,9
1400000US53033032601,53033032601,"Census Tract 326.01, King County, Washington",27,13,0,13,0,13,0,0,0,0,0,0,14,0,14
1400000US53033032602,53033032602,"Census Tract 326.02, King County, Washington",22,17,0,17,0,0,0,17,0,0,0,0,5,0,5
1400000US53033032702,53033032702,"Census Tract 327.02, King County, Washington",84,52,41,11,5,0,0,6,0,0,0,0,32,14,18
1400000US53033032703,53033032703,"Census Tract 327.03, King County, Washington",23,6,6,0,0,0,0,0,0,0,0,0,17,0,17
1400000US53033032704,53033032704,"Census Tract 327.04, King County, Washington",105,78,69,9,0,9,0,0,0,0,0,0,27,0,27
1400000US53033032800,53033032800,"Census Tract 328, King County, Washington",16,0,0,0,0,0,0,0,0,0,0,0,16,0,16
1600000US5300100,5300100,"Aberdeen city, Washington",622,230,108,122,0,0,8,114,0,0,0,0,392,40,352
1600000US5300135,5300135,"Aberdeen Gardens CDP, Washington",23,17,17,0,0,0,0,0,0,0,0,0,6,0,6
1600000US5300275,5300275,"Acme CDP, Washington",0,0,0,0,0,0,0,0,0,0,0,0,0,0,0
1600000US5300800,5300800,"Ahtanum CDP, Washington",238,142,110,32,0,0,0,32,0,0,0,0,96,7,89
1600000US5300905,5300905,"Airway Heights city, Washington",15,15,0,15,0,0,6,9,0,0,0,0,0,0,0
1600000US5301010,5301010,"Albion town, Washington",14,10,2,8,0,0,0,8,0,0,0,0,4,2,2
1600000US5301185,5301185,"Alderwood Manor CDP, Washington",174,136,46,82,13,8,28,33,8,8,0,0,38,19,19
1600000US5301255,5301255,"Alger CDP, Washington",0,0,0,0,0,0,0,0,0,0,0,0,0,0,0
1600000US5301290,5301290,"Algona city, Washington",44,6,0,6,0,0,0,6,0,0,0,0,38,25,13
1600000US5301447,5301447,"Allyn-Grapeview CDP, Washington",8,8,3,5,0,5,0,0,0,0,0,0,0,0,0
1600000US5301500,5301500,"Almira town, Washington",0,0,0,0,0,0,0,0,0,0,0,0,0,0,0
1600000US5301850,5301850,"Amboy CDP, Washington",0,0,0,0,0,0,0,0,0,0,0,0,0,0,0
1600000US5301920,5301920,"Ames Lake CDP, Washington",0,0,0,0,0,0,0,0,0,0,0,0,0,0,0
1600000US5301990,5301990,"Anacortes city, Washington",266,187,140,47,0,7,5,35,0,0,0,0,79,28,51
1600000US5302585,5302585,"Arlington city, Washington",358,221,81,110,0,29,26,55,30,0,0,30,137,25,112
1600000US5302620,5302620,"Arlington Heights CDP, Washington",16,16,0,16,0,0,10,6,0,0,0,0,0,0,0
1600000US5302910,5302910,"Artondale CDP, Washington",125,109,26,83,21,0,0,62,0,0,0,0,16,0,16
1600000US5303005,5303005,"Ashford CDP, Washington",0,0,0,0,0,0,0,0,0,0,0,0,0,0,0
1600000US5303075,5303075,"Asotin city, Washington",0,0,0,0,0,0,0,0,0,0,0,0,0,0,0
1600000US5303180,5303180,"Auburn city, Washington",1621,744,491,230,0,72,23,135,23,8,0,15,877,188,689
1600000US5303215,5303215,"Ault Field CDP, Washington",89,62,5,45,0,0,12,33,12,6,0,6,27,11,16
1600000US5303736,5303736,"Bainbridge Island city, Washington",140,59,0,59,0,0,9,50,0,0,0,0,81,4,77
1600000US5304113,5304113,"Bangor Trident Base CDP, Washington",305,293,25,261,11,6,80,164,7,7,0,0,12,0,12
1600000US5304125,5304125,"Banks Lake South CDP, Washington",0,0,0,0,0,0,0,0,0,0,0,0,0,0,0
1600000US5304195,5304195,"Barberton CDP, Washington",62,48,7,41,0,9,0,32,0,0,0,0,14,0,14
1600000US5304300,5304300,"Baring CDP, Washington",0,0,0,0,0,0,0,0,0,0,0,0,0,0,0
1600000US5304405,5304405,"Basin City CDP, Washington",230,134,123,11,0,0,11,0,0,0,0,0,96,10,86
1600000US5304475,5304475,"Battle Ground city, Washington",184,156,44,98,0,0,20,78,14,7,0,7,28,0,28
1600000US5304615,5304615,"Bay Center CDP, Washington",5,5,5,0,0,0,0,0,0,0,0,0,0,0,0
1600000US5304790,5304790,"Bay View CDP, Washington",0,0,0,0,0,0,0,0,0,0,0,0,0,0,0
1600000US5304895,5304895,"Beaux Arts Village town, Washington",0,0,0,0,0,0,0,0,0,0,0,0,0,0,0
1600000US5305210,5305210,"Bellevue city, Washington",2953,926,292,603,107,30,81,385,31,12,0,19,2027,588,1439
1600000US5305245,5305245,"Bell Hill CDP, Washington",0,0,0,0,0,0,0,0,0,0,0,0,0,0,0
1600000US5305280,5305280,"Bellingham city, Washington",1409,770,424,329,5,18,59,247,17,17,0,0,639,197,442
1600000US5305560,5305560,"Benton City city, Washington",175,98,56,42,0,0,16,26,0,0,0,0,77,30,47
1600000US5305980,5305980,"Bickleton CDP, Washington",0,0,0,0,0,0,0,0,0,0,0,0,0,0,0
1600000US5306050,5306050,"Big Lake CDP, Washington",43,43,43,0,0,0,0,0,0,0,0,0,0,0,0
1600000US5306085,5306085,"Bingen city, Washington",120,38,13,25,0,0,0,25,0,0,0,0,82,8,74
1600000US5306190,5306190,"Birch Bay CDP, Washington",189,106,80,26,0,13,13,0,0,0,0,0,83,36,47
1600000US5306330,5306330,"Black Diamond city, Washington",65,65,42,23,0,0,0,23,0,0,0,0,0,0,0
1600000US5306505,5306505,"Blaine city, Washington",88,44,18,26,0,0,0,26,0,0,0,0,44,10,34
1600000US5306855,5306855,"Blyn CDP, Washington",0,0,0,0,0,0,0,0,0,0,0,0,0,0,0
1600000US5307170,5307170,"Bonney Lake city, Washington",28,28,22,6,0,0,6,0,0,0,0,0,0,0,0
1600000US5307380,5307380,"Bothell city, Washington",518,301,122,171,33,3,70,65,8,8,0,0,217,35,182
1600000US5307590,5307590,"Brady CDP, Washington",0,0,0,0,0,0,0,0,0,0,0,0,0,0,0
1600000US5307695,5307695,"Bremerton city, Washington",999,849,163,642,48,71,141,382,44,31,0,13,150,48,102
1600000US5307835,5307835,"Brewster city, Washington",874,312,264,48,0,0,14,34,0,0,0,0,562,52,510
1600000US5307870,5307870,"Bridgeport city, Washington",686,225,177,43,0,0,5,38,5,0,0,5,461,29,432
1600000US5307940,5307940,"Brier city, Washington",9,0,0,0,0,0,0,0,0,0,0,0,9,9,0
1600000US5308080,5308080,"Brinnon CDP, Washington",9,7,2,5,0,2,0,3,0,0,0,0,2,2,0
1600000US5308465,5308465,"Brush Prairie CDP, Washington",0,0,0,0,0,0,0,0,0,0,0,0,0,0,0
1600000US5308552,5308552,"Bryn Mawr-Skyway CDP, Washington",363,165,85,69,9,1,20,39,11,11,0,0,198,31,167
1600000US5308570,5308570,"Buckley city, Washington",9,9,0,9,0,0,0,9,0,0,0,0,0,0,0
1600000US5308605,5308605,"Bucoda town, Washington",14,5,0,5,0,0,0,5,0,0,0,0,9,0,9
1600000US5308780,5308780,"Burbank CDP, Washington",188,112,42,70,0,0,45,25,0,0,0,0,76,24,52
1600000US5308850,5308850,"Burien city, Washington",1799,776,551,208,25,0,35,148,17,17,0,0,1023,196,827
1600000US5308920,5308920,"Burlington city, Washington",1124,655,446,209,0,0,97,112,0,0,0,0,469,148,321
1600000US5309365,5309365,"Camano CDP, Washington",60,49,21,28,0,0,0,28,0,0,0,0,11,11,0
1600000US5309480,5309480,"Camas city, Washington",147,118,40,78,0,0,26,52,0,0,0,0,29,8,21
1600000US5309970,5309970,"Carbonado town, Washington",2,2,0,2,0,0,0,2,0,0,0,0,0,0,0
1600000US5310075,5310075,"Carlsborg CDP, Washington",0,0,0,0,0,0,0,0,0,0,0,0,0,0,0
1600000US5310215,5310215,"Carnation city, Washington",39,25,12,13,0,2,0,11,0,0,0,0,14,8,6
1600000US5310325,5310325,"Carson River Valley CDP, Washington",32,17,17,0,0,0,0,0,0,0,0,0,15,0,15
1600000US5310372,5310372,"Cascade-Fairwood CDP, Washington",790,561,265,268,18,25,29,196,28,0,0,28,229,68,161
1600000US5310455,5310455,"Cascade Valley CDP, Washington",234,157,60,97,0,24,27,46,0,0,0,0,77,0,77
1600000US5310495,5310495,"Cashmere city, Washington",195,61,38,23,0,0,6,17,0,0,0,0,134,35,99
1600000US5310565,5310565,"Castle Rock city, Washington",25,21,16,5,0,0,0,5,0,0,0,0,4,4,0
1600000US5310585,5310585,"Cathan CDP, Washington",2,2,0,2,0,0,0,2,0,0,0,0,0,0,0
1600000US5310600,5310600,"Cathcart CDP, Washington",0,0,0,0,0,0,0,0,0,0,0,0,0,0,0
1600000US5310635,5310635,"Cathlamet town, Washington",9,6,4,2,0,2,0,0,0,0,0,0,3,3,0
1600000US5311090,5311090,"Centerville CDP, Washington",2,2,2,0,0,0,0,0,0,0,0,0,0,0,0
1600000US5311160,5311160,"Centralia city, Washington",806,336,218,118,0,11,33,74,0,0,0,0,470,51,419
1600000US5311195,5311195,"Central Park CDP, Washington",8,0,0,0,0,0,0,0,0,0,0,0,8,0,8
1600000US5311475,5311475,"Chehalis city, Washington",317,149,113,36,0,0,11,25,0,0,0,0,168,8,160
1600000US5311568,5311568,"Chehalis Village CDP, Washington",0,0,0,0,0,0,0,0,0,0,0,0,0,0,0
1600000US5311615,5311615,"Chelan city, Washington",404,127,88,39,0,0,11,28,0,0,0,0,277,48,229
1600000US5311825,5311825,"Cheney city, Washington",144,109,85,24,0,11,13,0,0,0,0,0,35,0,35
1600000US5312015,5312015,"Cherry Grove CDP, Washington",0,0,0,0,0,0,0,0,0,0,0,0,0,0,0
1600000US5312140,5312140,"Chewelah city, Washington",14,14,3,11,0,6,0,5,0,0,0,0,0,0,0
1600000US5312315,5312315,"Chinook CDP, Washington",0,0,0,0,0,0,0,0,0,0,0,0,0,0,0
1600000US5312630,5312630,"Clarkston city, Washington",67,58,23,35,0,0,0,35,0,0,0,0,9,0,9
1600000US5312680,5312680,"Clarkston Heights-Vineland CDP, Washington",16,13,5,8,0,0,8,0,0,0,0,0,3,3,0
1600000US5312840,5312840,"Clear Lake CDP, Washington",9,9,0,9,0,4,0,5,0,0,0,0,0,0,0
1600000US5312945,5312945,"Cle Elum city, Washington",13,9,9,0,0,0,0,0,0,0,0,0,4,0,4
1600000US5313155,5313155,"Clinton CDP, Washington",0,0,0,0,0,0,0,0,0,0,0,0,0,0,0
1600000US5313365,5313365,"Clyde Hill city, Washington",27,23,23,0,0,0,0,0,0,0,0,0,4,4,0
1600000US5313595,5313595,"Cohassett Beach CDP, Washington",0,0,0,0,0,0,0,0,0,0,0,0,0,0,0
1600000US5313785,5313785,"Colfax city, Washington",12,6,0,6,0,0,0,6,0,0,0,0,6,0,6
1600000US5313855,5313855,"College Place city, Washington",518,334,218,116,0,0,22,94,0,0,0,0,184,80,104
1600000US5313890,5313890,"Colton town, Washington",0,0,0,0,0,0,0,0,0,0,0,0,0,0,0
1600000US5314170,5314170,"Colville city, Washington",33,12,12,0,0,0,0,0,0,0,0,0,21,14,7
1600000US5314310,5314310,"Conconully town, Washington",0,0,0,0,0,0,0,0,0,0,0,0,0,0,0
1600000US5314380,5314380,"Concrete town, Washington",0,0,0,0,0,0,0,0,0,0,0,0,0,0,0
1600000US5314485,5314485,"Connell city, Washington",640,303,206,97,0,0,29,68,0,0,0,0,337,63,274
1600000US5314520,5314520,"Conway CDP, Washington",0,0,0,0,0,0,0,0,0,0,0,0,0,0,0
1600000US5314660,5314660,"Copalis Beach CDP, Washington",0,0,0,0,0,0,0,0,0,0,0,0,0,0,0
1600000US5314870,5314870,"Cosmopolis city, Washington",40,20,17,3,0,0,0,3,0,0,0,0,20,4,16
1600000US5314940,5314940,"Cottage Lake CDP, Washington",268,218,82,136,0,0,11,125,0,0,0,0,50,20,30
1600000US5315080,5315080,"Coulee City town, Washington",2,0,0,0,0,0,0,0,0,0,0,0,2,2,0
1600000US5315115,5315115,"Coulee Dam town, Washington",9,5,3,2,0,0,0,2,0,0,0,0,4,0,4
1600000US5315150,5315150,"Country Homes CDP, Washington",72,56,37,19,0,19,0,0,0,0,0,0,16,8,8
1600000US5315185,5315185,"Coupeville town, Washington",40,2,0,2,0,0,0,2,0,0,0,0,38,0,38
1600000US5315290,5315290,"Covington city, Washington",327,250,122,128,0,0,33,95,0,0,0,0,77,30,47
1600000US5315710,5315710,"Creston town, Washington",0,0,0,0,0,0,0,0,0,0,0,0,0,0,0
1600000US5316340,5316340,"Cusick town, Washington",0,0,0,0,0,0,0,0,0,0,0,0,0,0,0
1600000US5316375,5316375,"Custer CDP, Washington",0,0,0,0,0,0,0,0,0,0,0,0,0,0,0
1600000US5316550,5316550,"Dallesport CDP, Washington",65,29,11,18,0,0,4,14,0,0,0,0,36,8,28
1600000US5316690,5316690,"Darrington town, Washington",0,0,0,0,0,0,0,0,0,0,0,0,0,0,0
1600000US5316795,5316795,"Davenport city, Washington",7,7,2,5,0,2,0,3,0,0,0,0,0,0,0
1600000US5316970,5316970,"Dayton city, Washington",145,80,49,31,0,0,27,4,0,0,0,0,65,30,35
1600000US5317320,5317320,"Deer Park city, Washington",44,34,14,20,0,0,4,16,0,0,0,0,10,10,0
1600000US5317495,5317495,"Deming CDP, Washington",2,0,0,0,0,0,0,0,0,0,0,0,2,0,2
1600000US5317617,5317617,"Desert Aire CDP, Washington",585,226,220,6,0,0,0,6,0,0,0,0,359,20,339
1600000US5317635,5317635,"Des Moines city, Washington",917,345,172,173,5,0,25,143,0,0,0,0,572,121,451
1600000US5317985,5317985,"Dishman CDP, Washington",218,198,85,113,29,5,0,79,0,0,0,0,20,15,5
1600000US5318055,5318055,"Dixie CDP, Washington",0,0,0,0,0,0,0,0,0,0,0,0,0,0,0
1600000US5318195,5318195,"Dollar Corner CDP, Washington",39,29,14,6,0,0,0,6,9,0,0,9,10,0,10
1600000US5318965,5318965,"DuPont city, Washington",35,23,9,14,0,4,3,7,0,0,0,0,12,0,12
1600000US5319035,5319035,"Duvall city, Washington",41,18,0,18,0,0,18,0,0,0,0,0,23,23,0
1600000US5319290,5319290,"East Cathlamet CDP, Washington",7,7,7,0,0,0,0,0,0,0,0,0,0,0,0
1600000US5319420,5319420,"Eastgate CDP, Washington",35,16,16,0,0,0,0,0,0,0,0,0,19,9,10
1600000US5319515,5319515,"East Hill-Meridian CDP, Washington",246,149,60,72,0,11,0,61,17,0,0,17,97,16,81
1600000US5319700,5319700,"Easton CDP, Washington",18,12,10,2,0,0,0,2,0,0,0,0,6,0,6
1600000US5319770,5319770,"East Port Orchard CDP, Washington",97,83,27,32,0,8,24,0,24,0,0,24,14,0,14
1600000US5319857,5319857,"East Renton Highlands CDP, Washington",59,52,7,45,0,0,0,45,0,0,0,0,7,7,0
1600000US5320155,5320155,"East Wenatchee city, Washington",406,206,151,55,0,0,3,52,0,0,0,0,200,114,86
1600000US5320190,5320190,"East Wenatchee Bench CDP, Washington",774,361,236,94,15,11,9,59,31,24,0,7,413,151,262
1600000US5320260,5320260,"Eatonville town, Washington",42,5,2,3,0,0,3,0,0,0,0,0,37,0,37
1600000US5320417,5320417,"Echo Lake CDP, Washington",0,0,0,0,0,0,0,0,0,0,0,0,0,0,0
1600000US5320645,5320645,"Edgewood city, Washington",61,53,38,15,0,0,0,15,0,0,0,0,8,8,0
1600000US5320680,5320680,"Edison CDP, Washington",0,0,0,0,0,0,0,0,0,0,0,0,0,0,0
1600000US5320750,5320750,"Edmonds city, Washington",497,224,121,103,0,10,7,86,0,0,0,0,273,45,228
1600000US5320890,5320890,"Elbe CDP, Washington",0,0,0,0,0,0,0,0,0,0,0,0,0,0,0
1600000US5321030,5321030,"Electric City town, Washington",2,2,0,2,0,0,0,2,0,0,0,0,0,0,0
1600000US5321205,5321205,"Elk Plain CDP, Washington",197,125,30,95,5,0,18,72,0,0,0,0,72,53,19
1600000US5321240,5321240,"Ellensburg city, Washington",262,139,121,9,0,0,0,9,9,9,0,0,123,19,104
1600000US5321450,5321450,"Elma city, Washington",29,17,0,17,0,0,0,17,0,0,0,0,12,12,0
1600000US5321485,5321485,"Elmer City town, Washington",0,0,0,0,0,0,0,0,0,0,0,0,0,0,0
1600000US5321730,5321730,"Endicott town, Washington",0,0,0,0,0,0,0,0,0,0,0,0,0,0,0
1600000US5322010,5322010,"Entiat city, Washington",132,76,29,47,0,1,4,42,0,0,0,0,56,8,48
1600000US5322045,5322045,"Enumclaw city, Washington",169,52,20,32,0,17,0,15,0,0,0,0,117,17,100
1600000US5322080,5322080,"Ephrata city, Washington",547,264,199,65,0,0,9,56,0,0,0,0,283,144,139
1600000US5322118,5322118,"Erlands Point-Kitsap Lake CDP, Washington",43,43,10,33,0,0,0,33,0,0,0,0,0,0,0
1600000US5322150,5322150,"Eschbach CDP, Washington",32,28,16,12,0,7,0,5,0,0,0,0,4,0,4
1600000US5322255,5322255,"Esperance CDP, Washington",84,67,35,11,11,0,0,0,21,21,0,0,17,0,17
1600000US5322640,5322640,"Everett city, Washington",2942,1617,731,801,29,37,147,588,85,25,10,50,1325,218,1107
1600000US5322745,5322745,"Everson city, Washington",140,81,47,32,0,0,24,8,2,0,0,2,59,7,52
1600000US5322955,5322955,"Fairchild AFB CDP, Washington",148,142,8,129,25,0,48,56,5,0,0,5,6,6,0
1600000US5322990,5322990,"Fairfield town, Washington",10,7,2,5,0,2,0,3,0,0,0,0,3,3,0
1600000US5323165,5323165,"Fairwood CDP, Washington",68,60,40,20,0,0,0,20,0,0,0,0,8,0,8
1600000US5323200,5323200,"Fall City CDP, Washington",14,0,0,0,0,0,0,0,0,0,0,0,14,0,14
1600000US5323340,5323340,"Farmington town, Washington",0,0,0,0,0,0,0,0,0,0,0,0,0,0,0
1600000US5323515,5323515,"Federal Way city, Washington",3081,1780,845,845,106,48,189,502,90,39,0,51,1301,251,1050
1600000US5323550,5323550,"Felida CDP, Washington",0,0,0,0,0,0,0,0,0,0,0,0,0,0,0
1600000US5323620,5323620,"Ferndale city, Washington",424,186,127,59,0,0,29,30,0,0,0,0,238,38,200
1600000US5323795,5323795,"Fife city, Washington",337,103,59,44,6,2,9,27,0,0,0,0,234,41,193
1600000US5323865,5323865,"Finley CDP, Washington",251,160,113,47,0,9,21,17,0,0,0,0,91,33,58
1600000US5323970,5323970,"Fircrest city, Washington",50,50,29,10,0,0,10,0,11,11,0,0,0,0,0
1600000US5324188,5324188,"Five Corners CDP, Washington",155,72,30,42,0,28,5,9,0,0,0,0,83,40,43
1600000US5324565,5324565,"Fords Prairie CDP, Washington",26,18,0,18,0,0,0,18,0,0,0,0,8,8,0
1600000US5324810,5324810,"Forks city, Washington",254,52,23,29,9,0,0,20,0,0,0,0,202,15,187
1600000US5324915,5324915,"Fort Lewis CDP, Washington",1160,951,129,738,84,28,191,435,84,41,0,43,209,72,137
1600000US5325370,5325370,"Fox Island CDP, Washington",6,6,0,6,6,0,0,0,0,0,0,0,0,0,0
1600000US5325475,5325475,"Frederickson CDP, Washington",48,41,22,19,0,0,0,19,0,0,0,0,7,7,0
1600000US5325510,5325510,"Freeland CDP, Washington",0,0,0,0,0,0,0,0,0,0,0,0,0,0,0
1600000US5325615,5325615,"Friday Harbor town, Washington",57,13,7,6,0,0,0,6,0,0,0,0,44,0,44
1600000US5326140,5326140,"Garfield town, Washington",0,0,0,0,0,0,0,0,0,0,0,0,0,0,0
1600000US5326245,5326245,"Garrett CDP, Washington",7,7,7,0,0,0,0,0,0,0,0,0,0,0,0
1600000US5326420,5326420,"Geneva CDP, Washington",0,0,0,0,0,0,0,0,0,0,0,0,0,0,0
1600000US5326455,5326455,"George city, Washington",86,19,16,3,0,0,3,0,0,0,0,0,67,15,52
1600000US5326735,5326735,"Gig Harbor city, Washington",20,16,0,16,0,0,7,9,0,0,0,0,4,4,0
1600000US5326875,5326875,"Glacier CDP, Washington",9,9,9,0,0,0,0,0,0,0,0,0,0,0,0
1600000US5326945,5326945,"Gleed CDP, Washington",211,116,100,16,0,0,0,16,0,0,0,0,95,29,66
1600000US5327365,5327365,"Gold Bar city, Washington",23,21,13,8,0,0,8,0,0,0,0,0,2,0,2
1600000US5327435,5327435,"Goldendale city, Washington",226,104,54,50,0,0,16,34,0,0,0,0,122,16,106
1600000US5327785,5327785,"Graham CDP, Washington",99,79,29,42,0,7,0,35,8,0,0,8,20,6,14
1600000US5327855,5327855,"Grand Coulee city, Washington",16,10,6,4,0,0,0,4,0,0,0,0,6,6,0
1600000US5327890,5327890,"Grand Mound CDP, Washington",119,96,49,45,0,0,0,45,2,2,0,0,23,0,23
1600000US5327925,5327925,"Grandview city, Washington",3618,2347,1872,464,0,33,278,153,11,0,0,11,1271,440,831
1600000US5327960,5327960,"Granger town, Washington",2065,1168,861,307,0,19,156,132,0,0,0,0,897,126,771
1600000US5327995,5327995,"Granite Falls city, Washington",24,16,5,11,0,0,9,2,0,0,0,0,8,6,2
1600000US5328345,5328345,"Grayland CDP, Washington",9,0,0,0,0,0,0,0,0,0,0,0,9,0,9
1600000US5328520,5328520,"Green Acres CDP, Washington",0,0,0,0,0,0,0,0,0,0,0,0,0,0,0
1600000US5328695,5328695,"Greenwater CDP, Washington",0,0,0,0,0,0,0,0,0,0,0,0,0,0,0
1600000US5329255,5329255,"Hamilton town, Washington",4,3,3,0,0,0,0,0,0,0,0,0,1,0,1
1600000US5329710,5329710,"Harrah town, Washington",232,155,123,32,0,0,3,29,0,0,0,0,77,28,49
1600000US5329745,5329745,"Harrington city, Washington",0,0,0,0,0,0,0,0,0,0,0,0,0,0,0
1600000US5329920,5329920,"Hartline town, Washington",0,0,0,0,0,0,0,0,0,0,0,0,0,0,0
1600000US5330060,5330060,"Hatton town, Washington",47,12,12,0,0,0,0,0,0,0,0,0,35,0,35
1600000US5330312,5330312,"Hazel Dell North CDP, Washington",585,190,92,98,12,7,0,79,0,0,0,0,395,4,391
1600000US5330313,5330313,"Hazel Dell South CDP, Washington",134,82,13,69,0,0,0,69,0,0,0,0,52,5,47
1600000US5330775,5330775,"Highland CDP, Washington",201,124,65,59,0,0,31,28,0,0,0,0,77,46,31
1600000US5331495,5331495,"Hobart CDP, Washington",15,6,3,3,0,3,0,0,0,0,0,0,9,3,6
1600000US5331530,5331530,"Hockinson CDP, Washington",61,49,41,8,0,0,2,6,0,0,0,0,12,5,7
1600000US5332300,5332300,"Hoquiam city, Washington",221,107,97,10,0,0,0,10,0,0,0,0,114,5,109
1600000US5332650,5332650,"Humptulips CDP, Washington",31,16,10,6,0,0,0,6,0,0,0,0,15,0,15
1600000US5332755,5332755,"Hunts Point town, Washington",0,0,0,0,0,0,0,0,0,0,0,0,0,0,0
1600000US5333000,5333000,"Ilwaco city, Washington",73,33,12,18,0,0,0,18,3,0,0,3,40,5,35
1600000US5333105,5333105,"Inchelium CDP, Washington",0,0,0,0,0,0,0,0,0,0,0,0,0,0,0
1600000US5333175,5333175,"Index town, Washington",0,0,0,0,0,0,0,0,0,0,0,0,0,0,0
1600000US5333280,5333280,"Indianola CDP, Washington",13,13,5,8,0,0,0,8,0,0,0,0,0,0,0
1600000US5333380,5333380,"Inglewood-Finn Hill CDP, Washington",267,186,107,71,0,13,0,58,8,8,0,0,81,25,56
1600000US5333560,5333560,"Ione town, Washington",2,2,0,2,0,0,0,2,0,0,0,0,0,0,0
1600000US5333805,5333805,"Issaquah city, Washington",106,19,9,0,0,0,0,0,10,0,0,10,87,24,63
1600000US5334220,5334220,"John Sam Lake CDP, Washington",0,0,0,0,0,0,0,0,0,0,0,0,0,0,0
1600000US5334277,5334277,"Jordan Road-Canyon Creek CDP, Washington",28,21,7,14,0,0,10,4,0,0,0,0,7,0,7
1600000US5334470,5334470,"Junction City CDP, Washington",0,0,0,0,0,0,0,0,0,0,0,0,0,0,0
1600000US5334575,5334575,"Kahlotus city, Washington",12,9,6,3,0,0,3,0,0,0,0,0,3,3,0
1600000US5334645,5334645,"Kalama city, Washington",9,2,0,2,0,0,0,2,0,0,0,0,7,0,7
1600000US5335065,5335065,"Kelso city, Washington",335,196,92,92,0,22,0,70,12,0,0,12,139,13,126
1600000US5335135,5335135,"Kendall CDP, Washington",0,0,0,0,0,0,0,0,0,0,0,0,0,0,0
1600000US5335170,5335170,"Kenmore city, Washington",146,122,37,85,6,9,0,70,0,0,0,0,24,24,0
1600000US5335275,5335275,"Kennewick city, Washington",5458,3216,2203,997,4,33,272,688,16,0,0,16,2242,503,1739
1600000US5335415,5335415,"Kent city, Washington",3509,1617,876,736,64,53,109,510,5,0,0,5,1892,399,1493
1600000US5335485,5335485,"Kettle Falls city, Washington",0,0,0,0,0,0,0,0,0,0,0,0,0,0,0
1600000US5335835,5335835,"Kingsgate CDP, Washington",159,23,23,0,0,0,0,0,0,0,0,0,136,41,95
1600000US5335870,5335870,"Kingston CDP, Washington",56,56,30,26,6,7,13,0,0,0,0,0,0,0,0
1600000US5335940,5335940,"Kirkland city, Washington",687,479,184,295,46,24,9,216,0,0,0,0,208,83,125
1600000US5336045,5336045,"Kittitas city, Washington",110,38,28,10,0,0,4,6,0,0,0,0,72,34,38
1600000US5336115,5336115,"Klickitat CDP, Washington",18,4,0,4,0,0,0,4,0,0,0,0,14,14,0
1600000US5336395,5336395,"Krupp town, Washington",0,0,0,0,0,0,0,0,0,0,0,0,0,0,0
1600000US5336710,5336710,"La Center city, Washington",30,12,2,10,0,0,0,10,0,0,0,0,18,9,9
1600000US5336745,5336745,"Lacey city, Washington",667,451,197,217,14,0,80,123,37,26,0,11,216,52,164
1600000US5336780,5336780,"La Conner town, Washington",3,1,1,0,0,0,0,0,0,0,0,0,2,1,1
1600000US5336850,5336850,"La Crosse town, Washington",2,0,0,0,0,0,0,0,0,0,0,0,2,2,0
1600000US5337077,5337077,"Lake Bosworth CDP, Washington",0,0,0,0,0,0,0,0,0,0,0,0,0,0,0
1600000US5337105,5337105,"Lake Cavanaugh CDP, Washington",0,0,0,0,0,0,0,0,0,0,0,0,0,0,0
1600000US5337270,5337270,"Lake Forest Park city, Washington",195,130,66,52,0,14,4,34,12,0,0,12,65,0,65
1600000US5337287,5337287,"Lake Goodwin CDP, Washington",59,36,26,10,0,0,0,10,0,0,0,0,23,7,16
1600000US5337415,5337415,"Lake Ketchum CDP, Washington",0,0,0,0,0,0,0,0,0,0,0,0,0,0,0
1600000US5337420,5337420,"Lakeland North CDP, Washington",242,162,59,103,28,9,16,50,0,0,0,0,80,28,52
1600000US5337430,5337430,"Lakeland South CDP, Washington",138,120,67,53,0,0,18,35,0,0,0,0,18,0,18
1600000US5337526,5337526,"Lake McMurray CDP, Washington",0,0,0,0,0,0,0,0,0,0,0,0,0,0,0
1600000US5337538,5337538,"Lake Marcel-Stillwater CDP, Washington",0,0,0,0,0,0,0,0,0,0,0,0,0,0,0
1600000US5337567,5337567,"Lake Morton-Berrydale CDP, Washington",81,67,20,47,0,0,0,47,0,0,0,0,14,0,14
1600000US5337672,5337672,"Lake Roesiger CDP, Washington",0,0,0,0,0,0,0,0,0,0,0,0,0,0,0
1600000US5337830,5337830,"Lake Shore CDP, Washington",45,45,0,25,0,0,0,25,20,0,0,20,0,0,0
1600000US5337900,5337900,"Lake Stevens city, Washington",30,26,8,18,0,0,0,18,0,0,0,0,4,0,4
1600000US5337926,5337926,"Lakeview CDP, Washington",0,0,0,0,0,0,0,0,0,0,0,0,0,0,0
1600000US5338038,5338038,"Lakewood city, Washington",2191,1580,548,839,162,35,190,452,193,151,9,33,611,110,501
1600000US5338215,5338215,"Lamont town, Washington",0,0,0,0,0,0,0,0,0,0,0,0,0,0,0
1600000US5338355,5338355,"Langley city, Washington",0,0,0,0,0,0,0,0,0,0,0,0,0,0,0
1600000US5338495,5338495,"Latah town, Washington",4,4,0,4,0,0,1,3,0,0,0,0,0,0,0
1600000US5338815,5338815,"Lea Hill CDP, Washington",134,63,22,41,0,0,0,41,0,0,0,0,71,0,71
1600000US5338845,5338845,"Leavenworth city, Washington",55,12,12,0,0,0,0,0,0,0,0,0,43,7,36
1600000US5338880,5338880,"Lebam CDP, Washington",14,4,4,0,0,0,0,0,0,0,0,0,10,0,10
1600000US5339212,5339212,"Lewisville CDP, Washington",45,45,2,33,0,0,2,31,10,0,0,10,0,0,0
1600000US5339335,5339335,"Liberty Lake CDP, Washington",8,8,0,8,0,0,0,8,0,0,0,0,0,0,0
1600000US5339510,5339510,"Lind town, Washington",52,32,20,12,0,0,1,11,0,0,0,0,20,5,15
1600000US5339860,5339860,"Lochsloy CDP, Washington",36,8,0,8,0,0,0,8,0,0,0,0,28,12,16
1600000US5340070,5340070,"Long Beach city, Washington",6,0,0,0,0,0,0,0,0,0,0,0,6,0,6
1600000US5340245,5340245,"Longview city, Washington",1066,523,292,231,0,0,23,208,0,0,0,0,543,49,494
1600000US5340270,5340270,"Longview Heights CDP, Washington",0,0,0,0,0,0,0,0,0,0,0,0,0,0,0
1600000US5340735,5340735,"Lyle CDP, Washington",22,22,4,18,0,0,0,18,0,0,0,0,0,0,0
1600000US5340770,5340770,"Lyman town, Washington",0,0,0,0,0,0,0,0,0,0,0,0,0,0,0
1600000US5340805,5340805,"Lynden city, Washington",184,167,56,111,0,0,50,61,0,0,0,0,17,0,17
1600000US5340840,5340840,"Lynnwood city, Washington",816,331,206,117,0,0,17,100,8,0,0,8,485,73,412
1600000US5340980,5340980,"Mabton city, Washington",1409,871,636,218,0,8,109,101,17,13,0,4,538,114,424
1600000US5341155,5341155,"McChord AFB CDP, Washington",62,52,4,48,14,4,16,14,0,0,0,0,10,7,3
1600000US5341225,5341225,"McCleary city, Washington",6,6,2,4,0,0,1,3,0,0,0,0,0,0,0
1600000US5341470,5341470,"Machias CDP, Washington",0,0,0,0,0,0,0,0,0,0,0,0,0,0,0
1600000US5342275,5342275,"Malden town, Washington",0,0,0,0,0,0,0,0,0,0,0,0,0,0,0
1600000US5342355,5342355,"Malone-Porter CDP, Washington",0,0,0,0,0,0,0,0,0,0,0,0,0,0,0
1600000US5342415,5342415,"Maltby CDP, Washington",17,12,7,0,0,0,0,0,5,0,0,5,5,5,0
1600000US5342450,5342450,"Manchester CDP, Washington",61,55,19,36,0,6,6,24,0,0,0,0,6,0,6
1600000US5342800,5342800,"Mansfield town, Washington",9,9,4,5,3,0,0,2,0,0,0,0,0,0,0
1600000US5343010,5343010,"Maple Falls CDP, Washington",0,0,0,0,0,0,0,0,0,0,0,0,0,0,0
1600000US5343062,5343062,"Maple Heights-Lake Desire CDP, Washington",2,0,0,0,0,0,0,0,0,0,0,0,2,0,2
1600000US5343150,5343150,"Maple Valley city, Washington",131,102,73,29,0,0,0,29,0,0,0,0,29,8,21
1600000US5343325,5343325,"Marblemount CDP, Washington",0,0,0,0,0,0,0,0,0,0,0,0,0,0,0
1600000US5343395,5343395,"Marcus town, Washington",0,0,0,0,0,0,0,0,0,0,0,0,0,0,0
1600000US5343491,5343491,"Marietta-Alderwood CDP, Washington",188,149,43,106,0,0,12,94,0,0,0,0,39,27,12
1600000US5343640,5343640,"Markham CDP, Washington",0,0,0,0,0,0,0,0,0,0,0,0,0,0,0
1600000US5343762,5343762,"Marrowstone CDP, Washington",6,6,0,6,0,0,0,6,0,0,0,0,0,0,0
1600000US5343815,5343815,"Martha Lake CDP, Washington",111,83,36,47,9,0,0,38,0,0,0,0,28,8,20
1600000US5343885,5343885,"Maryhill CDP, Washington",0,0,0,0,0,0,0,0,0,0,0,0,0,0,0
1600000US5343955,5343955,"Marysville city, Washington",489,246,88,132,18,16,47,51,26,0,0,26,243,45,198
1600000US5344165,5344165,"Mattawa town, Washington",1846,459,379,52,0,3,10,39,28,0,0,28,1387,127,1260
1600000US5344260,5344260,"May Creek CDP, Washington",0,0,0,0,0,0,0,0,0,0,0,0,0,0,0
1600000US5344620,5344620,"Meadow Glade CDP, Washington",0,0,0,0,0,0,0,0,0,0,0,0,0,0,0
1600000US5344690,5344690,"Medical Lake city, Washington",40,40,4,18,0,4,0,14,18,0,0,18,0,0,0
1600000US5344725,5344725,"Medina city, Washington",13,8,0,8,1,0,4,3,0,0,0,0,5,5,0
1600000US5345005,5345005,"Mercer Island city, Washington",95,75,19,39,0,6,0,33,17,0,0,17,20,13,7
1600000US5345180,5345180,"Mesa city, Washington",127,45,36,9,0,0,2,7,0,0,0,0,82,10,72
1600000US5345285,5345285,"Metaline town, Washington",0,0,0,0,0,0,0,0,0,0,0,0,0,0,0
1600000US5345320,5345320,"Metaline Falls town, Washington",0,0,0,0,0,0,0,0,0,0,0,0,0,0,0
1600000US5345495,5345495,"Midland CDP, Washington",306,207,83,114,0,13,46,55,10,0,0,10,99,7,92
1600000US5345865,5345865,"Mill Creek city, Washington",147,94,31,54,0,0,25,29,9,0,0,9,53,20,33
1600000US5345915,5345915,"Mill Plain CDP, Washington",175,34,0,34,0,0,7,27,0,0,0,0,141,38,103
1600000US5345985,5345985,"Millwood town, Washington",0,0,0,0,0,0,0,0,0,0,0,0,0,0,0
1600000US5346020,5346020,"Milton city, Washington",61,38,0,27,0,0,24,3,11,0,0,11,23,9,14
1600000US5346125,5346125,"Minnehaha CDP, Washington",114,86,47,39,0,0,0,39,0,0,0,0,28,14,14
1600000US5346215,5346215,"Mirrormont CDP, Washington",60,60,40,20,0,10,10,0,0,0,0,0,0,0,0
1600000US5346405,5346405,"Moclips CDP, Washington",66,24,9,15,0,0,0,15,0,0,0,0,42,0,42
1600000US5346685,5346685,"Monroe city, Washington",513,231,134,97,0,9,0,88,0,0,0,0,282,37,245
1600000US5346895,5346895,"Montesano city, Washington",0,0,0,0,0,0,0,0,0,0,0,0,0,0,0
1600000US5347175,5347175,"Morton city, Washington",0,0,0,0,0,0,0,0,0,0,0,0,0,0,0
1600000US5347245,5347245,"Moses Lake city, Washington",2282,1623,939,662,0,8,315,339,22,22,0,0,659,135,524
1600000US5347280,5347280,"Moses Lake North CDP, Washington",593,504,337,167,0,9,36,122,0,0,0,0,89,7,82
1600000US5347315,5347315,"Mossyrock city, Washington",13,5,3,2,0,0,0,2,0,0,0,0,8,0,8
1600000US5347490,5347490,"Mountlake Terrace city, Washington",497,278,131,135,0,11,19,105,12,12,0,0,219,47,172
1600000US5347560,5347560,"Mount Vernon city, Washington",4472,1980,1213,754,29,37,332,356,13,0,0,13,2492,400,2092
1600000US5347630,5347630,"Mount Vista CDP, Washington",33,33,11,22,0,0,22,0,0,0,0,0,0,0,0
1600000US5347665,5347665,"Moxee city, Washington",196,66,52,13,0,0,8,5,1,0,0,1,130,56,74
1600000US5347735,5347735,"Mukilteo city, Washington",242,169,41,123,9,0,19,95,5,0,0,5,73,16,57
1600000US5347805,5347805,"Naches town, Washington",42,30,0,30,0,0,0,30,0,0,0,0,12,5,7
1600000US5347980,5347980,"Napavine city, Washington",66,40,13,27,0,0,0,27,0,0,0,0,26,14,12
1600000US5348015,5348015,"Naselle CDP, Washington",2,0,0,0,0,0,0,0,0,0,0,0,2,2,0
1600000US5348225,5348225,"Navy Yard City CDP, Washington",39,39,0,32,7,0,7,18,7,7,0,0,0,0,0
1600000US5348295,5348295,"Neah Bay CDP, Washington",4,2,0,0,0,0,0,0,2,0,0,2,2,0,2
1600000US5348330,5348330,"Neilton CDP, Washington",15,11,9,2,0,0,0,2,0,0,0,0,4,3,1
1600000US5348540,5348540,"Nespelem town, Washington",4,2,0,2,2,0,0,0,0,0,0,0,2,0,2
1600000US5348550,5348550,"Nespelem Community CDP, Washington",0,0,0,0,0,0,0,0,0,0,0,0,0,0,0
1600000US5348645,5348645,"Newcastle city, Washington",212,77,73,4,0,0,0,4,0,0,0,0,135,18,117
1600000US5348820,5348820,"Newport city, Washington",18,17,12,5,0,0,2,3,0,0,0,0,1,1,0
1600000US5349193,5349193,"Nisqually Indian Community CDP, Washington",14,8,0,8,0,0,0,8,0,0,0,0,6,0,6
1600000US5349275,5349275,"Nooksack city, Washington",66,43,31,12,0,0,4,8,0,0,0,0,23,3,20
1600000US5349415,5349415,"Normandy Park city, Washington",80,80,3,77,0,0,18,59,0,0,0,0,0,0,0
1600000US5349485,5349485,"North Bend city, Washington",113,75,69,6,0,0,0,6,0,0,0,0,38,0,38
1600000US5349555,5349555,"North Bonneville city, Washington",12,0,0,0,0,0,0,0,0,0,0,0,12,0,12
1600000US5349665,5349665,"North Creek CDP, Washington",363,157,119,34,0,9,4,21,4,0,4,0,206,45,161
1600000US5349992,5349992,"North Marysville CDP, Washington",483,350,176,162,0,32,0,130,12,12,0,0,133,46,87
1600000US5350007,5350007,"North Omak CDP, Washington",114,36,26,10,10,0,0,0,0,0,0,0,78,11,67
1600000US5350045,5350045,"Northport town, Washington",23,23,0,23,0,0,1,22,0,0,0,0,0,0,0
1600000US5350175,5350175,"North Stanwood CDP, Washington",0,0,0,0,0,0,0,0,0,0,0,0,0,0,0
1600000US5350183,5350183,"North Sultan CDP, Washington",0,0,0,0,0,0,0,0,0,0,0,0,0,0,0
1600000US5350191,5350191,"Northwest Snohomish CDP, Washington",9,9,9,0,0,0,0,0,0,0,0,0,0,0,0
1600000US5350210,5350210,"North Yelm CDP, Washington",63,18,0,18,0,0,0,18,0,0,0,0,45,16,29
1600000US5350325,5350325,"Oakesdale town, Washington",0,0,0,0,0,0,0,0,0,0,0,0,0,0,0
1600000US5350360,5350360,"Oak Harbor city, Washington",546,439,114,285,40,8,67,170,40,18,0,22,107,55,52
1600000US5350430,5350430,"Oakville city, Washington",17,15,13,2,0,0,0,2,0,0,0,0,2,2,0
1600000US5350500,5350500,"Ocean City CDP, Washington",0,0,0,0,0,0,0,0,0,0,0,0,0,0,0
1600000US5350535,5350535,"Ocean Park CDP, Washington",38,11,0,11,0,0,0,11,0,0,0,0,27,0,27
1600000US5350570,5350570,"Ocean Shores city, Washington",27,21,14,7,0,0,0,7,0,0,0,0,6,6,0
1600000US5350745,5350745,"Odessa town, Washington",14,14,13,1,0,0,1,0,0,0,0,0,0,0,0
1600000US5350920,5350920,"Okanogan city, Washington",173,96,77,13,0,0,0,13,6,0,0,6,77,10,67
1600000US5351300,5351300,"Olympia city, Washington",728,587,235,311,37,38,58,178,41,14,0,27,141,57,84
1600000US5351340,5351340,"Omak city, Washington",534,305,179,126,0,0,36,90,0,0,0,0,229,54,175
1600000US5351515,5351515,"Opportunity CDP, Washington",146,110,78,32,0,0,6,26,0,0,0,0,36,8,28
1600000US5351795,5351795,"Orchards CDP, Washington",284,220,41,179,7,0,7,165,0,0,0,0,64,15,49
1600000US5351970,5351970,"Oroville city, Washington",93,45,40,4,1,0,0,3,1,0,0,1,48,9,39
1600000US5352005,5352005,"Orting city, Washington",15,10,6,4,0,0,4,0,0,0,0,0,5,5,0
1600000US5352110,5352110,"Oso CDP, Washington",0,0,0,0,0,0,0,0,0,0,0,0,0,0,0
1600000US5352215,5352215,"Othello city, Washington",2222,1158,865,286,0,35,98,153,7,0,0,7,1064,225,839
1600000US5352267,5352267,"Otis Orchards-East Farms CDP, Washington",32,32,0,32,0,0,11,21,0,0,0,0,0,0,0
1600000US5352380,5352380,"Oyehut-Hogans Corner CDP, Washington",0,0,0,0,0,0,0,0,0,0,0,0,0,0,0
1600000US5352495,5352495,"Pacific city, Washington",120,97,81,16,2,0,0,14,0,0,0,0,23,0,23
1600000US5352765,5352765,"Paine Field-Lake Stickney CDP, Washington",917,485,164,285,29,6,60,190,36,36,0,0,432,144,288
1600000US5352950,5352950,"Palouse city, Washington",23,23,7,16,0,0,0,16,0,0,0,0,0,0,0
1600000US5353335,5353335,"Parkland CDP, Washington",655,453,221,169,18,7,37,107,63,23,0,40,202,20,182
1600000US5353440,5353440,"Parkwood CDP, Washington",75,66,24,28,0,0,11,17,14,0,0,14,9,0,9
1600000US5353545,5353545,"Pasco city, Washington",12145,6303,4378,1846,5,79,578,1184,79,0,0,79,5842,976,4866
1600000US5353720,5353720,"Pateros city, Washington",164,41,38,3,0,0,3,0,0,0,0,0,123,2,121
1600000US5353800,5353800,"Peaceful Valley CDP, Washington",38,32,0,32,0,0,32,0,0,0,0,0,6,6,0
1600000US5353930,5353930,"Pe Ell town, Washington",0,0,0,0,0,0,0,0,0,0,0,0,0,0,0
1600000US5354215,5354215,"Picnic Point-North Lynnwood CDP, Washington",638,280,59,221,0,19,19,183,0,0,0,0,358,74,284
1600000US5355120,5355120,"Pomeroy city, Washington",8,3,0,3,0,0,0,3,0,0,0,0,5,5,0
1600000US5355365,5355365,"Port Angeles city, Washington",69,48,44,4,0,0,0,4,0,0,0,0,21,0,21
1600000US5355400,5355400,"Port Angeles East CDP, Washington",11,6,0,6,0,6,0,0,0,0,0,0,5,5,0
1600000US5355620,5355620,"Port Hadlock-Irondale CDP, Washington",19,19,8,11,0,0,5,6,0,0,0,0,0,0,0
1600000US5355645,5355645,"Port Ludlow CDP, Washington",0,0,0,0,0,0,0,0,0,0,0,0,0,0,0
1600000US5355785,5355785,"Port Orchard city, Washington",82,68,40,28,0,0,0,28,0,0,0,0,14,0,14
1600000US5355855,5355855,"Port Townsend city, Washington",28,13,5,8,0,0,5,3,0,0,0,0,15,15,0
1600000US5355995,5355995,"Poulsbo city, Washington",127,71,33,28,0,0,10,18,10,0,0,10,56,0,56
1600000US5356170,5356170,"Prairie Ridge CDP, Washington",107,81,49,32,0,7,0,25,0,0,0,0,26,0,26
1600000US5356240,5356240,"Prescott town, Washington",12,12,7,5,0,0,2,3,0,0,0,0,0,0,0
1600000US5356304,5356304,"Priest Point CDP, Washington",0,0,0,0,0,0,0,0,0,0,0,0,0,0,0
1600000US5356450,5356450,"Prosser city, Washington",779,501,437,64,0,0,46,18,0,0,0,0,278,126,152
1600000US5356625,5356625,"Pullman city, Washington",336,242,66,145,15,19,11,100,31,31,0,0,94,60,34
1600000US5356695,5356695,"Puyallup city, Washington",622,470,185,260,46,20,19,175,25,25,0,0,152,42,110
1600000US5356975,5356975,"Quilcene CDP, Washington",14,7,3,4,0,0,0,4,0,0,0,0,7,0,7
1600000US5357115,5357115,"Quincy city, Washington",1631,711,455,256,0,0,77,179,0,0,0,0,920,86,834
1600000US5357220,5357220,"Rainier town, Washington",8,8,3,5,0,0,0,5,0,0,0,0,0,0,0
1600000US5357395,5357395,"Ravensdale CDP, Washington",0,0,0,0,0,0,0,0,0,0,0,0,0,0,0
1600000US5357430,5357430,"Raymond city, Washington",111,27,27,0,0,0,0,0,0,0,0,0,84,13,71
1600000US5357465,5357465,"Reardan town, Washington",0,0,0,0,0,0,0,0,0,0,0,0,0,0,0
1600000US5357535,5357535,"Redmond city, Washington",988,369,151,189,0,30,29,130,29,15,0,14,619,60,559
1600000US5357745,5357745,"Renton city, Washington",2041,880,495,385,9,40,85,251,0,0,0,0,1161,117,1044
1600000US5357850,5357850,"Republic city, Washington",3,0,0,0,0,0,0,0,0,0,0,0,3,0,3
1600000US5358235,5358235,"Richland city, Washington",786,574,392,171,0,7,29,135,11,5,0,6,212,120,92
1600000US5358410,5358410,"Ridgefield city, Washington",0,0,0,0,0,0,0,0,0,0,0,0,0,0,0
1600000US5358725,5358725,"Ritzville city, Washington",21,17,9,0,0,0,0,0,8,8,0,0,4,0,4
1600000US5358742,5358742,"Riverbend CDP, Washington",15,15,15,0,0,0,0,0,0,0,0,0,0,0,0
1600000US5358777,5358777,"River Road CDP, Washington",0,0,0,0,0,0,0,0,0,0,0,0,0,0,0
1600000US5358795,5358795,"Riverside town, Washington",10,9,7,2,0,0,0,2,0,0,0,0,1,1,0
1600000US5358878,5358878,"Riverton-Boulevard Park CDP, Washington",1197,595,452,143,0,0,33,110,0,0,0,0,602,43,559
1600000US5359110,5359110,"Rochester CDP, Washington",176,78,73,5,0,0,0,5,0,0,0,0,98,0,98
1600000US5359145,5359145,"Rockford town, Washington",0,0,0,0,0,0,0,0,0,0,0,0,0,0,0
1600000US5359180,5359180,"Rock Island city, Washington",213,101,91,10,0,2,0,8,0,0,0,0,112,46,66
1600000US5359250,5359250,"Rockport CDP, Washington",0,0,0,0,0,0,0,0,0,0,0,0,0,0,0
1600000US5359635,5359635,"Ronald CDP, Washington",0,0,0,0,0,0,0,0,0,0,0,0,0,0,0
1600000US5359705,5359705,"Roosevelt CDP, Washington",27,8,8,0,0,0,0,0,0,0,0,0,19,0,19
1600000US5359775,5359775,"Rosalia town, Washington",0,0,0,0,0,0,0,0,0,0,0,0,0,0,0
1600000US5360055,5360055,"Roslyn city, Washington",0,0,0,0,0,0,0,0,0,0,0,0,0,0,0
1600000US5360160,5360160,"Roy city, Washington",10,10,6,4,0,0,4,0,0,0,0,0,0,0,0
1600000US5360230,5360230,"Royal City city, Washington",552,226,173,49,0,0,20,29,4,0,0,4,326,58,268
1600000US5360510,5360510,"Ruston town, Washington",5,5,2,3,0,0,0,3,0,0,0,0,0,0,0
1600000US5360860,5360860,"St. John town, Washington",0,0,0,0,0,0,0,0,0,0,0,0,0,0,0
1600000US5361000,5361000,"Salmon Creek CDP, Washington",102,76,0,68,0,26,0,42,8,0,0,8,26,26,0
1600000US5361115,5361115,"Sammamish city, Washington",255,203,49,149,22,0,26,101,5,5,0,0,52,19,33
1600000US5361350,5361350,"Satsop CDP, Washington",0,0,0,0,0,0,0,0,0,0,0,0,0,0,0
1600000US5361385,5361385,"Satus CDP, Washington",211,138,60,78,0,15,55,8,0,0,0,0,73,26,47
1600000US5362288,5362288,"SeaTac city, Washington",1725,658,316,328,15,36,17,260,14,6,0,8,1067,103,964
1600000US5363000,5363000,"Seattle city, Washington",12996,6989,3170,3578,291,327,869,2091,241,127,0,114,6007,1484,4523
1600000US5363052,5363052,"Seattle Hill-Silver Firs CDP, Washington",417,288,146,130,0,20,25,85,12,0,0,12,129,61,68
1600000US5363210,5363210,"Sedro-Woolley city, Washington",252,114,82,15,0,0,5,10,17,11,0,6,138,17,121
1600000US5363280,5363280,"Selah city, Washington",397,225,123,102,0,16,11,75,0,0,0,0,172,100,72
1600000US5363385,5363385,"Sequim city, Washington",72,41,7,34,4,0,6,24,0,0,0,0,31,0,31
1600000US5363550,5363550,"Shaker Church CDP, Washington",0,0,0,0,0,0,0,0,0,0,0,0,0,0,0
1600000US5363735,5363735,"Shelton city, Washington",514,216,89,105,0,0,13,92,22,0,0,22,298,28,270
1600000US5363960,5363960,"Shoreline city, Washington",996,457,219,238,15,34,45,144,0,0,0,0,539,116,423
1600000US5364190,5364190,"Silvana CDP, Washington",0,0,0,0,0,0,0,0,0,0,0,0,0,0,0
1600000US5364365,5364365,"Silverdale CDP, Washington",267,214,19,167,0,41,41,85,28,0,0,28,53,18,35
1600000US5364775,5364775,"Skokomish CDP, Washington",0,0,0,0,0,0,0,0,0,0,0,0,0,0,0
1600000US5364855,5364855,"Skykomish town, Washington",0,0,0,0,0,0,0,0,0,0,0,0,0,0,0
1600000US5364995,5364995,"Smokey Point CDP, Washington",37,23,11,12,0,0,0,12,0,0,0,0,14,14,0
1600000US5365170,5365170,"Snohomish city, Washington",112,74,54,20,0,0,9,11,0,0,0,0,38,4,34
1600000US5365205,5365205,"Snoqualmie city, Washington",23,6,6,0,0,0,0,0,0,0,0,0,17,0,17
1600000US5365275,5365275,"Snoqualmie Pass CDP, Washington",2,2,0,2,0,0,2,0,0,0,0,0,0,0,0
1600000US5365345,5365345,"Soap Lake city, Washington",110,61,36,25,0,0,5,20,0,0,0,0,49,0,49
1600000US5365625,5365625,"South Bend city, Washington",68,34,9,25,0,0,0,25,0,0,0,0,34,12,22
1600000US5365765,5365765,"South Cle Elum town, Washington",0,0,0,0,0,0,0,0,0,0,0,0,0,0,0
1600000US5365922,5365922,"South Hill CDP, Washington",493,298,140,158,13,5,47,93,0,0,0,0,195,69,126
1600000US5366045,5366045,"South Prairie town, Washington",0,0,0,0,0,0,0,0,0,0,0,0,0,0,0
1600000US5366185,5366185,"South Wenatchee CDP, Washington",562,220,150,45,0,0,0,45,25,0,0,25,342,33,309
1600000US5366255,5366255,"Spanaway CDP, Washington",552,416,146,237,26,10,63,138,33,0,0,33,136,16,120
1600000US5366290,5366290,"Spangle town, Washington",3,3,3,0,0,0,0,0,0,0,0,0,0,0,0
1600000US5367000,5367000,"Spokane city, Washington",1502,1267,553,637,48,57,106,426,77,45,23,9,235,98,137
1600000US5367175,5367175,"Sprague city, Washington",9,4,0,4,0,0,3,1,0,0,0,0,5,1,4
1600000US5367210,5367210,"Springdale town, Washington",2,2,0,0,0,0,0,0,2,0,2,0,0,0,0
1600000US5367455,5367455,"Stanwood city, Washington",145,91,52,39,0,0,0,39,0,0,0,0,54,9,45
1600000US5367490,5367490,"Starbuck town, Washington",0,0,0,0,0,0,0,0,0,0,0,0,0,0,0
1600000US5367595,5367595,"Startup CDP, Washington",3,3,3,0,0,0,0,0,0,0,0,0,0,0,0
1600000US5367770,5367770,"Steilacoom town, Washington",146,137,23,95,0,25,43,27,19,0,0,19,9,0,9
1600000US5367875,5367875,"Stevenson city, Washington",12,12,0,12,0,0,0,12,0,0,0,0,0,0,0
1600000US5368025,5368025,"Stimson Crossing CDP, Washington",0,0,0,0,0,0,0,0,0,0,0,0,0,0,0
1600000US5368200,5368200,"Sudden Valley CDP, Washington",10,10,0,10,0,10,0,0,0,0,0,0,0,0,0
1600000US5368260,5368260,"Sultan city, Washington",0,0,0,0,0,0,0,0,0,0,0,0,0,0,0
1600000US5368330,5368330,"Sumas city, Washington",32,21,10,11,0,0,2,9,0,0,0,0,11,3,8
1600000US5368365,5368365,"Summit CDP, Washington",96,59,35,24,0,0,10,14,0,0,0,0,37,0,37
1600000US5368417,5368417,"Summitview CDP, Washington",23,12,0,12,0,0,12,0,0,0,0,0,11,0,11
1600000US5368435,5368435,"Sumner city, Washington",162,52,35,17,0,0,0,17,0,0,0,0,110,5,105
1600000US5368750,5368750,"Sunnyside city, Washington",7338,3992,3106,825,0,28,353,444,61,41,0,20,3346,576,2770
1600000US5368785,5368785,"Sunnyslope CDP, Washington",145,109,76,33,0,0,7,26,0,0,0,0,36,36,0
1600000US5369170,5369170,"Suquamish CDP, Washington",50,43,13,30,0,17,2,11,0,0,0,0,7,4,3
1600000US5370000,5370000,"Tacoma city, Washington",5202,2884,1483,1101,137,89,252,623,300,208,6,86,2318,413,1905
1600000US5370175,5370175,"Taholah CDP, Washington",2,2,0,2,0,0,0,2,0,0,0,0,0,0,0
1600000US5370297,5370297,"Tanglewilde-Thompson Place CDP, Washington",247,196,77,90,8,0,32,50,29,11,0,18,51,11,40
1600000US5370315,5370315,"Tanner CDP, Washington",17,9,0,9,0,9,0,0,0,0,0,0,8,0,8
1600000US5370560,5370560,"Tekoa city, Washington",2,2,2,0,0,0,0,0,0,0,0,0,0,0,0
1600000US5370630,5370630,"Tenino city, Washington",7,6,4,1,0,0,0,1,1,0,0,1,1,0,1
1600000US5370805,5370805,"Terrace Heights CDP, Washington",336,183,124,48,7,0,24,17,11,0,0,11,153,60,93
1600000US5371225,5371225,"Thorp CDP, Washington",8,0,0,0,0,0,0,0,0,0,0,0,8,0,8
1600000US5371330,5371330,"Three Lakes CDP, Washington",8,8,8,0,0,0,0,0,0,0,0,0,0,0,0
1600000US5371400,5371400,"Tieton town, Washington",456,200,121,77,0,4,0,73,2,0,0,2,256,40,216
1600000US5371680,5371680,"Tokeland CDP, Washington",0,0,0,0,0,0,0,0,0,0,0,0,0,0,0
1600000US5371785,5371785,"Toledo city, Washington",6,4,0,2,0,0,0,2,2,0,0,2,2,0,2
1600000US5371890,5371890,"Tonasket city, Washington",59,21,17,4,0,0,0,4,0,0,0,0,38,11,27
1600000US5371960,5371960,"Toppenish city, Washington",5127,2879,2153,726,0,70,319,337,0,0,0,0,2248,475,1773
1600000US5372030,5372030,"Touchet CDP, Washington",29,10,10,0,0,0,0,0,0,0,0,0,19,6,13
1600000US5372170,5372170,"Town and Country CDP, Washington",98,53,17,36,0,0,14,22,0,0,0,0,45,28,17
1600000US5372205,5372205,"Tracyton CDP, Washington",124,95,39,56,0,18,13,25,0,0,0,0,29,8,21
1600000US5372310,5372310,"Trentwood CDP, Washington",21,21,13,8,0,0,5,3,0,0,0,0,0,0,0
1600000US5372450,5372450,"Trout Lake CDP, Washington",10,0,0,0,0,0,0,0,0,0,0,0,10,0,10
1600000US5372625,5372625,"Tukwila city, Washington",1348,443,209,227,0,14,54,159,7,0,0,7,905,160,745
1600000US5372705,5372705,"Tulalip Bay CDP, Washington",8,5,2,3,0,0,3,0,0,0,0,0,3,3,0
1600000US5372905,5372905,"Tumwater city, Washington",138,109,44,59,0,6,15,38,6,0,0,6,29,0,29
1600000US5373080,5373080,"Twisp town, Washington",19,3,1,2,0,0,2,0,0,0,0,0,16,0,16
1600000US5373290,5373290,"Union Gap city, Washington",1184,614,422,178,0,12,29,137,14,0,0,14,570,141,429
1600000US5373307,5373307,"Union Hill-Novelty Hill CDP, Washington",177,61,10,51,0,0,0,51,0,0,0,0,116,19,97
1600000US5373360,5373360,"Uniontown town, Washington",2,0,0,0,0,0,0,0,0,0,0,0,2,2,0
1600000US5373465,5373465,"University Place city, Washington",342,226,88,138,9,0,57,72,0,0,0,0,116,65,51
1600000US5373780,5373780,"Vader city, Washington",9,9,0,9,0,0,0,9,0,0,0,0,0,0,0
1600000US5374060,5374060,"Vancouver city, Washington",4526,2193,836,1289,13,58,205,1013,68,0,0,68,2333,490,1843
1600000US5374200,5374200,"Vantage CDP, Washington",0,0,0,0,0,0,0,0,0,0,0,0,0,0,0
1600000US5374305,5374305,"Vashon CDP, Washington",132,42,33,9,0,0,0,9,0,0,0,0,90,14,76
1600000US5374585,5374585,"Venersborg CDP, Washington",39,25,0,25,0,0,0,25,0,0,0,0,14,0,14
1600000US5374725,5374725,"Veradale CDP, Washington",66,66,0,66,0,0,0,66,0,0,0,0,0,0,0
1600000US5374760,5374760,"Verlot CDP, Washington",0,0,0,0,0,0,0,0,0,0,0,0,0,0,0
1600000US5375565,5375565,"Waitsburg city, Washington",10,7,7,0,0,0,0,0,0,0,0,0,3,3,0
1600000US5375775,5375775,"Walla Walla city, Washington",2286,1233,647,516,5,40,115,356,70,0,0,70,1053,290,763
1600000US5375810,5375810,"Walla Walla East CDP, Washington",75,7,7,0,0,0,0,0,0,0,0,0,68,0,68
1600000US5375905,5375905,"Waller CDP, Washington",142,45,41,4,0,0,0,4,0,0,0,0,97,8,89
1600000US5375985,5375985,"Wallula CDP, Washington",27,27,8,19,0,0,11,8,0,0,0,0,0,0,0
1600000US5376055,5376055,"Walnut Grove CDP, Washington",56,36,11,25,0,0,7,18,0,0,0,0,20,0,20
1600000US5376125,5376125,"Wapato city, Washington",2759,1637,1289,287,0,0,87,200,61,0,0,61,1122,396,726
1600000US5376160,5376160,"Warden city, Washington",1478,870,586,266,0,8,153,105,18,0,0,18,608,214,394
1600000US5376195,5376195,"Warm Beach CDP, Washington",0,0,0,0,0,0,0,0,0,0,0,0,0,0,0
1600000US5376405,5376405,"Washougal city, Washington",64,9,0,9,0,0,9,0,0,0,0,0,55,24,31
1600000US5376440,5376440,"Washtucna town, Washington",0,0,0,0,0,0,0,0,0,0,0,0,0,0,0
1600000US5376510,5376510,"Waterville town, Washington",65,23,23,0,0,0,0,0,0,0,0,0,42,8,34
1600000US5376720,5376720,"Waverly town, Washington",0,0,0,0,0,0,0,0,0,0,0,0,0,0,0
1600000US5376800,5376800,"Weallup Lake CDP, Washington",7,4,0,4,0,0,0,4,0,0,0,0,3,0,3
1600000US5377105,5377105,"Wenatchee city, Washington",3704,1581,1129,452,0,48,83,321,0,0,0,0,2123,581,1542
1600000US5377297,5377297,"West Clarkston-Highland CDP, Washington",41,41,0,41,0,0,0,41,0,0,0,0,0,0,0
1600000US5377535,5377535,"West Lake Sammamish CDP, Washington",6,6,0,6,0,0,0,6,0,0,0,0,0,0,0
1600000US5377542,5377542,"West Lake Stevens CDP, Washington",396,329,115,214,0,35,72,107,0,0,0,0,67,45,22
1600000US5377547,5377547,"West Longview CDP, Washington",0,0,0,0,0,0,0,0,0,0,0,0,0,0,0
1600000US5377612,5377612,"West Pasco CDP, Washington",220,153,112,41,0,0,12,29,0,0,0,0,67,20,47
1600000US5377630,5377630,"Westport city, Washington",13,8,0,8,0,0,0,8,0,0,0,0,5,3,2
1600000US5377665,5377665,"West Richland city, Washington",136,67,30,37,0,0,0,37,0,0,0,0,69,12,57
1600000US5377745,5377745,"West Side Highway CDP, Washington",72,54,37,17,0,0,0,17,0,0,0,0,18,0,18
1600000US5377885,5377885,"West Valley CDP, Washington",363,277,201,76,0,6,8,62,0,0,0,0,86,56,30
1600000US5377910,5377910,"West Wenatchee CDP, Washington",55,25,25,0,0,0,0,0,0,0,0,0,30,30,0
1600000US5378225,5378225,"White Center CDP, Washington",1335,569,254,303,0,57,28,218,12,12,0,0,766,107,659
1600000US5378330,5378330,"White Salmon city, Washington",343,125,68,57,0,0,16,41,0,0,0,0,218,54,164
1600000US5378365,5378365,"White Swan CDP, Washington",145,78,75,3,0,0,0,3,0,0,0,0,67,15,52
1600000US5378680,5378680,"Wilbur town, Washington",4,4,2,2,0,0,2,0,0,0,0,0,0,0,0
1600000US5378925,5378925,"Wilkeson town, Washington",0,0,0,0,0,0,0,0,0,0,0,0,0,0,0
1600000US5379135,5379135,"Wilson Creek town, Washington",0,0,0,0,0,0,0,0,0,0,0,0,0,0,0
1600000US5379275,5379275,"Winlock city, Washington",63,26,17,9,0,0,0,9,0,0,0,0,37,4,33
1600000US5379380,5379380,"Winthrop town, Washington",0,0,0,0,0,0,0,0,0,0,0,0,0,0,0
1600000US5379485,5379485,"Wishram CDP, Washington",11,11,0,11,0,0,3,8,0,0,0,0,0,0,0
1600000US5379590,5379590,"Woodinville city, Washington",330,80,59,21,0,6,0,15,0,0,0,0,250,42,208
1600000US5379625,5379625,"Woodland city, Washington",50,32,0,16,0,0,7,9,16,0,0,16,18,18,0
1600000US5379825,5379825,"Woods Creek CDP, Washington",25,5,0,5,0,0,5,0,0,0,0,0,20,20,0
1600000US5379835,5379835,"Woodway city, Washington",9,4,2,2,0,0,2,0,0,0,0,0,5,2,3
1600000US5379975,5379975,"Yacolt town, Washington",8,8,7,1,0,0,0,1,0,0,0,0,0,0,0
1600000US5380010,5380010,"Yakima city, Washington",16032,8464,6109,2262,34,83,519,1626,93,17,0,76,7568,1639,5929
1600000US5380150,5380150,"Yarrow Point town, Washington",4,1,0,1,0,0,0,1,0,0,0,0,3,0,3
1600000US5380220,5380220,"Yelm city, Washington",21,17,0,17,0,8,3,6,0,0,0,0,4,0,4
1600000US5380500,5380500,"Zillah city, Washington",372,255,200,49,3,5,23,18,6,0,0,6,117,57,60
