GEO.id,GEO.id2,GEO.display-label,VD01,VD02,VD03,VD04,VD05,VD06,VD07,VD08,VD09,VD10,VD11,VD12,VD13,VD14,VD15
Id,Id2,Geography,Total:,Native:,Native: - Born in state of residence,Native: - Born in other state in the United States:,Native: - Born in other state in the United States: - Northeast,Native: - Born in other state in the United States: - Midwest,Native: - Born in other state in the United States: - South,Native: - Born in other state in the United States: - West,Native: - Born outside the United States:,Native: - Born outside the United States: - Puerto Rico,Native: - Born outside the United States: - U.S. Island Areas,Native: - Born outside the United States: - Born abroad of American parent(s),Foreign born:,Foreign born: - Naturalized citizen,Foreign born: - Not a citizen
0500000US53033,53033,"King County, Washington",95250,55985,26746,27358,2049,2095,4629,18585,1881,769,61,1051,39265,8655,30610
1400000US53033000100,53033000100,"Census Tract 1, King County, Washington",500,266,111,143,0,0,17,126,12,12,0,0,234,28,206
1400000US53033000200,53033000200,"Census Tract 2, King County, Washington",393,252,106,146,37,11,0,98,0,0,0,0,141,42,99
1400000US53033000300,53033000300,"Census Tract 3, King County, Washington",119,108,44,64,0,12,21,31,0,0,0,0,11,7,4
1400000US53033000401,53033000401,"Census Tract 4.01, King County, Washington",322,198,112,60,0,29,0,31,26,8,0,18,124,27,97
1400000US53033000402,53033000402,"Census Tract 4.02, King County, Washington",229,131,23,98,12,11,31,44,10,10,0,0,98,29,69
1400000US53033000500,53033000500,"Census Tract 5, King County, Washington",84,49,26,23,6,0,0,17,0,0,0,0,35,18,17
1400000US53033000600,53033000600,"Census Tract 6, King County, Washington",492,202,77,125,10,0,37,78,0,0,0,0,290,90,200
1400000US53033000700,53033000700,"Census Tract 7, King County, Washington",307,210,62,148,53,11,19,65,0,0,0,0,97,11,86
1400000US53033000800,53033000800,"Census Tract 8, King County, Washington",99,59,35,19,0,0,8,11,5,0,0,5,40,25,15
1400000US53033000900,53033000900,"Census Tract 9, King County, Washington",39,39,9,30,0,0,6,24,0,0,0,0,0,0,0
1400000US53033001000,53033001000,"Census Tract 10, King County, Washington",93,80,44,36,0,0,0,36,0,0,0,0,13,10,3
1400000US53033001100,53033001100,"Census Tract 11, King County, Washington",63,57,43,14,0,0,3,11,0,0,0,0,6,0,6
1400000US53033001200,53033001200,"Census Tract 12, King County, Washington",356,187,95,92,13,14,12,53,0,0,0,0,169,58,111
1400000US53033001300,53033001300,"Census Tract 13, King County, Washington",380,227,108,105,39,0,32,34,14,0,0,14,153,50,103
1400000US53033001400,53033001400,"Census Tract 14, King County, Washington",244,188,95,93,0,0,0,93,0,0,0,0,56,31,25
1400000US53033001500,53033001500,"Census Tract 15, King County, Washington",91,79,46,28,0,0,0,28,5,0,0,5,12,0,12
1400000US53033001600,53033001600,"Census Tract 16, King County, Washington",60,34,0,34,0,9,17,8,0,0,0,0,26,21,5
1400000US53033001700,53033001700,"Census Tract 17, King County, Washington",415,241,120,117,8,8,19,82,4,0,0,4,174,39,135
1400000US53033001800,53033001800,"Census Tract 18, King County, Washington",303,142,81,56,13,0,6,37,5,0,0,5,161,34,127
1400000US53033001900,53033001900,"Census Tract 19, King County, Washington",80,62,25,37,6,0,0,31,0,0,0,0,18,0,18
1400000US53033002000,53033002000,"Census Tract 20, King County, Washington",116,86,53,33,7,0,6,20,0,0,0,0,30,6,24
1400000US53033002100,53033002100,"Census Tract 21, King County, Washington",108,89,42,41,0,0,0,41,6,0,0,6,19,19,0
1400000US53033002200,53033002200,"Census Tract 22, King County, Washington",224,134,81,47,0,0,16,31,6,0,0,6,90,41,49
1400000US53033002400,53033002400,"Census Tract 24, King County, Washington",47,26,8,18,4,0,0,14,0,0,0,0,21,16,5
1400000US53033002500,53033002500,"Census Tract 25, King County, Washington",121,77,32,45,7,11,0,27,0,0,0,0,44,19,25
1400000US53033002600,53033002600,"Census Tract 26, King County, Washington",151,132,53,79,0,6,15,58,0,0,0,0,19,11,8
1400000US53033002700,53033002700,"Census Tract 27, King County, Washington",135,92,30,62,0,0,0,62,0,0,0,0,43,18,25
1400000US53033002800,53033002800,"Census Tract 28, King County, Washington",140,101,37,64,0,9,7,48,0,0,0,0,39,8,31
1400000US53033002900,53033002900,"Census Tract 29, King County, Washington",118,76,34,42,8,9,10,15,0,0,0,0,42,32,10
1400000US53033003000,53033003000,"Census Tract 30, King County, Washington",221,153,26,127,19,0,24,84,0,0,0,0,68,18,50
1400000US53033003100,53033003100,"Census Tract 31, King County, Washington",191,153,79,70,14,9,8,39,4,0,0,4,38,17,21
1400000US53033003200,53033003200,"Census Tract 32, King County, Washington",257,137,90,47,16,0,12,19,0,0,0,0,120,16,104
1400000US53033003300,53033003300,"Census Tract 33, King County, Washington",283,215,66,149,0,28,54,67,0,0,0,0,68,15,53
1400000US53033003400,53033003400,"Census Tract 34, King County, Washington",71,60,13,38,0,0,0,38,9,0,0,9,11,4,7
1400000US53033003500,53033003500,"Census Tract 35, King County, Washington",124,106,51,55,9,0,13,33,0,0,0,0,18,18,0
1400000US53033003600,53033003600,"Census Tract 36, King County, Washington",115,92,32,60,0,17,22,21,0,0,0,0,23,7,16
1400000US53033003800,53033003800,"Census Tract 38, King County, Washington",49,16,16,0,0,0,0,0,0,0,0,0,33,33,0
1400000US53033003900,53033003900,"Census Tract 39, King County, Washington",71,61,10,42,11,0,10,21,9,9,0,0,10,10,0
1400000US53033004000,53033004000,"Census Tract 40, King County, Washington",24,24,24,0,0,0,0,0,0,0,0,0,0,0,0
1400000US53033004100,53033004100,"Census Tract 41, King County, Washington",146,46,18,28,0,11,6,11,0,0,0,0,100,36,64
1400000US53033004200,53033004200,"Census Tract 42, King County, Washington",182,139,59,52,0,5,0,47,28,0,0,28,43,14,29
1400000US53033004300,53033004300,"Census Tract 43, King County, Washington",236,189,73,114,2,15,7,90,2,2,0,0,47,21,26
1400000US53033004400,53033004400,"Census Tract 44, King County, Washington",260,152,45,107,0,0,0,107,0,0,0,0,108,43,65
1400000US53033004500,53033004500,"Census Tract 45, King County, Washington",68,61,17,40,6,0,5,29,4,4,0,0,7,7,0
1400000US53033004600,53033004600,"Census Tract 46, King County, Washington",142,106,54,49,16,3,0,30,3,0,0,3,36,23,13
1400000US53033004700,53033004700,"Census Tract 47, King County, Washington",311,198,71,115,7,10,8,90,12,0,0,12,113,60,53
1400000US53033004800,53033004800,"Census Tract 48, King County, Washington",185,116,25,72,15,20,22,15,19,0,0,19,69,26,43
1400000US53033004900,53033004900,"Census Tract 49, King County, Washington",175,134,47,80,14,19,9,38,7,0,0,7,41,22,19
1400000US53033005000,53033005000,"Census Tract 50, King County, Washington",143,114,49,59,5,0,29,25,6,0,0,6,29,10,19
1400000US53033005100,53033005100,"Census Tract 51, King County, Washington",111,87,16,48,11,6,12,19,23,7,0,16,24,9,15
1400000US53033005200,53033005200,"Census Tract 52, King County, Washington",181,146,41,99,7,10,8,74,6,0,0,6,35,14,21
1400000US53033005301,53033005301,"Census Tract 53.01, King County, Washington",332,223,74,121,8,0,52,61,28,0,0,28,109,7,102
1400000US53033005302,53033005302,"Census Tract 53.02, King County, Washington",105,105,55,45,12,9,0,24,5,0,0,5,0,0,0
1400000US53033005400,53033005400,"Census Tract 54, King County, Washington",153,128,53,75,17,12,0,46,0,0,0,0,25,25,0
1400000US53033005600,53033005600,"Census Tract 56, King County, Washington",136,110,54,49,17,13,6,13,7,7,0,0,26,26,0
1400000US53033005700,53033005700,"Census Tract 57, King County, Washington",197,155,62,93,8,15,28,42,0,0,0,0,42,25,17
1400000US53033005801,53033005801,"Census Tract 58.01, King County, Washington",174,108,58,50,0,0,0,50,0,0,0,0,66,0,66
1400000US53033005802,53033005802,"Census Tract 58.02, King County, Washington",257,174,36,113,20,0,52,41,25,25,0,0,83,24,59
1400000US53033005900,53033005900,"Census Tract 59, King County, Washington",195,170,70,94,7,11,13,63,6,0,0,6,25,0,25
1400000US53033006000,53033006000,"Census Tract 60, King County, Washington",167,131,38,87,0,7,11,69,6,6,0,0,36,28,8
1400000US53033006100,53033006100,"Census Tract 61, King County, Washington",155,138,53,85,14,0,0,71,0,0,0,0,17,0,17
1400000US53033006200,53033006200,"Census Tract 62, King County, Washington",82,65,24,25,6,0,4,15,16,10,0,6,17,5,12
1400000US53033006300,53033006300,"Census Tract 63, King County, Washington",104,71,30,41,0,10,0,31,0,0,0,0,33,26,7
1400000US53033006400,53033006400,"Census Tract 64, King County, Washington",85,71,47,17,0,0,0,17,7,0,0,7,14,14,0
1400000US53033006500,53033006500,"Census Tract 65, King County, Washington",125,90,41,39,6,13,10,10,10,3,0,7,35,10,25
1400000US53033006600,53033006600,"Census Tract 66, King County, Washington",116,72,11,50,22,0,14,14,11,0,11,0,44,11,33
1400000US53033006700,53033006700,"Census Tract 67, King County, Washington",158,114,32,82,10,10,30,32,0,0,0,0,44,34,10
1400000US53033006800,53033006800,"Census Tract 68, King County, Washington",48,36,8,28,0,10,0,18,0,0,0,0,12,0,12
1400000US53033006900,53033006900,"Census Tract 69, King County, Washington",75,70,17,53,26,0,0,27,0,0,0,0,5,5,0
1400000US53033007000,53033007000,"Census Tract 70, King County, Washington",217,141,18,115,38,8,16,53,8,0,0,8,76,11,65
1400000US53033007100,53033007100,"Census Tract 71, King County, Washington",90,72,7,65,0,0,46,19,0,0,0,0,18,0,18
1400000US53033007200,53033007200,"Census Tract 72, King County, Washington",142,106,8,74,7,6,6,55,24,8,0,16,36,8,28
1400000US53033007300,53033007300,"Census Tract 73, King County, Washington",165,124,44,80,0,11,12,57,0,0,0,0,41,14,27
1400000US53033007400,53033007400,"Census Tract 74, King County, Washington",540,371,98,252,47,32,15,158,21,21,0,0,169,40,129
1400000US53033007500,53033007500,"Census Tract 75, King County, Washington",266,210,54,97,18,0,18,61,59,41,0,18,56,47,9
1400000US53033007600,53033007600,"Census Tract 76, King County, Washington",118,104,47,57,0,6,9,42,0,0,0,0,14,0,14
1400000US53033007700,53033007700,"Census Tract 77, King County, Washington",177,96,28,58,0,15,26,17,10,0,0,10,81,8,73
1400000US53033007800,53033007800,"Census Tract 78, King County, Washington",65,65,0,65,0,0,30,35,0,0,0,0,0,0,0
1400000US53033007900,53033007900,"Census Tract 79, King County, Washington",324,101,24,63,3,0,21,39,14,0,0,14,223,7,216
1400000US53033008001,53033008001,"Census Tract 80.01, King County, Washington",181,105,41,48,0,0,9,39,16,0,0,16,76,21,55
1400000US53033008002,53033008002,"Census Tract 80.02, King County, Washington",97,51,7,44,0,0,22,22,0,0,0,0,46,46,0
1400000US53033008100,53033008100,"Census Tract 81, King County, Washington",274,208,58,138,36,14,21,67,12,12,0,0,66,43,23
1400000US53033008200,53033008200,"Census Tract 82, King County, Washington",185,77,16,54,7,20,0,27,7,0,0,7,108,16,92
1400000US53033008300,53033008300,"Census Tract 83, King County, Washington",115,65,19,40,0,0,6,34,6,0,0,6,50,0,50
1400000US53033008400,53033008400,"Census Tract 84, King County, Washington",182,129,17,106,11,22,18,55,6,0,0,6,53,23,30
1400000US53033008500,53033008500,"Census Tract 85, King County, Washington",459,209,80,128,0,8,32,88,1,0,0,1,250,15,235
1400000US53033008600,53033008600,"Census Tract 86, King County, Washington",344,170,47,114,3,0,37,74,9,0,0,9,174,19,155
1400000US53033008700,53033008700,"Census Tract 87, King County, Washington",469,159,116,43,9,5,5,24,0,0,0,0,310,53,257
1400000US53033008800,53033008800,"Census Tract 88, King County, Washington",277,90,78,12,0,0,1,11,0,0,0,0,187,61,126
1400000US53033008900,53033008900,"Census Tract 89, King County, Washington",287,124,76,48,0,0,17,31,0,0,0,0,163,52,111
1400000US53033009000,53033009000,"Census Tract 90, King County, Washington",331,146,115,17,0,0,0,17,14,9,0,5,185,10,175
1400000US53033009100,53033009100,"Census Tract 91, King County, Washington",38,7,0,7,0,0,0,7,0,0,0,0,31,13,18
1400000US53033009200,53033009200,"Census Tract 92, King County, Washington",212,76,6,41,5,5,11,20,29,29,0,0,136,8,128
1400000US53033009300,53033009300,"Census Tract 93, King County, Washington",255,125,59,66,0,28,23,15,0,0,0,0,130,41,89
1400000US53033009400,53033009400,"Census Tract 94, King County, Washington",606,362,244,94,0,36,0,58,24,0,0,24,244,77,167
1400000US53033009500,53033009500,"Census Tract 95, King County, Washington",180,119,84,35,0,7,0,28,0,0,0,0,61,14,47
1400000US53033009600,53033009600,"Census Tract 96, King County, Washington",171,131,9,122,0,22,25,75,0,0,0,0,40,20,20
1400000US53033009701,53033009701,"Census Tract 97.01, King County, Washington",172,132,53,79,10,0,35,34,0,0,0,0,40,9,31
1400000US53033009702,53033009702,"Census Tract 97.02, King County, Washington",160,125,28,60,0,31,9,20,37,27,0,10,35,0,35
1400000US53033009800,53033009800,"Census Tract 98, King County, Washington",208,168,82,67,0,9,0,58,19,0,10,9,40,23,17
1400000US53033009900,53033009900,"Census Tract 99, King County, Washington",363,159,65,94,23,6,9,56,0,0,0,0,204,9,195
1400000US53033010000,53033010000,"Census Tract 100, King County, Washington",901,402,225,167,5,5,9,148,10,10,0,0,499,38,461
1400000US53033010100,53033010100,"Census Tract 101, King County, Washington",446,297,166,131,53,12,42,24,0,0,0,0,149,8,141
1400000US53033010200,53033010200,"Census Tract 102, King County, Washington",82,82,30,52,0,0,24,28,0,0,0,0,0,0,0
1400000US53033010300,53033010300,"Census Tract 103, King County, Washington",414,130,104,22,10,4,0,8,4,4,0,0,284,48,236
1400000US53033010400,53033010400,"Census Tract 104, King County, Washington",377,240,97,143,0,0,78,65,0,0,0,0,137,23,114
1400000US53033010500,53033010500,"Census Tract 105, King County, Washington",298,194,101,85,0,19,28,38,8,0,0,8,104,19,85
1400000US53033010600,53033010600,"Census Tract 106, King County, Washington",263,190,71,108,0,9,37,62,11,11,0,0,73,14,59
1400000US53033010700,53033010700,"Census Tract 107, King County, Washington",711,574,338,236,0,1,46,189,0,0,0,0,137,29,108
1400000US53033010800,53033010800,"Census Tract 108, King County, Washington",355,206,111,95,0,0,21,74,0,0,0,0,149,31,118
1400000US53033010900,53033010900,"Census Tract 109, King County, Washington",122,55,38,17,0,0,11,6,0,0,0,0,67,38,29
1400000US53033011000,53033011000,"Census Tract 110, King County, Washington",363,156,120,17,0,0,17,0,19,0,0,19,207,41,166
1400000US53033011101,53033011101,"Census Tract 111.01, King County, Washington",242,92,41,51,13,15,8,15,0,0,0,0,150,77,73
1400000US53033011102,53033011102,"Census Tract 111.02, King County, Washington",442,128,75,53,0,1,14,38,0,0,0,0,314,68,246
1400000US53033011200,53033011200,"Census Tract 112, King County, Washington",1380,593,376,214,0,19,45,150,3,0,0,3,787,117,670
1400000US53033011300,53033011300,"Census Tract 113, King County, Washington",529,244,143,87,0,0,0,87,14,0,0,14,285,30,255
1400000US53033011400,53033011400,"Census Tract 114, King County, Washington",1189,674,362,307,11,0,159,137,5,0,0,5,515,108,407
1400000US53033011500,53033011500,"Census Tract 115, King County, Washington",204,155,81,74,6,0,0,68,0,0,0,0,49,20,29
1400000US53033011600,53033011600,"Census Tract 116, King County, Washington",224,129,67,62,7,0,29,26,0,0,0,0,95,24,71
1400000US53033011700,53033011700,"Census Tract 117, King County, Washington",327,117,72,40,0,0,14,26,5,0,0,5,210,26,184
1400000US53033011800,53033011800,"Census Tract 118, King County, Washington",641,324,184,132,10,13,16,93,8,8,0,0,317,65,252
1400000US53033011900,53033011900,"Census Tract 119, King County, Washington",226,181,125,37,4,8,7,18,19,0,0,19,45,28,17
1400000US53033012000,53033012000,"Census Tract 120, King County, Washington",168,129,69,60,0,7,11,42,0,0,0,0,39,12,27
1400000US53033012100,53033012100,"Census Tract 121, King County, Washington",42,26,0,26,0,9,17,0,0,0,0,0,16,8,8
1400000US53033020100,53033020100,"Census Tract 201, King County, Washington",32,21,10,11,6,0,0,5,0,0,0,0,11,6,5
1400000US53033020200,53033020200,"Census Tract 202, King County, Washington",170,87,69,18,0,0,0,18,0,0,0,0,83,6,77
1400000US53033020300,53033020300,"Census Tract 203, King County, Washington",260,162,94,68,0,0,20,48,0,0,0,0,98,52,46
1400000US53033020401,53033020401,"Census Tract 204.01, King County, Washington",177,105,38,53,10,6,7,30,14,0,14,0,72,28,44
1400000US53033020402,53033020402,"Census Tract 204.02, King County, Washington",163,108,61,39,0,0,7,32,8,0,0,8,55,0,55
1400000US53033020500,53033020500,"Census Tract 205, King County, Washington",229,152,44,108,0,0,0,108,0,0,0,0,77,38,39
1400000US53033020600,53033020600,"Census Tract 206, King County, Washington",124,72,14,55,0,10,3,42,3,0,0,3,52,6,46
1400000US53033020700,53033020700,"Census Tract 207, King County, Washington",207,112,85,20,0,0,16,4,7,0,0,7,95,6,89
1400000US53033020800,53033020800,"Census Tract 208, King County, Washington",87,74,37,37,5,6,4,22,0,0,0,0,13,4,9
1400000US53033020900,53033020900,"Census Tract 209, King County, Washington",44,44,8,24,0,10,0,14,12,0,6,6,0,0,0
1400000US53033021000,53033021000,"Census Tract 210, King County, Washington",235,171,105,66,0,0,17,49,0,0,0,0,64,16,48
1400000US53033021100,53033021100,"Census Tract 211, King County, Washington",172,119,42,64,0,42,0,22,13,0,13,0,53,20,33
1400000US53033021300,53033021300,"Census Tract 213, King County, Washington",210,119,73,39,0,0,0,39,7,0,7,0,91,7,84
1400000US53033021400,53033021400,"Census Tract 214, King County, Washington",37,37,25,4,0,0,4,0,8,0,0,8,0,0,0
1400000US53033021500,53033021500,"Census Tract 215, King County, Washington",12,12,0,12,0,0,0,12,0,0,0,0,0,0,0
1400000US53033021600,53033021600,"Census Tract 216, King County, Washington",165,130,78,52,6,9,11,26,0,0,0,0,35,35,0
1400000US53033021700,53033021700,"Census Tract 217, King County, Washington",366,329,123,178,31,0,27,120,28,28,0,0,37,37,0
1400000US53033021802,53033021802,"Census Tract 218.02, King County, Washington",184,64,17,47,0,3,17,27,0,0,0,0,120,11,109
1400000US53033021803,53033021803,"Census Tract 218.03, King County, Washington",250,98,63,35,0,0,19,16,0,0,0,0,152,35,117
1400000US53033021804,53033021804,"Census Tract 218.04, King County, Washington",285,134,35,99,27,0,10,62,0,0,0,0,151,51,100
1400000US53033021903,53033021903,"Census Tract 219.03, King County, Washington",267,245,81,160,0,0,16,144,4,4,0,0,22,22,0
1400000US53033021904,53033021904,"Census Tract 219.04, King County, Washington",344,99,67,32,0,7,6,19,0,0,0,0,245,58,187
1400000US53033021905,53033021905,"Census Tract 219.05, King County, Washington",271,199,132,67,0,0,15,52,0,0,0,0,72,7,65
1400000US53033021906,53033021906,"Census Tract 219.06, King County, Washington",151,103,47,56,0,11,0,45,0,0,0,0,48,18,30
1400000US53033022001,53033022001,"Census Tract 220.01, King County, Washington",204,78,35,43,6,20,3,14,0,0,0,0,126,10,116
1400000US53033022003,53033022003,"Census Tract 220.03, King County, Washington",317,165,72,93,0,0,3,90,0,0,0,0,152,16,136
1400000US53033022005,53033022005,"Census Tract 220.05, King County, Washington",272,158,50,108,0,9,22,77,0,0,0,0,114,0,114
1400000US53033022006,53033022006,"Census Tract 220.06, King County, Washington",117,30,15,15,0,0,0,15,0,0,0,0,87,36,51
1400000US53033022101,53033022101,"Census Tract 221.01, King County, Washington",145,108,52,56,0,0,8,48,0,0,0,0,37,13,24
1400000US53033022102,53033022102,"Census Tract 221.02, King County, Washington",125,102,41,61,7,17,0,37,0,0,0,0,23,23,0
1400000US53033022201,53033022201,"Census Tract 222.01, King County, Washington",145,129,48,81,0,0,24,57,0,0,0,0,16,10,6
1400000US53033022202,53033022202,"Census Tract 222.02, King County, Washington",304,215,47,168,39,0,23,106,0,0,0,0,89,27,62
1400000US53033022203,53033022203,"Census Tract 222.03, King County, Washington",74,66,43,15,0,0,0,15,8,8,0,0,8,8,0
1400000US53033022300,53033022300,"Census Tract 223, King County, Washington",82,77,31,46,0,7,13,26,0,0,0,0,5,5,0
1400000US53033022400,53033022400,"Census Tract 224, King County, Washington",190,172,84,88,21,0,9,58,0,0,0,0,18,9,9
1400000US53033022500,53033022500,"Census Tract 225, King County, Washington",182,158,39,106,12,0,0,94,13,13,0,0,24,9,15
1400000US53033022603,53033022603,"Census Tract 226.03, King County, Washington",148,111,42,69,0,0,12,57,0,0,0,0,37,13,24
1400000US53033022604,53033022604,"Census Tract 226.04, King County, Washington",219,130,51,79,0,15,24,40,0,0,0,0,89,54,35
1400000US53033022605,53033022605,"Census Tract 226.05, King County, Washington",608,244,146,98,0,32,23,43,0,0,0,0,364,29,335
1400000US53033022606,53033022606,"Census Tract 226.06, King County, Washington",184,75,21,45,0,0,0,45,9,0,0,9,109,57,52
1400000US53033022701,53033022701,"Census Tract 227.01, King County, Washington",32,14,3,11,0,0,0,11,0,0,0,0,18,12,6
1400000US53033022702,53033022702,"Census Tract 227.02, King County, Washington",80,80,64,16,0,0,0,16,0,0,0,0,0,0,0
1400000US53033022703,53033022703,"Census Tract 227.03, King County, Washington",44,44,12,32,0,0,4,28,0,0,0,0,0,0,0
1400000US53033022801,53033022801,"Census Tract 228.01, King County, Washington",738,318,153,154,0,6,34,114,11,0,0,11,420,51,369
1400000US53033022802,53033022802,"Census Tract 228.02, King County, Washington",204,44,38,6,6,0,0,0,0,0,0,0,160,32,128
1400000US53033022803,53033022803,"Census Tract 228.03, King County, Washington",180,133,29,104,0,21,29,54,0,0,0,0,47,22,25
1400000US53033022901,53033022901,"Census Tract 229.01, King County, Washington",47,43,9,34,6,4,0,24,0,0,0,0,4,4,0
1400000US53033022902,53033022902,"Census Tract 229.02, King County, Washington",121,72,49,15,0,6,0,9,8,0,0,8,49,49,0
1400000US53033023000,53033023000,"Census Tract 230, King County, Washington",173,96,70,26,0,0,0,26,0,0,0,0,77,27,50
1400000US53033023100,53033023100,"Census Tract 231, King County, Washington",318,52,19,28,5,5,0,18,5,0,0,5,266,12,254
1400000US53033023201,53033023201,"Census Tract 232.01, King County, Washington",552,175,52,106,19,0,10,77,17,17,0,0,377,77,300
1400000US53033023202,53033023202,"Census Tract 232.02, King County, Washington",693,197,73,124,20,0,43,61,0,0,0,0,496,89,407
1400000US53033023300,53033023300,"Census Tract 233, King County, Washington",388,161,75,50,0,5,0,45,36,20,0,16,227,16,211
1400000US53033023401,53033023401,"Census Tract 234.01, King County, Washington",104,66,12,54,0,5,0,49,0,0,0,0,38,6,32
1400000US53033023402,53033023402,"Census Tract 234.02, King County, Washington",115,90,27,59,0,0,0,59,4,4,0,0,25,25,0
1400000US53033023500,53033023500,"Census Tract 235, King County, Washington",40,28,10,18,0,2,1,15,0,0,0,0,12,0,12
1400000US53033023601,53033023601,"Census Tract 236.01, King County, Washington",178,56,33,23,0,0,0,23,0,0,0,0,122,63,59
1400000US53033023603,53033023603,"Census Tract 236.03, King County, Washington",643,258,23,235,51,0,64,120,0,0,0,0,385,65,320
1400000US53033023604,53033023604,"Census Tract 236.04, King County, Washington",555,145,54,91,0,16,28,47,0,0,0,0,410,121,289
1400000US53033023700,53033023700,"Census Tract 237, King County, Washington",100,66,9,36,25,0,0,11,21,0,0,21,34,17,17
1400000US53033023801,53033023801,"Census Tract 238.01, King County, Washington",138,100,21,67,0,12,0,55,12,12,0,0,38,0,38
1400000US53033023802,53033023802,"Census Tract 238.02, King County, Washington",71,29,0,29,0,5,0,24,0,0,0,0,42,10,32
1400000US53033023900,53033023900,"Census Tract 239, King County, Washington",206,116,48,68,18,5,0,45,0,0,0,0,90,35,55
1400000US53033024000,53033024000,"Census Tract 240, King County, Washington",205,88,40,48,5,0,7,36,0,0,0,0,117,100,17
1400000US53033024100,53033024100,"Census Tract 241, King County, Washington",73,58,39,19,0,2,0,17,0,0,0,0,15,8,7
1400000US53033024200,53033024200,"Census Tract 242, King County, Washington",92,87,13,74,12,0,4,58,0,0,0,0,5,5,0
1400000US53033024300,53033024300,"Census Tract 243, King County, Washington",145,89,32,57,0,6,0,51,0,0,0,0,56,8,48
1400000US53033024400,53033024400,"Census Tract 244, King County, Washington",20,20,5,8,0,0,0,8,7,7,0,0,0,0,0
1400000US53033024500,53033024500,"Census Tract 245, King County, Washington",65,60,54,6,0,0,0,6,0,0,0,0,5,5,0
1400000US53033024601,53033024601,"Census Tract 246.01, King County, Washington",74,74,22,52,12,8,9,23,0,0,0,0,0,0,0
1400000US53033024602,53033024602,"Census Tract 246.02, King County, Washington",33,28,0,18,0,0,0,18,10,0,0,10,5,5,0
1400000US53033024701,53033024701,"Census Tract 247.01, King County, Washington",69,43,16,20,0,0,20,0,7,0,0,7,26,13,13
1400000US53033024702,53033024702,"Census Tract 247.02, King County, Washington",150,86,37,43,15,0,20,8,6,0,0,6,64,6,58
1400000US53033024800,53033024800,"Census Tract 248, King County, Washington",311,196,70,118,9,0,9,100,8,0,0,8,115,5,110
1400000US53033024901,53033024901,"Census Tract 249.01, King County, Washington",50,38,18,14,0,7,0,7,6,0,0,6,12,0,12
1400000US53033024902,53033024902,"Census Tract 249.02, King County, Washington",53,34,19,15,0,0,0,15,0,0,0,0,19,9,10
1400000US53033024903,53033024903,"Census Tract 249.03, King County, Washington",41,41,32,9,0,0,0,9,0,0,0,0,0,0,0
1400000US53033025001,53033025001,"Census Tract 250.01, King County, Washington",127,72,31,41,0,0,0,41,0,0,0,0,55,22,33
1400000US53033025003,53033025003,"Census Tract 250.03, King County, Washington",168,129,43,86,0,33,22,31,0,0,0,0,39,0,39
1400000US53033025004,53033025004,"Census Tract 250.04, King County, Washington",198,133,85,42,24,11,0,7,6,0,0,6,65,7,58
1400000US53033025101,53033025101,"Census Tract 251.01, King County, Washington",412,183,72,107,0,5,0,102,4,0,0,4,229,27,202
1400000US53033025102,53033025102,"Census Tract 251.02, King County, Washington",212,80,62,18,0,0,0,18,0,0,0,0,132,0,132
1400000US53033025200,53033025200,"Census Tract 252, King County, Washington",358,142,68,74,0,0,6,68,0,0,0,0,216,43,173
1400000US53033025300,53033025300,"Census Tract 253, King County, Washington",477,220,129,91,20,0,21,50,0,0,0,0,257,41,216
1400000US53033025400,53033025400,"Census Tract 254, King County, Washington",579,373,221,152,10,0,42,100,0,0,0,0,206,43,163
1400000US53033025500,53033025500,"Census Tract 255, King County, Washington",446,193,124,69,5,0,0,64,0,0,0,0,253,11,242
1400000US53033025600,53033025600,"Census Tract 256, King County, Washington",496,151,74,77,11,8,0,58,0,0,0,0,345,31,314
1400000US53033025701,53033025701,"Census Tract 257.01, King County, Washington",459,226,123,103,0,4,25,74,0,0,0,0,233,59,174
1400000US53033025702,53033025702,"Census Tract 257.02, King County, Washington",101,86,32,42,0,0,10,32,12,0,0,12,15,8,7
1400000US53033025801,53033025801,"Census Tract 258.01, King County, Washington",407,329,106,223,7,10,60,146,0,0,0,0,78,41,37
1400000US53033025803,53033025803,"Census Tract 258.03, King County, Washington",326,251,121,125,0,0,0,125,5,0,0,5,75,31,44
1400000US53033025804,53033025804,"Census Tract 258.04, King County, Washington",67,61,20,41,5,0,22,14,0,0,0,0,6,0,6
1400000US53033026001,53033026001,"Census Tract 260.01, King County, Washington",192,65,36,29,1,3,6,19,0,0,0,0,127,2,125
1400000US53033026002,53033026002,"Census Tract 260.02, King County, Washington",345,233,145,77,0,0,12,65,11,11,0,0,112,23,89
1400000US53033026100,53033026100,"Census Tract 261, King County, Washington",287,205,131,54,0,0,16,38,20,20,0,0,82,30,52
1400000US53033026200,53033026200,"Census Tract 262, King County, Washington",553,293,34,259,52,15,31,161,0,0,0,0,260,64,196
1400000US53033026300,53033026300,"Census Tract 263, King County, Washington",58,31,21,10,0,0,0,10,0,0,0,0,27,3,24
1400000US53033026400,53033026400,"Census Tract 264, King County, Washington",995,514,365,149,0,0,17,132,0,0,0,0,481,81,400
1400000US53033026500,53033026500,"Census Tract 265, King County, Washington",189,107,55,52,0,0,16,36,0,0,0,0,82,0,82
1400000US53033026600,53033026600,"Census Tract 266, King County, Washington",186,80,38,42,0,0,0,42,0,0,0,0,106,26,80
1400000US53033026700,53033026700,"Census Tract 267, King County, Washington",595,313,200,113,19,8,8,78,0,0,0,0,282,49,233
1400000US53033026801,53033026801,"Census Tract 268.01, King County, Washington",788,426,189,223,17,30,15,161,14,0,0,14,362,54,308
1400000US53033026802,53033026802,"Census Tract 268.02, King County, Washington",731,349,144,145,0,39,11,95,60,60,0,0,382,79,303
1400000US53033026900,53033026900,"Census Tract 269, King County, Washington",154,76,60,16,0,0,0,16,0,0,0,0,78,6,72
1400000US53033027000,53033027000,"Census Tract 270, King County, Washington",445,88,67,21,0,0,16,5,0,0,0,0,357,10,347
1400000US53033027100,53033027100,"Census Tract 271, King County, Washington",405,277,181,96,0,10,32,54,0,0,0,0,128,13,115
1400000US53033027200,53033027200,"Census Tract 272, King County, Washington",201,129,60,69,0,35,0,34,0,0,0,0,72,38,34
1400000US53033027300,53033027300,"Census Tract 273, King County, Washington",974,403,256,129,0,0,15,114,18,14,0,4,571,40,531
1400000US53033027400,53033027400,"Census Tract 274, King County, Washington",534,362,180,182,7,8,44,123,0,0,0,0,172,14,158
1400000US53033027500,53033027500,"Census Tract 275, King County, Washington",446,279,172,107,16,21,15,55,0,0,0,0,167,94,73
1400000US53033027600,53033027600,"Census Tract 276, King County, Washington",796,366,227,139,0,5,20,114,0,0,0,0,430,48,382
1400000US53033027701,53033027701,"Census Tract 277.01, King County, Washington",109,46,14,32,0,8,10,14,0,0,0,0,63,9,54
1400000US53033027702,53033027702,"Census Tract 277.02, King County, Washington",185,125,87,38,0,10,10,18,0,0,0,0,60,0,60
1400000US53033027800,53033027800,"Census Tract 278, King County, Washington",26,26,10,16,0,4,3,9,0,0,0,0,0,0,0
1400000US53033027900,53033027900,"Census Tract 279, King County, Washington",456,236,151,85,9,0,11,65,0,0,0,0,220,73,147
1400000US53033028000,53033028000,"Census Tract 280, King County, Washington",565,304,247,50,0,0,7,43,7,7,0,0,261,61,200
1400000US53033028100,53033028100,"Census Tract 281, King County, Washington",515,273,231,34,0,0,5,29,8,0,0,8,242,66,176
1400000US53033028200,53033028200,"Census Tract 282, King County, Washington",658,230,114,102,0,0,53,49,14,0,0,14,428,118,310
1400000US53033028300,53033028300,"Census Tract 283, King County, Washington",126,82,43,39,0,0,12,27,0,0,0,0,44,8,36
1400000US53033028402,53033028402,"Census Tract 284.02, King County, Washington",533,314,170,138,7,10,0,121,6,6,0,0,219,23,196
1400000US53033028403,53033028403,"Census Tract 284.03, King County, Washington",626,241,129,112,0,0,17,95,0,0,0,0,385,47,338
1400000US53033028500,53033028500,"Census Tract 285, King County, Washington",301,157,128,11,5,0,0,6,18,18,0,0,144,46,98
1400000US53033028600,53033028600,"Census Tract 286, King County, Washington",195,189,41,148,19,7,24,98,0,0,0,0,6,0,6
1400000US53033028700,53033028700,"Census Tract 287, King County, Washington",186,166,73,85,21,0,10,54,8,8,0,0,20,20,0
1400000US53033028801,53033028801,"Census Tract 288.01, King County, Washington",693,301,101,196,8,23,8,157,4,0,0,4,392,49,343
1400000US53033028802,53033028802,"Census Tract 288.02, King County, Washington",837,304,72,200,0,0,15,185,32,0,0,32,533,112,421
1400000US53033028901,53033028901,"Census Tract 289.01, King County, Washington",164,127,40,87,0,0,16,71,0,0,0,0,37,31,6
1400000US53033028902,53033028902,"Census Tract 289.02, King County, Washington",830,291,133,151,16,8,23,104,7,7,0,0,539,43,496
1400000US53033029001,53033029001,"Census Tract 290.01, King County, Washington",186,145,57,88,14,0,6,68,0,0,0,0,41,28,13
1400000US53033029003,53033029003,"Census Tract 290.03, King County, Washington",363,231,109,110,13,0,6,91,12,0,0,12,132,33,99
1400000US53033029004,53033029004,"Census Tract 290.04, King County, Washington",553,213,180,33,0,0,0,33,0,0,0,0,340,42,298
1400000US53033029100,53033029100,"Census Tract 291, King County, Washington",352,200,130,70,2,7,8,53,0,0,0,0,152,109,43
1400000US53033029201,53033029201,"Census Tract 292.01, King County, Washington",1226,528,208,300,10,23,27,240,20,20,0,0,698,166,532
1400000US53033029203,53033029203,"Census Tract 292.03, King County, Washington",307,205,42,163,0,0,0,163,0,0,0,0,102,0,102
1400000US53033029204,53033029204,"Census Tract 292.04, King County, Washington",392,148,74,74,0,17,22,35,0,0,0,0,244,23,221
1400000US53033029303,53033029303,"Census Tract 293.03, King County, Washington",265,185,135,50,0,16,0,34,0,0,0,0,80,16,64
1400000US53033029304,53033029304,"Census Tract 293.04, King County, Washington",88,79,20,59,0,0,11,48,0,0,0,0,9,9,0
1400000US53033029305,53033029305,"Census Tract 293.05, King County, Washington",135,99,87,12,0,5,0,7,0,0,0,0,36,8,28
1400000US53033029306,53033029306,"Census Tract 293.06, King County, Washington",40,40,12,28,0,0,0,28,0,0,0,0,0,0,0
1400000US53033029307,53033029307,"Census Tract 293.07, King County, Washington",234,204,84,111,0,0,11,100,9,0,0,9,30,16,14
1400000US53033029403,53033029403,"Census Tract 294.03, King County, Washington",208,106,92,14,0,0,0,14,0,0,0,0,102,33,69
1400000US53033029405,53033029405,"Census Tract 294.05, King County, Washington",205,177,63,104,0,0,10,94,10,0,0,10,28,12,16
1400000US53033029406,53033029406,"Census Tract 294.06, King County, Washington",143,143,37,66,0,9,10,47,40,25,0,15,0,0,0
1400000US53033029407,53033029407,"Census Tract 294.07, King County, Washington",345,218,156,62,11,0,0,51,0,0,0,0,127,15,112
1400000US53033029408,53033029408,"Census Tract 294.08, King County, Washington",343,229,74,155,0,17,27,111,0,0,0,0,114,5,109
1400000US53033029502,53033029502,"Census Tract 295.02, King County, Washington",237,173,114,54,0,3,15,36,5,5,0,0,64,11,53
1400000US53033029503,53033029503,"Census Tract 295.03, King County, Washington",1035,435,205,225,37,11,49,128,5,0,0,5,600,53,547
1400000US53033029504,53033029504,"Census Tract 295.04, King County, Washington",292,181,132,49,7,0,0,42,0,0,0,0,111,20,91
1400000US53033029601,53033029601,"Census Tract 296.01, King County, Washington",378,335,248,87,0,0,47,40,0,0,0,0,43,24,19
1400000US53033029602,53033029602,"Census Tract 296.02, King County, Washington",13,7,0,7,7,0,0,0,0,0,0,0,6,0,6
1400000US53033029700,53033029700,"Census Tract 297, King County, Washington",350,187,115,72,21,7,10,34,0,0,0,0,163,51,112
1400000US53033029801,53033029801,"Census Tract 298.01, King County, Washington",480,307,154,153,0,19,31,103,0,0,0,0,173,27,146
1400000US53033029802,53033029802,"Census Tract 298.02, King County, Washington",303,214,143,71,0,9,17,45,0,0,0,0,89,26,63
1400000US53033029901,53033029901,"Census Tract 299.01, King County, Washington",184,153,46,98,25,0,29,44,9,0,0,9,31,15,16
1400000US53033029902,53033029902,"Census Tract 299.02, King County, Washington",24,24,0,24,0,9,0,15,0,0,0,0,0,0,0
1400000US53033030002,53033030002,"Census Tract 300.02, King County, Washington",924,646,346,233,0,0,87,146,67,12,0,55,278,37,241
1400000US53033030003,53033030003,"Census Tract 300.03, King County, Washington",328,170,56,106,0,11,13,82,8,0,0,8,158,17,141
1400000US53033030004,53033030004,"Census Tract 300.04, King County, Washington",1273,583,253,319,15,19,118,167,11,11,0,0,690,105,585
1400000US53033030100,53033030100,"Census Tract 301, King County, Washington",501,270,156,114,0,5,14,95,0,0,0,0,231,19,212
1400000US53033030201,53033030201,"Census Tract 302.01, King County, Washington",403,291,152,128,17,0,20,91,11,11,0,0,112,40,72
1400000US53033030202,53033030202,"Census Tract 302.02, King County, Washington",476,258,110,139,11,12,43,73,9,9,0,0,218,25,193
1400000US53033030303,53033030303,"Census Tract 303.03, King County, Washington",504,330,158,162,0,18,36,108,10,0,0,10,174,66,108
1400000US53033030304,53033030304,"Census Tract 303.04, King County, Washington",107,107,84,23,0,0,6,17,0,0,0,0,0,0,0
1400000US53033030305,53033030305,"Census Tract 303.05, King County, Washington",207,162,64,98,0,0,15,83,0,0,0,0,45,45,0
1400000US53033030306,53033030306,"Census Tract 303.06, King County, Washington",395,252,111,141,20,8,44,69,0,0,0,0,143,82,61
1400000US53033030308,53033030308,"Census Tract 303.08, King County, Washington",345,270,116,136,0,4,30,102,18,6,0,12,75,13,62
1400000US53033030309,53033030309,"Census Tract 303.09, King County, Washington",318,253,86,146,10,22,10,104,21,10,0,11,65,0,65
1400000US53033030310,53033030310,"Census Tract 303.10, King County, Washington",191,144,30,114,0,0,23,91,0,0,0,0,47,12,35
1400000US53033030311,53033030311,"Census Tract 303.11, King County, Washington",488,301,156,124,0,0,32,92,21,0,0,21,187,0,187
1400000US53033030312,53033030312,"Census Tract 303.12, King County, Washington",219,219,109,110,46,0,4,60,0,0,0,0,0,0,0
1400000US53033030401,53033030401,"Census Tract 304.01, King County, Washington",199,181,116,65,36,0,0,29,0,0,0,0,18,0,18
1400000US53033030403,53033030403,"Census Tract 304.03, King County, Washington",151,151,14,137,0,16,0,121,0,0,0,0,0,0,0
1400000US53033030404,53033030404,"Census Tract 304.04, King County, Washington",35,35,17,18,0,0,0,18,0,0,0,0,0,0,0
1400000US53033030501,53033030501,"Census Tract 305.01, King County, Washington",124,124,73,30,0,0,0,30,21,21,0,0,0,0,0
1400000US53033030503,53033030503,"Census Tract 305.03, King County, Washington",323,239,110,121,0,35,7,79,8,8,0,0,84,26,58
1400000US53033030504,53033030504,"Census Tract 305.04, King County, Washington",393,168,136,32,0,32,0,0,0,0,0,0,225,37,188
1400000US53033030600,53033030600,"Census Tract 306, King County, Washington",379,254,148,96,0,10,0,86,10,10,0,0,125,9,116
1400000US53033030700,53033030700,"Census Tract 307, King County, Washington",251,165,88,70,0,10,5,55,7,0,0,7,86,20,66
1400000US53033030801,53033030801,"Census Tract 308.01, King County, Washington",651,378,189,189,0,0,45,144,0,0,0,0,273,88,185
1400000US53033030802,53033030802,"Census Tract 308.02, King County, Washington",329,144,89,55,0,12,9,34,0,0,0,0,185,36,149
1400000US53033030901,53033030901,"Census Tract 309.01, King County, Washington",203,119,74,45,9,0,0,36,0,0,0,0,84,36,48
1400000US53033030902,53033030902,"Census Tract 309.02, King County, Washington",314,273,178,89,2,4,0,83,6,0,0,6,41,5,36
1400000US53033031000,53033031000,"Census Tract 310, King County, Washington",111,93,31,49,0,0,0,49,13,13,0,0,18,18,0
1400000US53033031100,53033031100,"Census Tract 311, King County, Washington",395,249,154,85,2,17,8,58,10,0,0,10,146,31,115
1400000US53033031202,53033031202,"Census Tract 312.02, King County, Washington",181,106,85,9,0,2,1,6,12,12,0,0,75,23,52
1400000US53033031204,53033031204,"Census Tract 312.04, King County, Washington",112,99,41,44,15,6,23,0,14,14,0,0,13,13,0
1400000US53033031205,53033031205,"Census Tract 312.05, King County, Washington",60,40,0,40,0,0,15,25,0,0,0,0,20,20,0
1400000US53033031206,53033031206,"Census Tract 312.06, King County, Washington",342,247,100,139,12,0,0,127,8,0,0,8,95,12,83
1400000US53033031301,53033031301,"Census Tract 313.01, King County, Washington",213,141,107,34,0,0,19,15,0,0,0,0,72,30,42
1400000US53033031302,53033031302,"Census Tract 313.02, King County, Washington",272,185,98,87,0,17,8,62,0,0,0,0,87,0,87
1400000US53033031400,53033031400,"Census Tract 314, King County, Washington",204,164,74,87,0,4,5,78,3,3,0,0,40,23,17
1400000US53033031501,53033031501,"Census Tract 315.01, King County, Washington",55,31,16,9,0,0,0,9,6,0,0,6,24,10,14
1400000US53033031502,53033031502,"Census Tract 315.02, King County, Washington",111,105,35,70,5,0,0,65,0,0,0,0,6,6,0
1400000US53033031601,53033031601,"Census Tract 316.01, King County, Washington",182,134,95,39,0,0,4,35,0,0,0,0,48,0,48
1400000US53033031602,53033031602,"Census Tract 316.02, King County, Washington",165,160,101,59,0,5,12,42,0,0,0,0,5,0,5
1400000US53033031603,53033031603,"Census Tract 316.03, King County, Washington",244,177,100,77,0,11,0,66,0,0,0,0,67,13,54
1400000US53033031702,53033031702,"Census Tract 317.02, King County, Washington",240,207,122,77,5,0,17,55,8,0,0,8,33,17,16
1400000US53033031703,53033031703,"Census Tract 317.03, King County, Washington",186,147,65,82,0,19,0,63,0,0,0,0,39,25,14
1400000US53033031704,53033031704,"Census Tract 317.04, King County, Washington",9,9,0,9,0,0,9,0,0,0,0,0,0,0,0
1400000US53033031800,53033031800,"Census Tract 318, King County, Washington",82,75,26,49,0,7,6,36,0,0,0,0,7,7,0
1400000US53033031903,53033031903,"Census Tract 319.03, King County, Washington",268,167,115,52,0,7,20,25,0,0,0,0,101,38,63
1400000US53033031904,53033031904,"Census Tract 319.04, King County, Washington",127,120,73,47,6,0,0,41,0,0,0,0,7,7,0
1400000US53033031906,53033031906,"Census Tract 319.06, King County, Washington",51,41,22,19,0,4,0,15,0,0,0,0,10,0,10
1400000US53033031907,53033031907,"Census Tract 319.07, King County, Washington",238,161,89,72,0,0,15,57,0,0,0,0,77,17,60
1400000US53033031908,53033031908,"Census Tract 319.08, King County, Washington",212,172,128,37,0,10,0,27,7,0,0,7,40,9,31
1400000US53033031909,53033031909,"Census Tract 319.09, King County, Washington",61,47,47,0,0,0,0,0,0,0,0,0,14,14,0
1400000US53033032002,53033032002,"Census Tract 320.02, King County, Washington",36,30,19,11,0,0,8,3,0,0,0,0,6,0,6
1400000US53033032003,53033032003,"Census Tract 320.03, King County, Washington",119,99,49,50,0,3,15,32,0,0,0,0,20,8,12
1400000US53033032005,53033032005,"Census Tract 320.05, King County, Washington",297,248,111,123,7,0,28,88,14,0,0,14,49,13,36
1400000US53033032006,53033032006,"Census Tract 320.06, King County, Washington",144,127,39,88,0,7,6,75,0,0,0,0,17,11,6
1400000US53033032007,53033032007,"Census Tract 320.07, King County, Washington",66,52,12,40,0,0,28,12,0,0,0,0,14,0,14
1400000US53033032008,53033032008,"Census Tract 320.08, King County, Washington",167,146,94,52,0,0,12,40,0,0,0,0,21,0,21
1400000US53033032009,53033032009,"Census Tract 320.09, King County, Washington",144,90,32,58,10,0,0,48,0,0,0,0,54,8,46
1400000US53033032102,53033032102,"Census Tract 321.02, King County, Washington",81,71,50,21,0,5,4,12,0,0,0,0,10,10,0
1400000US53033032103,53033032103,"Census Tract 321.03, King County, Washington",296,80,28,42,0,0,10,32,10,0,0,10,216,29,187
1400000US53033032104,53033032104,"Census Tract 321.04, King County, Washington",226,93,43,50,0,0,17,33,0,0,0,0,133,28,105
1400000US53033032203,53033032203,"Census Tract 322.03, King County, Washington",178,162,33,129,19,0,21,89,0,0,0,0,16,8,8
1400000US53033032207,53033032207,"Census Tract 322.07, King County, Washington",0,0,0,0,0,0,0,0,0,0,0,0,0,0,0
1400000US53033032208,53033032208,"Census Tract 322.08, King County, Washington",42,26,7,19,0,0,14,5,0,0,0,0,16,7,9
1400000US53033032209,53033032209,"Census Tract 322.09, King County, Washington",273,235,79,142,0,30,0,112,14,0,0,14,38,38,0
1400000US53033032210,53033032210,"Census Tract 322.10, King County, Washington",38,38,28,10,0,10,0,0,0,0,0,0,0,0,0
1400000US53033032211,53033032211,"Census Tract 322.11, King County, Washington",179,168,63,86,15,7,10,54,19,5,0,14,11,0,11
1400000US53033032212,53033032212,"Census Tract 322.12, King County, Washington",205,142,38,104,0,0,0,104,0,0,0,0,63,27,36
1400000US53033032307,53033032307,"Census Tract 323.07, King County, Washington",138,138,36,86,0,0,0,86,16,0,0,16,0,0,0
1400000US53033032309,53033032309,"Census Tract 323.09, King County, Washington",248,132,42,81,9,0,13,59,9,9,0,0,116,13,103
1400000US53033032311,53033032311,"Census Tract 323.11, King County, Washington",210,170,16,147,0,29,66,52,7,0,0,7,40,14,26
1400000US53033032312,53033032312,"Census Tract 323.12, King County, Washington",178,78,7,71,14,0,13,44,0,0,0,0,100,19,81
1400000US53033032313,53033032313,"Census Tract 323.13, King County, Washington",420,159,78,67,0,0,16,51,14,0,0,14,261,21,240
1400000US53033032314,53033032314,"Census Tract 323.14, King County, Washington",136,87,0,79,20,0,0,59,8,0,0,8,49,6,43
1400000US53033032315,53033032315,"Census Tract 323.15, King County, Washington",104,96,43,53,0,0,0,53,0,0,0,0,8,0,8
1400000US53033032316,53033032316,"Census Tract 323.16, King County, Washington",84,70,45,25,9,0,0,16,0,0,0,0,14,14,0
1400000US53033032317,53033032317,"Census Tract 323.17, King County, Washington",157,157,71,86,10,14,0,62,0,0,0,0,0,0,0
1400000US53033032318,53033032318,"Census Tract 323.18, King County, Washington",111,111,69,42,7,0,0,35,0,0,0,0,0,0,0
1400000US53033032319,53033032319,"Census Tract 323.19, King County, Washington",650,206,163,43,0,0,7,36,0,0,0,0,444,54,390
1400000US53033032320,53033032320,"Census Tract 323.20, King County, Washington",106,70,22,48,8,0,0,40,0,0,0,0,36,8,28
1400000US53033032321,53033032321,"Census Tract 323.21, King County, Washington",53,41,0,41,0,0,0,41,0,0,0,0,12,12,0
1400000US53033032322,53033032322,"Census Tract 323.22, King County, Washington",41,29,8,21,13,0,8,0,0,0,0,0,12,12,0
1400000US53033032323,53033032323,"Census Tract 323.23, King County, Washington",198,128,75,53,6,0,0,47,0,0,0,0,70,5,65
1400000US53033032324,53033032324,"Census Tract 323.24, King County, Washington",338,171,98,67,0,0,10,57,6,6,0,0,167,19,148
1400000US53033032325,53033032325,"Census Tract 323.25, King County, Washington",372,191,80,111,0,0,0,111,0,0,0,0,181,36,145
1400000US53033032401,53033032401,"Census Tract 324.01, King County, Washington",183,152,95,57,0,28,0,29,0,0,0,0,31,31,0
1400000US53033032402,53033032402,"Census Tract 324.02, King County, Washington",141,85,45,40,8,0,18,14,0,0,0,0,56,0,56
1400000US53033032500,53033032500,"Census Tract 325, King County, Washington",143,94,63,27,0,1,3,23,4,4,0,0,49,20,29
1400000US53033032601,53033032601,"Census Tract 326.01, King County, Washington",94,53,37,8,0,0,0,8,8,8,0,0,41,0,41
1400000US53033032602,53033032602,"Census Tract 326.02, King County, Washington",111,106,60,46,0,4,0,42,0,0,0,0,5,0,5
1400000US53033032702,53033032702,"Census Tract 327.02, King County, Washington",164,110,37,73,0,0,4,69,0,0,0,0,54,35,19
1400000US53033032703,53033032703,"Census Tract 327.03, King County, Washington",27,10,6,4,0,0,4,0,0,0,0,0,17,0,17
1400000US53033032704,53033032704,"Census Tract 327.04, King County, Washington",223,169,110,40,0,19,11,10,19,0,0,19,54,0,54
1400000US53033032800,53033032800,"Census Tract 328, King County, Washington",70,54,13,41,0,9,10,22,0,0,0,0,16,0,16
1600000US5300100,5300100,"Aberdeen city, Washington",1471,740,553,180,0,0,12,168,7,0,0,7,731,47,684
1600000US5300135,5300135,"Aberdeen Gardens CDP, Washington",23,17,17,0,0,0,0,0,0,0,0,0,6,0,6
1600000US5300275,5300275,"Acme CDP, Washington",0,0,0,0,0,0,0,0,0,0,0,0,0,0,0
1600000US5300800,5300800,"Ahtanum CDP, Washington",489,295,200,95,8,6,17,64,0,0,0,0,194,23,171
1600000US5300905,5300905,"Airway Heights city, Washington",470,232,66,155,13,0,79,63,11,7,0,4,238,2,236
1600000US5301010,5301010,"Albion town, Washington",23,21,2,19,0,0,0,19,0,0,0,0,2,2,0
1600000US5301185,5301185,"Alderwood Manor CDP, Washington",570,417,220,189,44,17,50,78,8,8,0,0,153,64,89
1600000US5301255,5301255,"Alger CDP, Washington",0,0,0,0,0,0,0,0,0,0,0,0,0,0,0
1600000US5301290,5301290,"Algona city, Washington",158,88,60,28,0,0,0,28,0,0,0,0,70,30,40
1600000US5301447,5301447,"Allyn-Grapeview CDP, Washington",40,30,14,16,10,0,0,6,0,0,0,0,10,10,0
1600000US5301500,5301500,"Almira town, Washington",0,0,0,0,0,0,0,0,0,0,0,0,0,0,0
1600000US5301850,5301850,"Amboy CDP, Washington",0,0,0,0,0,0,0,0,0,0,0,0,0,0,0
1600000US5301920,5301920,"Ames Lake CDP, Washington",8,8,0,8,0,0,0,8,0,0,0,0,0,0,0
1600000US5301990,5301990,"Anacortes city, Washington",446,332,191,117,0,15,0,102,24,0,0,24,114,69,45
1600000US5302585,5302585,"Arlington city, Washington",722,518,270,242,0,29,51,162,6,6,0,0,204,68,136
1600000US5302620,5302620,"Arlington Heights CDP, Washington",32,32,0,32,0,0,10,22,0,0,0,0,0,0,0
1600000US5302910,5302910,"Artondale CDP, Washington",307,278,113,155,11,12,24,108,10,10,0,0,29,5,24
1600000US5303005,5303005,"Ashford CDP, Washington",0,0,0,0,0,0,0,0,0,0,0,0,0,0,0
1600000US5303075,5303075,"Asotin city, Washington",23,23,3,20,1,0,0,19,0,0,0,0,0,0,0
1600000US5303180,5303180,"Auburn city, Washington",2971,1822,1020,728,2,116,74,536,74,57,0,17,1149,265,884
1600000US5303215,5303215,"Ault Field CDP, Washington",261,215,15,174,16,12,44,102,26,6,14,6,46,18,28
1600000US5303736,5303736,"Bainbridge Island city, Washington",433,306,60,195,22,0,37,136,51,18,0,33,127,21,106
1600000US5304113,5304113,"Bangor Trident Base CDP, Washington",731,674,138,505,38,13,186,268,31,7,17,7,57,5,52
1600000US5304125,5304125,"Banks Lake South CDP, Washington",0,0,0,0,0,0,0,0,0,0,0,0,0,0,0
1600000US5304195,5304195,"Barberton CDP, Washington",83,69,33,36,13,0,0,23,0,0,0,0,14,0,14
1600000US5304300,5304300,"Baring CDP, Washington",3,3,0,3,0,0,0,3,0,0,0,0,0,0,0
1600000US5304405,5304405,"Basin City CDP, Washington",641,270,245,25,0,7,11,7,0,0,0,0,371,39,332
1600000US5304475,5304475,"Battle Ground city, Washington",430,351,115,206,0,0,32,174,30,7,0,23,79,0,79
1600000US5304615,5304615,"Bay Center CDP, Washington",15,12,12,0,0,0,0,0,0,0,0,0,3,0,3
1600000US5304790,5304790,"Bay View CDP, Washington",0,0,0,0,0,0,0,0,0,0,0,0,0,0,0
1600000US5304895,5304895,"Beaux Arts Village town, Washington",0,0,0,0,0,0,0,0,0,0,0,0,0,0,0
1600000US5305210,5305210,"Bellevue city, Washington",5717,2413,853,1437,158,105,229,945,123,49,0,74,3304,732,2572
1600000US5305245,5305245,"Bell Hill CDP, Washington",0,0,0,0,0,0,0,0,0,0,0,0,0,0,0
1600000US5305280,5305280,"Bellingham city, Washington",3186,2249,1252,933,72,20,160,681,64,31,0,33,937,293,644
1600000US5305560,5305560,"Benton City city, Washington",402,225,138,84,0,0,22,62,3,0,0,3,177,35,142
1600000US5305980,5305980,"Bickleton CDP, Washington",0,0,0,0,0,0,0,0,0,0,0,0,0,0,0
1600000US5306050,5306050,"Big Lake CDP, Washington",76,76,63,13,0,0,0,13,0,0,0,0,0,0,0
1600000US5306085,5306085,"Bingen city, Washington",164,70,21,49,0,2,0,47,0,0,0,0,94,13,81
1600000US5306190,5306190,"Birch Bay CDP, Washington",282,199,90,109,31,13,13,52,0,0,0,0,83,36,47
1600000US5306330,5306330,"Black Diamond city, Washington",299,232,132,100,0,11,6,83,0,0,0,0,67,13,54
1600000US5306505,5306505,"Blaine city, Washington",152,108,54,54,0,0,0,54,0,0,0,0,44,10,34
1600000US5306855,5306855,"Blyn CDP, Washington",2,2,0,2,0,0,0,2,0,0,0,0,0,0,0
1600000US5307170,5307170,"Bonney Lake city, Washington",389,373,211,158,25,23,23,87,4,0,0,4,16,16,0
1600000US5307380,5307380,"Bothell city, Washington",1340,800,433,367,45,47,90,185,0,0,0,0,540,117,423
1600000US5307590,5307590,"Brady CDP, Washington",0,0,0,0,0,0,0,0,0,0,0,0,0,0,0
1600000US5307695,5307695,"Bremerton city, Washington",2396,2075,690,1289,107,139,251,792,96,54,2,40,321,100,221
1600000US5307835,5307835,"Brewster city, Washington",1320,489,422,65,0,0,16,49,2,0,0,2,831,93,738
1600000US5307870,5307870,"Bridgeport city, Washington",1387,521,417,99,0,7,14,78,5,0,0,5,866,51,815
1600000US5307940,5307940,"Brier city, Washington",102,85,47,38,0,0,7,31,0,0,0,0,17,9,8
1600000US5308080,5308080,"Brinnon CDP, Washington",10,8,3,5,0,0,0,5,0,0,0,0,2,2,0
1600000US5308465,5308465,"Brush Prairie CDP, Washington",46,28,5,23,0,0,0,23,0,0,0,0,18,0,18
1600000US5308552,5308552,"Bryn Mawr-Skyway CDP, Washington",581,335,176,128,1,3,22,102,31,31,0,0,246,40,206
1600000US5308570,5308570,"Buckley city, Washington",25,25,16,9,0,0,0,9,0,0,0,0,0,0,0
1600000US5308605,5308605,"Bucoda town, Washington",12,3,3,0,0,0,0,0,0,0,0,0,9,0,9
1600000US5308780,5308780,"Burbank CDP, Washington",307,213,120,93,0,6,54,33,0,0,0,0,94,32,62
1600000US5308850,5308850,"Burien city, Washington",3418,1806,1178,603,41,30,100,432,25,25,0,0,1612,378,1234
1600000US5308920,5308920,"Burlington city, Washington",1732,1122,680,429,0,6,146,277,13,0,0,13,610,176,434
1600000US5309365,5309365,"Camano CDP, Washington",292,247,81,160,0,12,45,103,6,6,0,0,45,38,7
1600000US5309480,5309480,"Camas city, Washington",416,387,113,274,0,0,54,220,0,0,0,0,29,8,21
1600000US5309970,5309970,"Carbonado town, Washington",14,14,10,4,2,0,0,2,0,0,0,0,0,0,0
1600000US5310075,5310075,"Carlsborg CDP, Washington",12,12,6,6,0,0,0,6,0,0,0,0,0,0,0
1600000US5310215,5310215,"Carnation city, Washington",72,46,24,18,0,1,3,14,4,4,0,0,26,18,8
1600000US5310325,5310325,"Carson River Valley CDP, Washington",138,78,31,37,0,12,0,25,10,0,0,10,60,13,47
1600000US5310372,5310372,"Cascade-Fairwood CDP, Washington",1548,1199,628,547,5,36,65,441,24,0,0,24,349,137,212
1600000US5310455,5310455,"Cascade Valley CDP, Washington",289,193,88,105,0,24,25,56,0,0,0,0,96,0,96
1600000US5310495,5310495,"Cashmere city, Washington",441,158,89,57,0,0,10,47,12,0,0,12,283,54,229
1600000US5310565,5310565,"Castle Rock city, Washington",124,120,92,23,0,0,0,23,5,0,5,0,4,4,0
1600000US5310585,5310585,"Cathan CDP, Washington",6,6,3,3,0,0,0,3,0,0,0,0,0,0,0
1600000US5310600,5310600,"Cathcart CDP, Washington",60,60,24,36,0,0,0,36,0,0,0,0,0,0,0
1600000US5310635,5310635,"Cathlamet town, Washington",9,6,4,2,0,2,0,0,0,0,0,0,3,3,0
1600000US5311090,5311090,"Centerville CDP, Washington",2,2,2,0,0,0,0,0,0,0,0,0,0,0,0
1600000US5311160,5311160,"Centralia city, Washington",1533,600,382,198,0,7,42,149,20,7,0,13,933,136,797
1600000US5311195,5311195,"Central Park CDP, Washington",19,11,11,0,0,0,0,0,0,0,0,0,8,0,8
1600000US5311475,5311475,"Chehalis city, Washington",585,315,213,102,0,8,19,75,0,0,0,0,270,15,255
1600000US5311568,5311568,"Chehalis Village CDP, Washington",40,40,31,9,0,0,0,9,0,0,0,0,0,0,0
1600000US5311615,5311615,"Chelan city, Washington",577,240,195,45,0,0,11,34,0,0,0,0,337,63,274
1600000US5311825,5311825,"Cheney city, Washington",385,321,202,109,0,30,50,29,10,0,0,10,64,10,54
1600000US5312015,5312015,"Cherry Grove CDP, Washington",11,11,6,5,0,0,0,5,0,0,0,0,0,0,0
1600000US5312140,5312140,"Chewelah city, Washington",45,39,24,15,0,3,3,9,0,0,0,0,6,0,6
1600000US5312315,5312315,"Chinook CDP, Washington",0,0,0,0,0,0,0,0,0,0,0,0,0,0,0
1600000US5312630,5312630,"Clarkston city, Washington",136,109,44,65,0,0,0,65,0,0,0,0,27,9,18
1600000US5312680,5312680,"Clarkston Heights-Vineland CDP, Washington",107,94,23,71,0,3,8,60,0,0,0,0,13,6,7
1600000US5312840,5312840,"Clear Lake CDP, Washington",31,31,7,24,0,0,0,24,0,0,0,0,0,0,0
1600000US5312945,5312945,"Cle Elum city, Washington",50,38,34,4,0,0,0,4,0,0,0,0,12,3,9
1600000US5313155,5313155,"Clinton CDP, Washington",0,0,0,0,0,0,0,0,0,0,0,0,0,0,0
1600000US5313365,5313365,"Clyde Hill city, Washington",43,39,31,8,0,0,0,8,0,0,0,0,4,4,0
1600000US5313595,5313595,"Cohassett Beach CDP, Washington",0,0,0,0,0,0,0,0,0,0,0,0,0,0,0
1600000US5313785,5313785,"Colfax city, Washington",26,14,4,10,0,0,0,10,0,0,0,0,12,6,6
1600000US5313855,5313855,"College Place city, Washington",1015,682,402,265,0,11,76,178,15,8,0,7,333,137,196
1600000US5313890,5313890,"Colton town, Washington",4,4,4,0,0,0,0,0,0,0,0,0,0,0,0
1600000US5314170,5314170,"Colville city, Washington",174,153,72,74,0,0,17,57,7,0,0,7,21,14,7
1600000US5314310,5314310,"Conconully town, Washington",0,0,0,0,0,0,0,0,0,0,0,0,0,0,0
1600000US5314380,5314380,"Concrete town, Washington",3,3,0,0,0,0,0,0,3,3,0,0,0,0,0
1600000US5314485,5314485,"Connell city, Washington",1227,591,400,190,4,0,61,125,1,0,0,1,636,106,530
1600000US5314520,5314520,"Conway CDP, Washington",0,0,0,0,0,0,0,0,0,0,0,0,0,0,0
1600000US5314660,5314660,"Copalis Beach CDP, Washington",0,0,0,0,0,0,0,0,0,0,0,0,0,0,0
1600000US5314870,5314870,"Cosmopolis city, Washington",90,59,51,8,0,0,0,8,0,0,0,0,31,12,19
1600000US5314940,5314940,"Cottage Lake CDP, Washington",521,433,82,328,21,29,87,191,23,0,0,23,88,34,54
1600000US5315080,5315080,"Coulee City town, Washington",20,18,15,3,0,0,0,3,0,0,0,0,2,2,0
1600000US5315115,5315115,"Coulee Dam town, Washington",21,17,7,10,0,0,3,7,0,0,0,0,4,0,4
1600000US5315150,5315150,"Country Homes CDP, Washington",88,80,53,27,0,19,0,8,0,0,0,0,8,8,0
1600000US5315185,5315185,"Coupeville town, Washington",93,46,13,32,3,0,2,27,1,0,1,0,47,3,44
1600000US5315290,5315290,"Covington city, Washington",543,461,233,206,5,0,58,143,22,0,0,22,82,30,52
1600000US5315710,5315710,"Creston town, Washington",3,3,0,3,0,0,0,3,0,0,0,0,0,0,0
1600000US5316340,5316340,"Cusick town, Washington",0,0,0,0,0,0,0,0,0,0,0,0,0,0,0
1600000US5316375,5316375,"Custer CDP, Washington",0,0,0,0,0,0,0,0,0,0,0,0,0,0,0
1600000US5316550,5316550,"Dallesport CDP, Washington",84,44,11,33,0,0,4,29,0,0,0,0,40,8,32
1600000US5316690,5316690,"Darrington town, Washington",10,5,0,5,0,5,0,0,0,0,0,0,5,5,0
1600000US5316795,5316795,"Davenport city, Washington",33,33,15,18,0,3,2,13,0,0,0,0,0,0,0
1600000US5316970,5316970,"Dayton city, Washington",256,176,113,63,0,0,31,32,0,0,0,0,80,34,46
1600000US5317320,5317320,"Deer Park city, Washington",68,58,25,28,0,0,8,20,5,0,0,5,10,10,0
1600000US5317495,5317495,"Deming CDP, Washington",2,0,0,0,0,0,0,0,0,0,0,0,2,0,2
1600000US5317617,5317617,"Desert Aire CDP, Washington",819,344,323,21,0,0,8,13,0,0,0,0,475,28,447
1600000US5317635,5317635,"Des Moines city, Washington",1950,1077,445,605,64,8,74,459,27,15,0,12,873,170,703
1600000US5317985,5317985,"Dishman CDP, Washington",259,209,100,102,0,19,0,83,7,0,0,7,50,24,26
1600000US5318055,5318055,"Dixie CDP, Washington",0,0,0,0,0,0,0,0,0,0,0,0,0,0,0
1600000US5318195,5318195,"Dollar Corner CDP, Washington",39,29,14,6,0,0,0,6,9,0,0,9,10,0,10
1600000US5318965,5318965,"DuPont city, Washington",187,144,55,85,7,9,24,45,4,0,0,4,43,7,36
1600000US5319035,5319035,"Duvall city, Washington",164,133,70,63,8,0,18,37,0,0,0,0,31,31,0
1600000US5319290,5319290,"East Cathlamet CDP, Washington",7,7,7,0,0,0,0,0,0,0,0,0,0,0,0
1600000US5319420,5319420,"Eastgate CDP, Washington",184,85,52,33,0,0,9,24,0,0,0,0,99,5,94
1600000US5319515,5319515,"East Hill-Meridian CDP, Washington",1129,898,419,420,11,27,48,334,59,25,0,34,231,69,162
1600000US5319700,5319700,"Easton CDP, Washington",38,19,17,2,0,0,0,2,0,0,0,0,19,0,19
1600000US5319770,5319770,"East Port Orchard CDP, Washington",243,206,91,51,7,0,24,20,64,0,0,64,37,8,29
1600000US5319857,5319857,"East Renton Highlands CDP, Washington",427,273,158,115,6,15,20,74,0,0,0,0,154,56,98
1600000US5320155,5320155,"East Wenatchee city, Washington",780,425,317,90,0,0,7,83,18,18,0,0,355,164,191
1600000US5320190,5320190,"East Wenatchee Bench CDP, Washington",1653,775,497,232,15,21,26,170,46,24,0,22,878,289,589
1600000US5320260,5320260,"Eatonville town, Washington",86,49,23,25,5,0,3,17,1,0,0,1,37,0,37
1600000US5320417,5320417,"Echo Lake CDP, Washington",5,5,0,0,0,0,0,0,5,5,0,0,0,0,0
1600000US5320645,5320645,"Edgewood city, Washington",253,222,137,79,16,15,10,38,6,0,0,6,31,31,0
1600000US5320680,5320680,"Edison CDP, Washington",0,0,0,0,0,0,0,0,0,0,0,0,0,0,0
1600000US5320750,5320750,"Edmonds city, Washington",1249,734,290,428,0,28,75,325,16,0,0,16,515,143,372
1600000US5320890,5320890,"Elbe CDP, Washington",0,0,0,0,0,0,0,0,0,0,0,0,0,0,0
1600000US5321030,5321030,"Electric City town, Washington",12,12,8,4,0,0,0,4,0,0,0,0,0,0,0
1600000US5321205,5321205,"Elk Plain CDP, Washington",697,628,254,341,32,0,26,283,33,4,0,29,69,69,0
1600000US5321240,5321240,"Ellensburg city, Washington",894,578,380,189,14,0,49,126,9,9,0,0,316,65,251
1600000US5321450,5321450,"Elma city, Washington",180,149,75,74,0,6,7,61,0,0,0,0,31,12,19
1600000US5321485,5321485,"Elmer City town, Washington",8,8,5,3,0,0,0,3,0,0,0,0,0,0,0
1600000US5321730,5321730,"Endicott town, Washington",2,2,2,0,0,0,0,0,0,0,0,0,0,0,0
1600000US5322010,5322010,"Entiat city, Washington",226,138,77,61,0,1,6,54,0,0,0,0,88,17,71
1600000US5322045,5322045,"Enumclaw city, Washington",516,389,184,202,5,21,5,171,3,3,0,0,127,23,104
1600000US5322080,5322080,"Ephrata city, Washington",761,376,268,108,0,0,18,90,0,0,0,0,385,146,239
1600000US5322118,5322118,"Erlands Point-Kitsap Lake CDP, Washington",116,102,53,42,0,0,0,42,7,7,0,0,14,4,10
1600000US5322150,5322150,"Eschbach CDP, Washington",60,45,33,12,0,7,0,5,0,0,0,0,15,0,15
1600000US5322255,5322255,"Esperance CDP, Washington",159,113,33,59,11,29,0,19,21,21,0,0,46,10,36
1600000US5322640,5322640,"Everett city, Washington",6273,3967,1677,2167,89,88,430,1560,123,46,0,77,2306,520,1786
1600000US5322745,5322745,"Everson city, Washington",418,222,131,89,0,0,33,56,2,0,0,2,196,19,177
1600000US5322955,5322955,"Fairchild AFB CDP, Washington",364,334,53,257,25,16,90,126,24,0,0,24,30,19,11
1600000US5322990,5322990,"Fairfield town, Washington",33,30,18,12,0,0,0,12,0,0,0,0,3,3,0
1600000US5323165,5323165,"Fairwood CDP, Washington",163,143,85,58,0,0,0,58,0,0,0,0,20,12,8
1600000US5323200,5323200,"Fall City CDP, Washington",28,5,5,0,0,0,0,0,0,0,0,0,23,0,23
1600000US5323340,5323340,"Farmington town, Washington",0,0,0,0,0,0,0,0,0,0,0,0,0,0,0
1600000US5323515,5323515,"Federal Way city, Washington",6360,4086,1931,1979,119,88,482,1290,176,59,0,117,2274,453,1821
1600000US5323550,5323550,"Felida CDP, Washington",56,47,6,41,0,0,0,41,0,0,0,0,9,9,0
1600000US5323620,5323620,"Ferndale city, Washington",827,525,322,203,0,0,33,170,0,0,0,0,302,59,243
1600000US5323795,5323795,"Fife city, Washington",668,310,179,126,17,6,22,81,5,0,3,2,358,76,282
1600000US5323865,5323865,"Finley CDP, Washington",505,334,226,108,0,25,38,45,0,0,0,0,171,33,138
1600000US5323970,5323970,"Fircrest city, Washington",214,198,78,109,0,21,47,41,11,11,0,0,16,0,16
1600000US5324188,5324188,"Five Corners CDP, Washington",389,245,66,179,0,23,14,142,0,0,0,0,144,61,83
1600000US5324565,5324565,"Fords Prairie CDP, Washington",73,65,47,18,0,0,0,18,0,0,0,0,8,8,0
1600000US5324810,5324810,"Forks city, Washington",422,146,61,85,9,7,0,69,0,0,0,0,276,15,261
1600000US5324915,5324915,"Fort Lewis CDP, Washington",2562,2201,286,1610,190,67,385,968,305,191,0,114,361,98,263
1600000US5325370,5325370,"Fox Island CDP, Washington",60,60,6,54,12,0,17,25,0,0,0,0,0,0,0
1600000US5325475,5325475,"Frederickson CDP, Washington",240,185,68,106,23,11,25,47,11,0,0,11,55,37,18
1600000US5325510,5325510,"Freeland CDP, Washington",8,8,0,8,0,8,0,0,0,0,0,0,0,0,0
1600000US5325615,5325615,"Friday Harbor town, Washington",119,75,31,44,0,0,0,44,0,0,0,0,44,0,44
1600000US5326140,5326140,"Garfield town, Washington",0,0,0,0,0,0,0,0,0,0,0,0,0,0,0
1600000US5326245,5326245,"Garrett CDP, Washington",7,7,7,0,0,0,0,0,0,0,0,0,0,0,0
1600000US5326420,5326420,"Geneva CDP, Washington",24,24,11,13,0,5,5,3,0,0,0,0,0,0,0
1600000US5326455,5326455,"George city, Washington",335,100,92,8,0,0,5,3,0,0,0,0,235,28,207
1600000US5326735,5326735,"Gig Harbor city, Washington",120,59,18,41,0,0,0,41,0,0,0,0,61,22,39
1600000US5326875,5326875,"Glacier CDP, Washington",28,28,28,0,0,0,0,0,0,0,0,0,0,0,0
1600000US5326945,5326945,"Gleed CDP, Washington",206,111,81,30,0,0,0,30,0,0,0,0,95,29,66
1600000US5327365,5327365,"Gold Bar city, Washington",58,56,34,22,0,3,3,16,0,0,0,0,2,0,2
1600000US5327435,5327435,"Goldendale city, Washington",239,117,74,43,0,0,9,34,0,0,0,0,122,16,106
1600000US5327785,5327785,"Graham CDP, Washington",263,232,80,152,0,35,9,108,0,0,0,0,31,17,14
1600000US5327855,5327855,"Grand Coulee city, Washington",34,28,15,13,0,2,3,8,0,0,0,0,6,6,0
1600000US5327890,5327890,"Grand Mound CDP, Washington",128,105,58,45,0,0,0,45,2,2,0,0,23,0,23
1600000US5327925,5327925,"Grandview city, Washington",5726,3662,2776,842,0,49,476,317,44,21,0,23,2064,634,1430
1600000US5327960,5327960,"Granger town, Washington",2262,1282,939,343,0,19,186,138,0,0,0,0,980,130,850
1600000US5327995,5327995,"Granite Falls city, Washington",115,88,46,42,7,3,11,21,0,0,0,0,27,10,17
1600000US5328345,5328345,"Grayland CDP, Washington",62,31,19,12,0,0,0,12,0,0,0,0,31,0,31
1600000US5328520,5328520,"Green Acres CDP, Washington",90,79,19,60,0,4,24,32,0,0,0,0,11,0,11
1600000US5328695,5328695,"Greenwater CDP, Washington",0,0,0,0,0,0,0,0,0,0,0,0,0,0,0
1600000US5329255,5329255,"Hamilton town, Washington",7,6,4,2,0,0,2,0,0,0,0,0,1,0,1
1600000US5329710,5329710,"Harrah town, Washington",292,195,158,37,0,0,5,32,0,0,0,0,97,39,58
1600000US5329745,5329745,"Harrington city, Washington",0,0,0,0,0,0,0,0,0,0,0,0,0,0,0
1600000US5329920,5329920,"Hartline town, Washington",0,0,0,0,0,0,0,0,0,0,0,0,0,0,0
1600000US5330060,5330060,"Hatton town, Washington",47,12,12,0,0,0,0,0,0,0,0,0,35,0,35
1600000US5330312,5330312,"Hazel Dell North CDP, Washington",1033,405,167,238,12,21,17,188,0,0,0,0,628,40,588
1600000US5330313,5330313,"Hazel Dell South CDP, Washington",324,237,100,137,0,12,16,109,0,0,0,0,87,15,72
1600000US5330775,5330775,"Highland CDP, Washington",338,234,148,86,0,6,43,37,0,0,0,0,104,73,31
1600000US5331495,5331495,"Hobart CDP, Washington",144,118,68,50,0,3,15,32,0,0,0,0,26,8,18
1600000US5331530,5331530,"Hockinson CDP, Washington",151,122,66,50,13,0,2,35,6,0,0,6,29,16,13
1600000US5332300,5332300,"Hoquiam city, Washington",526,336,246,84,0,13,4,67,6,0,0,6,190,21,169
1600000US5332650,5332650,"Humptulips CDP, Washington",33,18,12,6,0,0,0,6,0,0,0,0,15,0,15
1600000US5332755,5332755,"Hunts Point town, Washington",15,9,3,6,0,0,0,6,0,0,0,0,6,2,4
1600000US5333000,5333000,"Ilwaco city, Washington",90,41,12,26,0,0,0,26,3,0,0,3,49,8,41
1600000US5333105,5333105,"Inchelium CDP, Washington",2,2,2,0,0,0,0,0,0,0,0,0,0,0,0
1600000US5333175,5333175,"Index town, Washington",2,2,2,0,0,0,0,0,0,0,0,0,0,0,0
1600000US5333280,5333280,"Indianola CDP, Washington",65,53,30,23,4,0,1,18,0,0,0,0,12,10,2
1600000US5333380,5333380,"Inglewood-Finn Hill CDP, Washington",914,617,251,358,5,16,63,274,8,8,0,0,297,44,253
1600000US5333560,5333560,"Ione town, Washington",16,16,11,5,0,0,0,5,0,0,0,0,0,0,0
1600000US5333805,5333805,"Issaquah city, Washington",560,211,90,111,0,0,27,84,10,0,0,10,349,57,292
1600000US5334220,5334220,"John Sam Lake CDP, Washington",18,18,14,4,0,0,0,4,0,0,0,0,0,0,0
1600000US5334277,5334277,"Jordan Road-Canyon Creek CDP, Washington",153,115,65,41,0,0,10,31,9,0,0,9,38,10,28
1600000US5334470,5334470,"Junction City CDP, Washington",0,0,0,0,0,0,0,0,0,0,0,0,0,0,0
1600000US5334575,5334575,"Kahlotus city, Washington",14,11,6,5,0,0,3,2,0,0,0,0,3,3,0
1600000US5334645,5334645,"Kalama city, Washington",41,27,6,21,0,0,0,21,0,0,0,0,14,1,13
1600000US5335065,5335065,"Kelso city, Washington",811,575,308,255,0,26,25,204,12,0,0,12,236,13,223
1600000US5335135,5335135,"Kendall CDP, Washington",0,0,0,0,0,0,0,0,0,0,0,0,0,0,0
1600000US5335170,5335170,"Kenmore city, Washington",696,575,269,278,44,26,19,189,28,28,0,0,121,97,24
1600000US5335275,5335275,"Kennewick city, Washington",8726,5381,3674,1667,4,46,473,1144,40,0,0,40,3345,682,2663
1600000US5335415,5335415,"Kent city, Washington",6456,3456,1874,1552,77,117,228,1130,30,25,0,5,3000,579,2421
1600000US5335485,5335485,"Kettle Falls city, Washington",23,23,5,18,0,0,0,18,0,0,0,0,0,0,0
1600000US5335835,5335835,"Kingsgate CDP, Washington",605,298,126,168,0,7,29,132,4,4,0,0,307,83,224
1600000US5335870,5335870,"Kingston CDP, Washington",40,40,8,32,6,0,13,13,0,0,0,0,0,0,0
1600000US5335940,5335940,"Kirkland city, Washington",1928,1302,561,728,67,24,80,557,13,13,0,0,626,175,451
1600000US5336045,5336045,"Kittitas city, Washington",224,70,54,16,0,0,10,6,0,0,0,0,154,37,117
1600000US5336115,5336115,"Klickitat CDP, Washington",62,38,19,19,0,0,5,14,0,0,0,0,24,24,0
1600000US5336395,5336395,"Krupp town, Washington",0,0,0,0,0,0,0,0,0,0,0,0,0,0,0
1600000US5336710,5336710,"La Center city, Washington",82,49,22,27,1,0,1,25,0,0,0,0,33,17,16
1600000US5336745,5336745,"Lacey city, Washington",1753,1364,463,716,41,88,198,389,185,135,0,50,389,123,266
1600000US5336780,5336780,"La Conner town, Washington",26,24,12,12,0,0,5,7,0,0,0,0,2,1,1
1600000US5336850,5336850,"La Crosse town, Washington",2,0,0,0,0,0,0,0,0,0,0,0,2,2,0
1600000US5337077,5337077,"Lake Bosworth CDP, Washington",0,0,0,0,0,0,0,0,0,0,0,0,0,0,0
1600000US5337105,5337105,"Lake Cavanaugh CDP, Washington",0,0,0,0,0,0,0,0,0,0,0,0,0,0,0
1600000US5337270,5337270,"Lake Forest Park city, Washington",185,113,61,44,0,0,11,33,8,0,0,8,72,7,65
1600000US5337287,5337287,"Lake Goodwin CDP, Washington",97,74,38,17,0,0,0,17,19,0,0,19,23,7,16
1600000US5337415,5337415,"Lake Ketchum CDP, Washington",0,0,0,0,0,0,0,0,0,0,0,0,0,0,0
1600000US5337420,5337420,"Lakeland North CDP, Washington",490,370,160,201,43,18,46,94,9,0,0,9,120,41,79
1600000US5337430,5337430,"Lakeland South CDP, Washington",347,329,147,182,18,16,0,148,0,0,0,0,18,0,18
1600000US5337526,5337526,"Lake McMurray CDP, Washington",0,0,0,0,0,0,0,0,0,0,0,0,0,0,0
1600000US5337538,5337538,"Lake Marcel-Stillwater CDP, Washington",24,24,18,6,0,0,0,6,0,0,0,0,0,0,0
1600000US5337567,5337567,"Lake Morton-Berrydale CDP, Washington",304,256,143,113,0,6,10,97,0,0,0,0,48,0,48
1600000US5337672,5337672,"Lake Roesiger CDP, Washington",0,0,0,0,0,0,0,0,0,0,0,0,0,0,0
1600000US5337830,5337830,"Lake Shore CDP, Washington",202,165,30,135,0,14,23,98,0,0,0,0,37,12,25
1600000US5337900,5337900,"Lake Stevens city, Washington",288,249,172,77,4,0,5,68,0,0,0,0,39,17,22
1600000US5337926,5337926,"Lakeview CDP, Washington",4,4,0,4,0,0,0,4,0,0,0,0,0,0,0
1600000US5338038,5338038,"Lakewood city, Washington",5010,3601,1448,1684,254,78,446,906,469,327,14,128,1409,327,1082
1600000US5338215,5338215,"Lamont town, Washington",0,0,0,0,0,0,0,0,0,0,0,0,0,0,0
1600000US5338355,5338355,"Langley city, Washington",16,16,5,9,0,0,4,5,2,0,0,2,0,0,0
1600000US5338495,5338495,"Latah town, Washington",4,4,0,4,0,0,1,3,0,0,0,0,0,0,0
1600000US5338815,5338815,"Lea Hill CDP, Washington",415,294,100,186,19,0,15,152,8,0,0,8,121,32,89
1600000US5338845,5338845,"Leavenworth city, Washington",98,42,36,6,0,0,0,6,0,0,0,0,56,7,49
1600000US5338880,5338880,"Lebam CDP, Washington",41,31,24,7,0,0,0,7,0,0,0,0,10,0,10
1600000US5339212,5339212,"Lewisville CDP, Washington",0,0,0,0,0,0,0,0,0,0,0,0,0,0,0
1600000US5339335,5339335,"Liberty Lake CDP, Washington",123,123,51,72,0,7,19,46,0,0,0,0,0,0,0
1600000US5339510,5339510,"Lind town, Washington",65,45,24,21,0,0,1,20,0,0,0,0,20,5,15
1600000US5339860,5339860,"Lochsloy CDP, Washington",117,89,9,56,0,0,0,56,24,0,0,24,28,12,16
1600000US5340070,5340070,"Long Beach city, Washington",62,38,18,20,0,4,0,16,0,0,0,0,24,14,10
1600000US5340245,5340245,"Longview city, Washington",2129,1330,714,592,0,7,53,532,24,9,0,15,799,88,711
1600000US5340270,5340270,"Longview Heights CDP, Washington",6,6,6,0,0,0,0,0,0,0,0,0,0,0,0
1600000US5340735,5340735,"Lyle CDP, Washington",6,6,6,0,0,0,0,0,0,0,0,0,0,0,0
1600000US5340770,5340770,"Lyman town, Washington",0,0,0,0,0,0,0,0,0,0,0,0,0,0,0
1600000US5340805,5340805,"Lynden city, Washington",330,302,148,154,0,0,55,99,0,0,0,0,28,11,17
1600000US5340840,5340840,"Lynnwood city, Washington",2257,1219,583,511,110,20,44,337,125,42,0,83,1038,167,871
1600000US5340980,5340980,"Mabton city, Washington",1682,1059,778,263,0,12,128,123,18,13,0,5,623,128,495
1600000US5341155,5341155,"McChord AFB CDP, Washington",337,299,32,247,25,25,59,138,20,0,0,20,38,14,24
1600000US5341225,5341225,"McCleary city, Washington",42,32,15,17,0,0,4,13,0,0,0,0,10,0,10
1600000US5341470,5341470,"Machias CDP, Washington",0,0,0,0,0,0,0,0,0,0,0,0,0,0,0
1600000US5342275,5342275,"Malden town, Washington",0,0,0,0,0,0,0,0,0,0,0,0,0,0,0
1600000US5342355,5342355,"Malone-Porter CDP, Washington",0,0,0,0,0,0,0,0,0,0,0,0,0,0,0
1600000US5342415,5342415,"Maltby CDP, Washington",172,159,58,96,0,0,27,69,5,0,0,5,13,13,0
1600000US5342450,5342450,"Manchester CDP, Washington",165,138,55,83,0,6,21,56,0,0,0,0,27,21,6
1600000US5342800,5342800,"Mansfield town, Washington",22,22,20,2,0,0,2,0,0,0,0,0,0,0,0
1600000US5343010,5343010,"Maple Falls CDP, Washington",0,0,0,0,0,0,0,0,0,0,0,0,0,0,0
1600000US5343062,5343062,"Maple Heights-Lake Desire CDP, Washington",51,41,22,19,0,4,0,15,0,0,0,0,10,0,10
1600000US5343150,5343150,"Maple Valley city, Washington",420,323,187,136,10,12,6,108,0,0,0,0,97,19,78
1600000US5343325,5343325,"Marblemount CDP, Washington",0,0,0,0,0,0,0,0,0,0,0,0,0,0,0
1600000US5343395,5343395,"Marcus town, Washington",0,0,0,0,0,0,0,0,0,0,0,0,0,0,0
1600000US5343491,5343491,"Marietta-Alderwood CDP, Washington",198,159,43,116,0,0,12,104,0,0,0,0,39,27,12
1600000US5343640,5343640,"Markham CDP, Washington",0,0,0,0,0,0,0,0,0,0,0,0,0,0,0
1600000US5343762,5343762,"Marrowstone CDP, Washington",15,15,5,10,0,0,0,10,0,0,0,0,0,0,0
1600000US5343815,5343815,"Martha Lake CDP, Washington",396,345,134,211,48,15,21,127,0,0,0,0,51,18,33
1600000US5343885,5343885,"Maryhill CDP, Washington",0,0,0,0,0,0,0,0,0,0,0,0,0,0,0
1600000US5343955,5343955,"Marysville city, Washington",1170,693,288,333,18,13,122,180,72,25,0,47,477,197,280
1600000US5344165,5344165,"Mattawa town, Washington",2482,631,523,77,0,6,21,50,31,0,0,31,1851,147,1704
1600000US5344260,5344260,"May Creek CDP, Washington",21,21,13,8,0,5,3,0,0,0,0,0,0,0,0
1600000US5344620,5344620,"Meadow Glade CDP, Washington",7,7,0,7,0,0,0,7,0,0,0,0,0,0,0
1600000US5344690,5344690,"Medical Lake city, Washington",181,178,84,91,4,16,10,61,3,0,0,3,3,3,0
1600000US5344725,5344725,"Medina city, Washington",92,87,13,74,12,0,4,58,0,0,0,0,5,5,0
1600000US5345005,5345005,"Mercer Island city, Washington",337,271,113,141,12,14,9,106,17,7,0,10,66,18,48
1600000US5345180,5345180,"Mesa city, Washington",273,112,79,33,0,4,8,21,0,0,0,0,161,19,142
1600000US5345285,5345285,"Metaline town, Washington",0,0,0,0,0,0,0,0,0,0,0,0,0,0,0
1600000US5345320,5345320,"Metaline Falls town, Washington",0,0,0,0,0,0,0,0,0,0,0,0,0,0,0
1600000US5345495,5345495,"Midland CDP, Washington",671,483,212,243,0,21,100,122,28,18,0,10,188,7,181
1600000US5345865,5345865,"Mill Creek city, Washington",423,307,122,163,6,8,52,97,22,13,0,9,116,57,59
1600000US5345915,5345915,"Mill Plain CDP, Washington",340,173,27,127,0,5,23,99,19,0,0,19,167,46,121
1600000US5345985,5345985,"Millwood town, Washington",5,5,3,2,0,0,0,2,0,0,0,0,0,0,0
1600000US5346020,5346020,"Milton city, Washington",192,152,16,120,3,3,24,90,16,5,0,11,40,20,20
1600000US5346125,5346125,"Minnehaha CDP, Washington",404,333,127,206,0,8,34,164,0,0,0,0,71,14,57
1600000US5346215,5346215,"Mirrormont CDP, Washington",71,65,50,15,0,5,0,10,0,0,0,0,6,6,0
1600000US5346405,5346405,"Moclips CDP, Washington",70,28,9,19,0,0,0,19,0,0,0,0,42,0,42
1600000US5346685,5346685,"Monroe city, Washington",1299,545,371,164,0,0,42,122,10,0,0,10,754,118,636
1600000US5346895,5346895,"Montesano city, Washington",51,51,41,10,0,0,0,10,0,0,0,0,0,0,0
1600000US5347175,5347175,"Morton city, Washington",6,5,2,3,1,0,0,2,0,0,0,0,1,1,0
1600000US5347245,5347245,"Moses Lake city, Washington",3798,2826,1684,1096,2,41,621,432,46,31,0,15,972,199,773
1600000US5347280,5347280,"Moses Lake North CDP, Washington",1004,845,602,243,0,9,77,157,0,0,0,0,159,34,125
1600000US5347315,5347315,"Mossyrock city, Washington",18,5,0,5,0,0,2,3,0,0,0,0,13,0,13
1600000US5347490,5347490,"Mountlake Terrace city, Washington",1048,629,312,267,0,11,76,180,50,12,15,23,419,79,340
1600000US5347560,5347560,"Mount Vernon city, Washington",6606,2885,1894,984,20,43,403,518,7,0,0,7,3721,545,3176
1600000US5347630,5347630,"Mount Vista CDP, Washington",126,100,23,77,0,0,22,55,0,0,0,0,26,26,0
1600000US5347665,5347665,"Moxee city, Washington",231,100,79,20,0,0,8,12,1,0,0,1,131,56,75
1600000US5347735,5347735,"Mukilteo city, Washington",567,404,157,223,9,25,23,166,24,0,0,24,163,51,112
1600000US5347805,5347805,"Naches town, Washington",82,57,8,49,19,0,0,30,0,0,0,0,25,5,20
1600000US5347980,5347980,"Napavine city, Washington",122,82,43,39,0,0,0,39,0,0,0,0,40,14,26
1600000US5348015,5348015,"Naselle CDP, Washington",9,7,4,0,0,0,0,0,3,3,0,0,2,2,0
1600000US5348225,5348225,"Navy Yard City CDP, Washington",181,157,74,76,7,0,16,53,7,7,0,0,24,12,12
1600000US5348295,5348295,"Neah Bay CDP, Washington",41,39,30,7,0,0,0,7,2,0,0,2,2,0,2
1600000US5348330,5348330,"Neilton CDP, Washington",17,13,10,3,0,0,0,3,0,0,0,0,4,3,1
1600000US5348540,5348540,"Nespelem town, Washington",2,0,0,0,0,0,0,0,0,0,0,0,2,0,2
1600000US5348550,5348550,"Nespelem Community CDP, Washington",4,4,4,0,0,0,0,0,0,0,0,0,0,0,0
1600000US5348645,5348645,"Newcastle city, Washington",377,230,128,90,39,11,20,20,12,0,0,12,147,18,129
1600000US5348820,5348820,"Newport city, Washington",62,61,44,17,0,0,5,12,0,0,0,0,1,1,0
1600000US5349193,5349193,"Nisqually Indian Community CDP, Washington",65,56,41,12,0,0,0,12,3,0,0,3,9,0,9
1600000US5349275,5349275,"Nooksack city, Washington",94,69,43,26,0,0,7,19,0,0,0,0,25,3,22
1600000US5349415,5349415,"Normandy Park city, Washington",213,207,55,152,19,7,24,102,0,0,0,0,6,0,6
1600000US5349485,5349485,"North Bend city, Washington",236,158,104,35,0,0,11,24,19,0,0,19,78,5,73
1600000US5349555,5349555,"North Bonneville city, Washington",18,4,1,3,0,0,0,3,0,0,0,0,14,0,14
1600000US5349665,5349665,"North Creek CDP, Washington",969,652,282,366,23,9,56,278,4,0,4,0,317,97,220
1600000US5349992,5349992,"North Marysville CDP, Washington",956,743,287,435,0,56,50,329,21,21,0,0,213,100,113
1600000US5350007,5350007,"North Omak CDP, Washington",131,53,43,10,10,0,0,0,0,0,0,0,78,11,67
1600000US5350045,5350045,"Northport town, Washington",7,7,0,7,0,0,3,4,0,0,0,0,0,0,0
1600000US5350175,5350175,"North Stanwood CDP, Washington",0,0,0,0,0,0,0,0,0,0,0,0,0,0,0
1600000US5350183,5350183,"North Sultan CDP, Washington",0,0,0,0,0,0,0,0,0,0,0,0,0,0,0
1600000US5350191,5350191,"Northwest Snohomish CDP, Washington",82,74,20,47,0,19,0,28,7,7,0,0,8,8,0
1600000US5350210,5350210,"North Yelm CDP, Washington",134,89,29,50,0,0,16,34,10,0,0,10,45,16,29
1600000US5350325,5350325,"Oakesdale town, Washington",0,0,0,0,0,0,0,0,0,0,0,0,0,0,0
1600000US5350360,5350360,"Oak Harbor city, Washington",1289,1143,352,722,57,56,136,473,69,44,3,22,146,87,59
1600000US5350430,5350430,"Oakville city, Washington",56,45,37,8,0,4,0,4,0,0,0,0,11,7,4
1600000US5350500,5350500,"Ocean City CDP, Washington",0,0,0,0,0,0,0,0,0,0,0,0,0,0,0
1600000US5350535,5350535,"Ocean Park CDP, Washington",46,19,8,11,0,0,0,11,0,0,0,0,27,0,27
1600000US5350570,5350570,"Ocean Shores city, Washington",52,46,35,5,0,0,0,5,6,6,0,0,6,6,0
1600000US5350745,5350745,"Odessa town, Washington",12,12,9,3,0,0,1,2,0,0,0,0,0,0,0
1600000US5350920,5350920,"Okanogan city, Washington",229,137,99,32,0,0,0,32,6,0,0,6,92,14,78
1600000US5351300,5351300,"Olympia city, Washington",1958,1670,648,929,41,88,144,656,93,32,0,61,288,76,212
1600000US5351340,5351340,"Omak city, Washington",676,416,249,167,0,8,36,123,0,0,0,0,260,54,206
1600000US5351515,5351515,"Opportunity CDP, Washington",523,444,182,247,18,4,62,163,15,15,0,0,79,12,67
1600000US5351795,5351795,"Orchards CDP, Washington",841,725,206,491,29,0,60,402,28,15,0,13,116,26,90
1600000US5351970,5351970,"Oroville city, Washington",307,163,125,38,1,3,2,32,0,0,0,0,144,16,128
1600000US5352005,5352005,"Orting city, Washington",110,92,57,35,4,0,12,19,0,0,0,0,18,10,8
1600000US5352110,5352110,"Oso CDP, Washington",0,0,0,0,0,0,0,0,0,0,0,0,0,0,0
1600000US5352215,5352215,"Othello city, Washington",3624,1993,1450,536,0,62,219,255,7,0,0,7,1631,363,1268
1600000US5352267,5352267,"Otis Orchards-East Farms CDP, Washington",140,140,35,105,0,0,33,72,0,0,0,0,0,0,0
1600000US5352380,5352380,"Oyehut-Hogans Corner CDP, Washington",0,0,0,0,0,0,0,0,0,0,0,0,0,0,0
1600000US5352495,5352495,"Pacific city, Washington",359,304,192,106,11,4,0,91,6,0,0,6,55,11,44
1600000US5352765,5352765,"Paine Field-Lake Stickney CDP, Washington",1959,1309,627,614,56,46,71,441,68,36,0,32,650,163,487
1600000US5352950,5352950,"Palouse city, Washington",35,35,14,16,0,0,0,16,5,5,0,0,0,0,0
1600000US5353335,5353335,"Parkland CDP, Washington",1237,940,490,384,43,9,123,209,66,33,0,33,297,54,243
1600000US5353440,5353440,"Parkwood CDP, Washington",341,324,139,178,18,0,28,132,7,0,0,7,17,0,17
1600000US5353545,5353545,"Pasco city, Washington",18035,9453,6427,2884,11,99,953,1821,142,4,0,138,8582,1396,7186
1600000US5353720,5353720,"Pateros city, Washington",225,64,56,8,2,0,3,3,0,0,0,0,161,11,150
1600000US5353800,5353800,"Peaceful Valley CDP, Washington",117,108,0,108,0,0,78,30,0,0,0,0,9,6,3
1600000US5353930,5353930,"Pe Ell town, Washington",0,0,0,0,0,0,0,0,0,0,0,0,0,0,0
1600000US5354215,5354215,"Picnic Point-North Lynnwood CDP, Washington",1091,683,193,473,20,51,52,350,17,7,0,10,408,122,286
1600000US5355120,5355120,"Pomeroy city, Washington",15,10,2,5,0,0,0,5,3,3,0,0,5,5,0
1600000US5355365,5355365,"Port Angeles city, Washington",564,509,299,203,9,21,30,143,7,0,0,7,55,0,55
1600000US5355400,5355400,"Port Angeles East CDP, Washington",36,24,14,10,0,0,0,10,0,0,0,0,12,12,0
1600000US5355620,5355620,"Port Hadlock-Irondale CDP, Washington",52,52,14,38,0,0,16,22,0,0,0,0,0,0,0
1600000US5355645,5355645,"Port Ludlow CDP, Washington",65,65,65,0,0,0,0,0,0,0,0,0,0,0,0
1600000US5355785,5355785,"Port Orchard city, Washington",325,262,88,174,0,10,100,64,0,0,0,0,63,0,63
1600000US5355855,5355855,"Port Townsend city, Washington",197,174,84,77,11,0,23,43,13,0,0,13,23,11,12
1600000US5355995,5355995,"Poulsbo city, Washington",388,288,120,168,0,16,39,113,0,0,0,0,100,0,100
1600000US5356170,5356170,"Prairie Ridge CDP, Washington",422,317,226,91,0,15,12,64,0,0,0,0,105,67,38
1600000US5356240,5356240,"Prescott town, Washington",23,17,7,10,0,0,2,8,0,0,0,0,6,5,1
1600000US5356304,5356304,"Priest Point CDP, Washington",28,17,7,2,0,0,2,0,8,0,0,8,11,9,2
1600000US5356450,5356450,"Prosser city, Washington",1329,791,649,142,0,0,69,73,0,0,0,0,538,169,369
1600000US5356625,5356625,"Pullman city, Washington",1052,791,249,469,13,66,46,344,73,65,0,8,261,83,178
1600000US5356695,5356695,"Puyallup city, Washington",1663,1366,639,660,65,113,64,418,67,47,0,20,297,102,195
1600000US5356975,5356975,"Quilcene CDP, Washington",10,3,0,3,0,0,0,3,0,0,0,0,7,0,7
1600000US5357115,5357115,"Quincy city, Washington",3401,1610,1060,544,0,0,205,339,6,0,0,6,1791,282,1509
1600000US5357220,5357220,"Rainier town, Washington",60,60,41,15,0,0,2,13,4,2,0,2,0,0,0
1600000US5357395,5357395,"Ravensdale CDP, Washington",6,6,0,6,0,0,0,6,0,0,0,0,0,0,0
1600000US5357430,5357430,"Raymond city, Washington",193,98,79,19,0,10,0,9,0,0,0,0,95,13,82
1600000US5357465,5357465,"Reardan town, Washington",15,15,8,7,0,0,4,3,0,0,0,0,0,0,0
1600000US5357535,5357535,"Redmond city, Washington",2597,1224,555,623,21,59,82,461,46,15,0,31,1373,283,1090
1600000US5357745,5357745,"Renton city, Washington",3745,1811,1041,766,53,9,159,545,4,0,0,4,1934,267,1667
1600000US5357850,5357850,"Republic city, Washington",18,12,10,2,0,2,0,0,0,0,0,0,6,0,6
1600000US5358235,5358235,"Richland city, Washington",1850,1521,992,486,45,30,113,298,43,5,0,38,329,204,125
1600000US5358410,5358410,"Ridgefield city, Washington",34,25,9,13,0,2,2,9,3,0,0,3,9,0,9
1600000US5358725,5358725,"Ritzville city, Washington",51,37,16,13,0,0,0,13,8,8,0,0,14,3,11
1600000US5358742,5358742,"Riverbend CDP, Washington",53,37,15,22,0,0,0,22,0,0,0,0,16,16,0
1600000US5358777,5358777,"River Road CDP, Washington",0,0,0,0,0,0,0,0,0,0,0,0,0,0,0
1600000US5358795,5358795,"Riverside town, Washington",11,10,7,3,0,0,0,3,0,0,0,0,1,1,0
1600000US5358878,5358878,"Riverton-Boulevard Park CDP, Washington",1814,907,646,261,7,0,55,199,0,0,0,0,907,104,803
1600000US5359110,5359110,"Rochester CDP, Washington",295,152,129,23,0,18,0,5,0,0,0,0,143,23,120
1600000US5359145,5359145,"Rockford town, Washington",2,2,0,2,0,0,0,2,0,0,0,0,0,0,0
1600000US5359180,5359180,"Rock Island city, Washington",298,145,132,13,0,2,0,11,0,0,0,0,153,58,95
1600000US5359250,5359250,"Rockport CDP, Washington",0,0,0,0,0,0,0,0,0,0,0,0,0,0,0
1600000US5359635,5359635,"Ronald CDP, Washington",0,0,0,0,0,0,0,0,0,0,0,0,0,0,0
1600000US5359705,5359705,"Roosevelt CDP, Washington",27,8,8,0,0,0,0,0,0,0,0,0,19,0,19
1600000US5359775,5359775,"Rosalia town, Washington",5,5,2,3,0,0,2,1,0,0,0,0,0,0,0
1600000US5360055,5360055,"Roslyn city, Washington",3,1,1,0,0,0,0,0,0,0,0,0,2,2,0
1600000US5360160,5360160,"Roy city, Washington",15,15,6,9,0,0,4,5,0,0,0,0,0,0,0
1600000US5360230,5360230,"Royal City city, Washington",1475,519,408,107,0,10,28,69,4,0,0,4,956,158,798
1600000US5360510,5360510,"Ruston town, Washington",32,32,16,16,0,0,4,12,0,0,0,0,0,0,0
1600000US5360860,5360860,"St. John town, Washington",16,16,4,12,0,4,8,0,0,0,0,0,0,0,0
1600000US5361000,5361000,"Salmon Creek CDP, Washington",730,413,133,259,0,26,0,233,21,0,11,10,317,68,249
1600000US5361115,5361115,"Sammamish city, Washington",894,810,332,459,60,32,45,322,19,5,0,14,84,67,17
1600000US5361350,5361350,"Satsop CDP, Washington",3,3,0,3,0,0,3,0,0,0,0,0,0,0,0
1600000US5361385,5361385,"Satus CDP, Washington",225,159,88,71,0,15,55,1,0,0,0,0,66,19,47
1600000US5362288,5362288,"SeaTac city, Washington",3425,1604,825,729,15,33,54,627,50,6,0,44,1821,277,1544
1600000US5363000,5363000,"Seattle city, Washington",29655,17805,7941,9096,884,816,1863,5533,768,283,21,464,11850,2933,8917
1600000US5363052,5363052,"Seattle Hill-Silver Firs CDP, Washington",936,723,394,322,9,15,117,181,7,0,0,7,213,125,88
1600000US5363210,5363210,"Sedro-Woolley city, Washington",593,404,299,88,0,0,9,79,17,11,0,6,189,37,152
1600000US5363280,5363280,"Selah city, Washington",703,483,291,192,0,31,43,118,0,0,0,0,220,109,111
1600000US5363385,5363385,"Sequim city, Washington",174,128,73,55,4,0,17,34,0,0,0,0,46,0,46
1600000US5363550,5363550,"Shaker Church CDP, Washington",28,22,18,4,0,0,4,0,0,0,0,0,6,3,3
1600000US5363735,5363735,"Shelton city, Washington",996,490,232,215,0,7,67,141,43,0,0,43,506,86,420
1600000US5363960,5363960,"Shoreline city, Washington",1974,1282,644,574,21,74,67,412,64,0,40,24,692,182,510
1600000US5364190,5364190,"Silvana CDP, Washington",0,0,0,0,0,0,0,0,0,0,0,0,0,0,0
1600000US5364365,5364365,"Silverdale CDP, Washington",592,490,63,415,66,48,113,188,12,0,0,12,102,49,53
1600000US5364775,5364775,"Skokomish CDP, Washington",9,9,5,4,0,0,2,2,0,0,0,0,0,0,0
1600000US5364855,5364855,"Skykomish town, Washington",0,0,0,0,0,0,0,0,0,0,0,0,0,0,0
1600000US5364995,5364995,"Smokey Point CDP, Washington",37,23,11,12,0,0,0,12,0,0,0,0,14,14,0
1600000US5365170,5365170,"Snohomish city, Washington",385,218,90,117,0,0,9,108,11,0,0,11,167,25,142
1600000US5365205,5365205,"Snoqualmie city, Washington",63,46,35,11,0,0,4,7,0,0,0,0,17,0,17
1600000US5365275,5365275,"Snoqualmie Pass CDP, Washington",4,4,0,4,0,0,2,2,0,0,0,0,0,0,0
1600000US5365345,5365345,"Soap Lake city, Washington",246,131,56,75,0,0,13,62,0,0,0,0,115,8,107
1600000US5365625,5365625,"South Bend city, Washington",191,102,51,51,0,0,4,47,0,0,0,0,89,18,71
1600000US5365765,5365765,"South Cle Elum town, Washington",14,14,14,0,0,0,0,0,0,0,0,0,0,0,0
1600000US5365922,5365922,"South Hill CDP, Washington",1335,1089,446,618,29,38,163,388,25,0,0,25,246,108,138
1600000US5366045,5366045,"South Prairie town, Washington",2,2,2,0,0,0,0,0,0,0,0,0,0,0,0
1600000US5366185,5366185,"South Wenatchee CDP, Washington",822,350,234,91,0,0,8,83,25,0,0,25,472,56,416
1600000US5366255,5366255,"Spanaway CDP, Washington",1268,1003,342,529,30,27,158,314,132,98,0,34,265,77,188
1600000US5366290,5366290,"Spangle town, Washington",7,7,3,1,0,0,0,1,3,0,0,3,0,0,0
1600000US5367000,5367000,"Spokane city, Washington",5766,5091,2230,2671,190,193,474,1814,190,118,11,61,675,323,352
1600000US5367175,5367175,"Sprague city, Washington",20,15,9,5,0,0,3,2,1,1,0,0,5,1,4
1600000US5367210,5367210,"Springdale town, Washington",9,9,3,4,0,2,0,2,2,0,2,0,0,0,0
1600000US5367455,5367455,"Stanwood city, Washington",244,139,78,61,0,0,10,51,0,0,0,0,105,19,86
1600000US5367490,5367490,"Starbuck town, Washington",3,3,0,3,3,0,0,0,0,0,0,0,0,0,0
1600000US5367595,5367595,"Startup CDP, Washington",12,12,12,0,0,0,0,0,0,0,0,0,0,0,0
1600000US5367770,5367770,"Steilacoom town, Washington",271,243,79,117,7,18,60,32,47,13,0,34,28,23,5
1600000US5367875,5367875,"Stevenson city, Washington",24,24,5,19,0,2,2,15,0,0,0,0,0,0,0
1600000US5368025,5368025,"Stimson Crossing CDP, Washington",12,12,3,9,0,3,0,6,0,0,0,0,0,0,0
1600000US5368200,5368200,"Sudden Valley CDP, Washington",106,97,43,54,0,10,0,44,0,0,0,0,9,9,0
1600000US5368260,5368260,"Sultan city, Washington",36,36,22,14,0,0,0,14,0,0,0,0,0,0,0
1600000US5368330,5368330,"Sumas city, Washington",61,45,22,23,0,0,6,17,0,0,0,0,16,7,9
1600000US5368365,5368365,"Summit CDP, Washington",240,144,62,71,8,0,20,43,11,8,0,3,96,13,83
1600000US5368417,5368417,"Summitview CDP, Washington",31,20,8,12,0,0,12,0,0,0,0,0,11,0,11
1600000US5368435,5368435,"Sumner city, Washington",448,271,160,111,10,11,16,74,0,0,0,0,177,5,172
1600000US5368750,5368750,"Sunnyside city, Washington",10184,5504,4163,1243,0,28,533,682,98,41,0,57,4680,893,3787
1600000US5368785,5368785,"Sunnyslope CDP, Washington",262,170,111,59,0,0,24,35,0,0,0,0,92,48,44
1600000US5369170,5369170,"Suquamish CDP, Washington",113,96,61,35,4,6,2,23,0,0,0,0,17,6,11
1600000US5370000,5370000,"Tacoma city, Washington",13232,8909,4607,3630,309,190,860,2271,672,383,57,232,4323,929,3394
1600000US5370175,5370175,"Taholah CDP, Washington",26,26,19,7,0,0,0,7,0,0,0,0,0,0,0
1600000US5370297,5370297,"Tanglewilde-Thompson Place CDP, Washington",508,398,194,141,28,0,25,88,63,45,0,18,110,37,73
1600000US5370315,5370315,"Tanner CDP, Washington",55,47,13,34,0,24,10,0,0,0,0,0,8,0,8
1600000US5370560,5370560,"Tekoa city, Washington",18,13,11,2,0,2,0,0,0,0,0,0,5,2,3
1600000US5370630,5370630,"Tenino city, Washington",37,26,20,5,0,0,0,5,1,0,0,1,11,1,10
1600000US5370805,5370805,"Terrace Heights CDP, Washington",683,467,328,128,7,11,34,76,11,0,0,11,216,75,141
1600000US5371225,5371225,"Thorp CDP, Washington",12,2,2,0,0,0,0,0,0,0,0,0,10,2,8
1600000US5371330,5371330,"Three Lakes CDP, Washington",7,7,7,0,0,0,0,0,0,0,0,0,0,0,0
1600000US5371400,5371400,"Tieton town, Washington",548,219,136,81,0,4,0,77,2,0,0,2,329,49,280
1600000US5371680,5371680,"Tokeland CDP, Washington",0,0,0,0,0,0,0,0,0,0,0,0,0,0,0
1600000US5371785,5371785,"Toledo city, Washington",15,7,3,2,0,0,0,2,2,0,0,2,8,0,8
1600000US5371890,5371890,"Tonasket city, Washington",68,24,20,4,0,0,0,4,0,0,0,0,44,13,31
1600000US5371960,5371960,"Toppenish city, Washington",6744,3915,2935,973,0,80,449,444,7,0,0,7,2829,628,2201
1600000US5372030,5372030,"Touchet CDP, Washington",78,43,40,3,0,0,3,0,0,0,0,0,35,11,24
1600000US5372170,5372170,"Town and Country CDP, Washington",191,132,68,64,0,4,14,46,0,0,0,0,59,37,22
1600000US5372205,5372205,"Tracyton CDP, Washington",133,104,48,56,0,13,4,39,0,0,0,0,29,8,21
1600000US5372310,5372310,"Trentwood CDP, Washington",151,140,60,75,4,18,15,38,5,5,0,0,11,4,7
1600000US5372450,5372450,"Trout Lake CDP, Washington",46,36,0,36,7,0,6,23,0,0,0,0,10,0,10
1600000US5372625,5372625,"Tukwila city, Washington",2353,1019,413,574,52,60,102,360,32,14,0,18,1334,276,1058
1600000US5372705,5372705,"Tulalip Bay CDP, Washington",64,49,25,24,0,0,10,14,0,0,0,0,15,8,7
1600000US5372905,5372905,"Tumwater city, Washington",420,307,126,167,9,6,22,130,14,0,0,14,113,9,104
1600000US5373080,5373080,"Twisp town, Washington",43,16,14,2,0,0,0,2,0,0,0,0,27,1,26
1600000US5373290,5373290,"Union Gap city, Washington",1694,920,620,286,0,25,60,201,14,0,0,14,774,158,616
1600000US5373307,5373307,"Union Hill-Novelty Hill CDP, Washington",381,224,56,160,34,0,0,126,8,0,0,8,157,25,132
1600000US5373360,5373360,"Uniontown town, Washington",4,2,0,2,0,2,0,0,0,0,0,0,2,2,0
1600000US5373465,5373465,"University Place city, Washington",1126,917,458,420,59,45,118,198,39,8,0,31,209,109,100
1600000US5373780,5373780,"Vader city, Washington",55,29,24,5,0,0,0,5,0,0,0,0,26,5,21
1600000US5374060,5374060,"Vancouver city, Washington",9013,5611,1852,3619,113,168,472,2866,140,18,0,122,3402,690,2712
1600000US5374200,5374200,"Vantage CDP, Washington",0,0,0,0,0,0,0,0,0,0,0,0,0,0,0
1600000US5374305,5374305,"Vashon CDP, Washington",294,171,101,70,0,18,20,32,0,0,0,0,123,9,114
1600000US5374585,5374585,"Venersborg CDP, Washington",73,40,0,40,0,0,0,40,0,0,0,0,33,0,33
1600000US5374725,5374725,"Veradale CDP, Washington",205,155,77,68,0,2,0,66,10,0,0,10,50,9,41
1600000US5374760,5374760,"Verlot CDP, Washington",0,0,0,0,0,0,0,0,0,0,0,0,0,0,0
1600000US5375565,5375565,"Waitsburg city, Washington",28,25,11,14,0,0,4,10,0,0,0,0,3,3,0
1600000US5375775,5375775,"Walla Walla city, Washington",5219,3039,1818,1136,31,37,323,745,85,0,0,85,2180,545,1635
1600000US5375810,5375810,"Walla Walla East CDP, Washington",146,59,41,18,0,0,4,14,0,0,0,0,87,5,82
1600000US5375905,5375905,"Waller CDP, Washington",366,200,126,65,7,9,14,35,9,2,0,7,166,10,156
1600000US5375985,5375985,"Wallula CDP, Washington",73,67,27,40,0,0,32,8,0,0,0,0,6,0,6
1600000US5376055,5376055,"Walnut Grove CDP, Washington",191,164,30,125,0,9,28,88,9,0,0,9,27,7,20
1600000US5376125,5376125,"Wapato city, Washington",3543,2155,1704,381,0,6,116,259,70,0,0,70,1388,457,931
1600000US5376160,5376160,"Warden city, Washington",1962,1191,805,368,0,11,222,135,18,0,0,18,771,279,492
1600000US5376195,5376195,"Warm Beach CDP, Washington",66,66,66,0,0,0,0,0,0,0,0,0,0,0,0
1600000US5376405,5376405,"Washougal city, Washington",208,153,38,115,0,0,29,86,0,0,0,0,55,24,31
1600000US5376440,5376440,"Washtucna town, Washington",11,11,6,5,0,0,3,2,0,0,0,0,0,0,0
1600000US5376510,5376510,"Waterville town, Washington",108,46,44,2,0,0,0,2,0,0,0,0,62,17,45
1600000US5376720,5376720,"Waverly town, Washington",0,0,0,0,0,0,0,0,0,0,0,0,0,0,0
1600000US5376800,5376800,"Weallup Lake CDP, Washington",49,32,3,28,0,4,9,15,1,1,0,0,17,9,8
1600000US5377105,5377105,"Wenatchee city, Washington",5854,2673,1930,716,14,82,150,470,27,0,0,27,3181,790,2391
1600000US5377297,5377297,"West Clarkston-Highland CDP, Washington",103,97,16,81,0,0,14,67,0,0,0,0,6,6,0
1600000US5377535,5377535,"West Lake Sammamish CDP, Washington",115,90,27,59,0,0,0,59,4,4,0,0,25,25,0
1600000US5377542,5377542,"West Lake Stevens CDP, Washington",837,713,313,382,18,50,113,201,18,7,0,11,124,75,49
1600000US5377547,5377547,"West Longview CDP, Washington",76,76,51,25,0,0,6,19,0,0,0,0,0,0,0
1600000US5377612,5377612,"West Pasco CDP, Washington",480,368,242,126,0,6,38,82,0,0,0,0,112,54,58
1600000US5377630,5377630,"Westport city, Washington",57,33,14,19,0,0,0,19,0,0,0,0,24,12,12
1600000US5377665,5377665,"West Richland city, Washington",410,257,152,105,0,0,16,89,0,0,0,0,153,50,103
1600000US5377745,5377745,"West Side Highway CDP, Washington",146,128,87,41,0,19,0,22,0,0,0,0,18,0,18
1600000US5377885,5377885,"West Valley CDP, Washington",785,666,433,189,7,39,18,125,44,13,0,31,119,79,40
1600000US5377910,5377910,"West Wenatchee CDP, Washington",83,33,25,8,0,0,0,8,0,0,0,0,50,40,10
1600000US5378225,5378225,"White Center CDP, Washington",2337,1206,580,552,25,85,60,382,74,60,0,14,1131,172,959
1600000US5378330,5378330,"White Salmon city, Washington",413,171,94,77,0,0,7,70,0,0,0,0,242,63,179
1600000US5378365,5378365,"White Swan CDP, Washington",280,162,143,19,0,0,0,19,0,0,0,0,118,15,103
1600000US5378680,5378680,"Wilbur town, Washington",12,12,2,10,0,0,2,8,0,0,0,0,0,0,0
1600000US5378925,5378925,"Wilkeson town, Washington",4,4,0,4,0,0,0,4,0,0,0,0,0,0,0
1600000US5379135,5379135,"Wilson Creek town, Washington",33,33,0,33,0,4,29,0,0,0,0,0,0,0,0
1600000US5379275,5379275,"Winlock city, Washington",112,67,44,20,0,0,3,17,3,3,0,0,45,7,38
1600000US5379380,5379380,"Winthrop town, Washington",0,0,0,0,0,0,0,0,0,0,0,0,0,0,0
1600000US5379485,5379485,"Wishram CDP, Washington",11,11,0,11,0,0,3,8,0,0,0,0,0,0,0
1600000US5379590,5379590,"Woodinville city, Washington",770,289,195,94,0,11,7,76,0,0,0,0,481,65,416
1600000US5379625,5379625,"Woodland city, Washington",203,131,46,69,0,0,7,62,16,0,0,16,72,33,39
1600000US5379825,5379825,"Woods Creek CDP, Washington",233,160,60,100,0,0,17,83,0,0,0,0,73,50,23
1600000US5379835,5379835,"Woodway city, Washington",11,6,4,2,0,0,2,0,0,0,0,0,5,2,3
1600000US5379975,5379975,"Yacolt town, Washington",31,31,15,15,0,0,2,13,1,0,0,1,0,0,0
1600000US5380010,5380010,"Yakima city, Washington",24418,13244,9686,3432,55,138,837,2402,126,46,0,80,11174,2267,8907
1600000US5380150,5380150,"Yarrow Point town, Washington",15,10,5,5,0,2,0,3,0,0,0,0,5,2,3
1600000US5380220,5380220,"Yelm city, Washington",119,97,34,57,0,8,15,34,6,0,0,6,22,7,15
1600000US5380500,5380500,"Zillah city, Washington",617,437,354,79,3,3,29,44,4,0,0,4,180,73,107
