GEO.id,GEO.id2,GEO.display-label,VD01,VD02,VD03,VD04,VD05,VD06,VD07,VD08,VD09,VD10,VD11,VD12,VD13,VD14,VD15
Id,Id2,Geography,Total:,Native:,Native: - Born in state of residence,Native: - Born in other state in the United States:,Native: - Born in other state in the United States: - Northeast,Native: - Born in other state in the United States: - Midwest,Native: - Born in other state in the United States: - South,Native: - Born in other state in the United States: - West,Native: - Born outside the United States:,Native: - Born outside the United States: - Puerto Rico,Native: - Born outside the United States: - U.S. Island Areas,Native: - Born outside the United States: - Born abroad of American parent(s),Foreign born:,Foreign born: - Naturalized citizen,Foreign born: - Not a citizen
0500000US53033,53033,"King County, Washington",187788,62156,40134,19200,1733,2312,2430,12725,2822,0,333,2489,125632,65954,59678
1400000US53033000100,53033000100,"Census Tract 1, King County, Washington",627,133,50,68,8,23,0,37,15,0,0,15,494,178,316
1400000US53033000200,53033000200,"Census Tract 2, King County, Washington",1198,385,297,73,0,0,12,61,15,0,0,15,813,406,407
1400000US53033000300,53033000300,"Census Tract 3, King County, Washington",302,62,34,16,0,0,0,16,12,0,0,12,240,134,106
1400000US53033000401,53033000401,"Census Tract 4.01, King County, Washington",669,124,72,46,0,0,16,30,6,0,0,6,545,292,253
1400000US53033000402,53033000402,"Census Tract 4.02, King County, Washington",392,171,144,18,0,0,0,18,9,0,0,9,221,139,82
1400000US53033000500,53033000500,"Census Tract 5, King County, Washington",176,46,38,8,0,0,0,8,0,0,0,0,130,86,44
1400000US53033000600,53033000600,"Census Tract 6, King County, Washington",1416,339,260,66,0,6,6,54,13,0,0,13,1077,596,481
1400000US53033000700,53033000700,"Census Tract 7, King County, Washington",702,224,111,87,6,0,16,65,26,0,0,26,478,277,201
1400000US53033000800,53033000800,"Census Tract 8, King County, Washington",341,136,101,26,0,0,0,26,9,0,3,6,205,155,50
1400000US53033000900,53033000900,"Census Tract 9, King County, Washington",93,43,16,27,5,0,0,22,0,0,0,0,50,34,16
1400000US53033001000,53033001000,"Census Tract 10, King County, Washington",229,61,43,11,0,0,0,11,7,0,0,7,168,99,69
1400000US53033001100,53033001100,"Census Tract 11, King County, Washington",258,137,95,42,9,5,0,28,0,0,0,0,121,107,14
1400000US53033001200,53033001200,"Census Tract 12, King County, Washington",1010,164,56,101,0,8,0,93,7,0,7,0,846,236,610
1400000US53033001300,53033001300,"Census Tract 13, King County, Washington",657,164,99,31,0,0,0,31,34,0,23,11,493,187,306
1400000US53033001400,53033001400,"Census Tract 14, King County, Washington",359,90,55,16,0,0,9,7,19,0,0,19,269,183,86
1400000US53033001500,53033001500,"Census Tract 15, King County, Washington",58,17,0,11,5,6,0,0,6,0,0,6,41,0,41
1400000US53033001600,53033001600,"Census Tract 16, King County, Washington",242,119,88,31,0,0,5,26,0,0,0,0,123,60,63
1400000US53033001700,53033001700,"Census Tract 17, King County, Washington",966,260,175,68,0,17,8,43,17,0,0,17,706,433,273
1400000US53033001800,53033001800,"Census Tract 18, King County, Washington",444,145,87,58,9,16,6,27,0,0,0,0,299,124,175
1400000US53033001900,53033001900,"Census Tract 19, King County, Washington",406,179,131,41,0,7,6,28,7,0,0,7,227,130,97
1400000US53033002000,53033002000,"Census Tract 20, King County, Washington",165,30,14,16,0,16,0,0,0,0,0,0,135,71,64
1400000US53033002100,53033002100,"Census Tract 21, King County, Washington",335,97,62,30,9,0,0,21,5,0,5,0,238,181,57
1400000US53033002200,53033002200,"Census Tract 22, King County, Washington",574,168,110,58,20,0,0,38,0,0,0,0,406,298,108
1400000US53033002400,53033002400,"Census Tract 24, King County, Washington",239,37,17,20,12,0,0,8,0,0,0,0,202,64,138
1400000US53033002500,53033002500,"Census Tract 25, King County, Washington",158,65,16,42,12,0,11,19,7,0,0,7,93,63,30
1400000US53033002600,53033002600,"Census Tract 26, King County, Washington",252,112,49,59,0,0,6,53,4,0,0,4,140,56,84
1400000US53033002700,53033002700,"Census Tract 27, King County, Washington",274,135,70,54,0,13,25,16,11,0,0,11,139,103,36
1400000US53033002800,53033002800,"Census Tract 28, King County, Washington",244,70,19,51,6,7,8,30,0,0,0,0,174,114,60
1400000US53033002900,53033002900,"Census Tract 29, King County, Washington",159,50,27,12,5,0,0,7,11,0,0,11,109,26,83
1400000US53033003000,53033003000,"Census Tract 30, King County, Washington",167,87,43,44,9,16,0,19,0,0,0,0,80,25,55
1400000US53033003100,53033003100,"Census Tract 31, King County, Washington",161,72,38,26,0,6,7,13,8,0,0,8,89,55,34
1400000US53033003200,53033003200,"Census Tract 32, King County, Washington",297,130,23,107,0,18,0,89,0,0,0,0,167,92,75
1400000US53033003300,53033003300,"Census Tract 33, King County, Washington",240,112,48,53,0,7,12,34,11,0,0,11,128,96,32
1400000US53033003400,53033003400,"Census Tract 34, King County, Washington",91,35,11,24,0,0,9,15,0,0,0,0,56,29,27
1400000US53033003500,53033003500,"Census Tract 35, King County, Washington",118,100,30,57,0,0,6,51,13,0,0,13,18,12,6
1400000US53033003600,53033003600,"Census Tract 36, King County, Washington",429,187,80,96,0,29,26,41,11,0,0,11,242,140,102
1400000US53033003800,53033003800,"Census Tract 38, King County, Washington",161,34,23,11,0,4,0,7,0,0,0,0,127,58,69
1400000US53033003900,53033003900,"Census Tract 39, King County, Washington",265,79,57,10,10,0,0,0,12,0,0,12,186,117,69
1400000US53033004000,53033004000,"Census Tract 40, King County, Washington",171,61,25,36,6,16,0,14,0,0,0,0,110,60,50
1400000US53033004100,53033004100,"Census Tract 41, King County, Washington",590,192,115,58,14,20,14,10,19,0,0,19,398,101,297
1400000US53033004200,53033004200,"Census Tract 42, King County, Washington",443,212,113,87,6,29,5,47,12,0,0,12,231,87,144
1400000US53033004300,53033004300,"Census Tract 43, King County, Washington",713,309,128,181,7,18,14,142,0,0,0,0,404,108,296
1400000US53033004400,53033004400,"Census Tract 44, King County, Washington",720,224,109,104,7,26,18,53,11,0,0,11,496,171,325
1400000US53033004500,53033004500,"Census Tract 45, King County, Washington",182,89,28,41,5,0,10,26,20,0,0,20,93,45,48
1400000US53033004600,53033004600,"Census Tract 46, King County, Washington",84,50,6,37,0,4,0,33,7,0,0,7,34,4,30
1400000US53033004700,53033004700,"Census Tract 47, King County, Washington",185,53,24,29,0,13,0,16,0,0,0,0,132,93,39
1400000US53033004800,53033004800,"Census Tract 48, King County, Washington",136,34,24,0,0,0,0,0,10,0,0,10,102,88,14
1400000US53033004900,53033004900,"Census Tract 49, King County, Washington",141,58,38,13,0,0,0,13,7,0,0,7,83,52,31
1400000US53033005000,53033005000,"Census Tract 50, King County, Washington",135,59,31,24,11,0,0,13,4,0,0,4,76,51,25
1400000US53033005100,53033005100,"Census Tract 51, King County, Washington",177,76,17,44,0,22,0,22,15,0,0,15,101,46,55
1400000US53033005200,53033005200,"Census Tract 52, King County, Washington",662,318,131,174,26,7,8,133,13,0,0,13,344,160,184
1400000US53033005301,53033005301,"Census Tract 53.01, King County, Washington",1672,689,294,370,21,60,54,235,25,0,17,8,983,275,708
1400000US53033005302,53033005302,"Census Tract 53.02, King County, Washington",755,254,104,126,5,0,25,96,24,0,15,9,501,134,367
1400000US53033005400,53033005400,"Census Tract 54, King County, Washington",259,136,91,45,0,0,31,14,0,0,0,0,123,101,22
1400000US53033005600,53033005600,"Census Tract 56, King County, Washington",223,112,54,52,8,9,0,35,6,0,0,6,111,83,28
1400000US53033005700,53033005700,"Census Tract 57, King County, Washington",378,127,88,32,0,0,5,27,7,0,0,7,251,159,92
1400000US53033005801,53033005801,"Census Tract 58.01, King County, Washington",389,143,112,31,0,0,12,19,0,0,0,0,246,55,191
1400000US53033005802,53033005802,"Census Tract 58.02, King County, Washington",278,126,67,46,0,0,0,46,13,0,0,13,152,68,84
1400000US53033005900,53033005900,"Census Tract 59, King County, Washington",340,125,47,69,17,0,0,52,9,0,0,9,215,72,143
1400000US53033006000,53033006000,"Census Tract 60, King County, Washington",258,109,49,57,0,8,24,25,3,0,0,3,149,79,70
1400000US53033006100,53033006100,"Census Tract 61, King County, Washington",276,102,18,84,14,22,0,48,0,0,0,0,174,157,17
1400000US53033006200,53033006200,"Census Tract 62, King County, Washington",222,105,42,54,12,35,0,7,9,0,0,9,117,85,32
1400000US53033006300,53033006300,"Census Tract 63, King County, Washington",44,34,10,12,0,0,0,12,12,0,0,12,10,10,0
1400000US53033006400,53033006400,"Census Tract 64, King County, Washington",166,71,44,22,0,7,0,15,5,0,0,5,95,55,40
1400000US53033006500,53033006500,"Census Tract 65, King County, Washington",232,101,22,62,0,23,8,31,17,0,0,17,131,70,61
1400000US53033006600,53033006600,"Census Tract 66, King County, Washington",225,97,27,56,5,11,0,40,14,0,0,14,128,57,71
1400000US53033006700,53033006700,"Census Tract 67, King County, Washington",349,147,65,82,0,0,23,59,0,0,0,0,202,80,122
1400000US53033006800,53033006800,"Census Tract 68, King County, Washington",52,16,4,12,0,0,0,12,0,0,0,0,36,11,25
1400000US53033006900,53033006900,"Census Tract 69, King County, Washington",150,70,36,28,0,0,0,28,6,0,0,6,80,34,46
1400000US53033007000,53033007000,"Census Tract 70, King County, Washington",373,102,19,83,0,0,21,62,0,0,0,0,271,161,110
1400000US53033007100,53033007100,"Census Tract 71, King County, Washington",65,22,7,10,0,0,6,4,5,0,0,5,43,27,16
1400000US53033007200,53033007200,"Census Tract 72, King County, Washington",294,91,32,59,11,8,14,26,0,0,0,0,203,84,119
1400000US53033007300,53033007300,"Census Tract 73, King County, Washington",156,53,16,37,0,0,23,14,0,0,0,0,103,44,59
1400000US53033007400,53033007400,"Census Tract 74, King County, Washington",565,210,107,103,38,12,0,53,0,0,0,0,355,84,271
1400000US53033007500,53033007500,"Census Tract 75, King County, Washington",280,66,37,29,9,10,0,10,0,0,0,0,214,97,117
1400000US53033007600,53033007600,"Census Tract 76, King County, Washington",129,90,37,53,0,11,12,30,0,0,0,0,39,31,8
1400000US53033007700,53033007700,"Census Tract 77, King County, Washington",121,84,30,54,0,18,18,18,0,0,0,0,37,28,9
1400000US53033007800,53033007800,"Census Tract 78, King County, Washington",126,77,44,33,8,0,0,25,0,0,0,0,49,43,6
1400000US53033007900,53033007900,"Census Tract 79, King County, Washington",228,72,45,21,0,6,5,10,6,0,0,6,156,103,53
1400000US53033008001,53033008001,"Census Tract 80.01, King County, Washington",286,84,42,35,0,25,0,10,7,0,7,0,202,108,94
1400000US53033008002,53033008002,"Census Tract 80.02, King County, Washington",236,97,34,40,8,5,0,27,23,0,23,0,139,104,35
1400000US53033008100,53033008100,"Census Tract 81, King County, Washington",238,51,0,40,0,9,0,31,11,0,0,11,187,97,90
1400000US53033008200,53033008200,"Census Tract 82, King County, Washington",250,82,43,39,15,0,0,24,0,0,0,0,168,79,89
1400000US53033008300,53033008300,"Census Tract 83, King County, Washington",299,97,42,24,5,0,0,19,31,0,23,8,202,55,147
1400000US53033008400,53033008400,"Census Tract 84, King County, Washington",466,81,15,52,0,17,7,28,14,0,0,14,385,61,324
1400000US53033008500,53033008500,"Census Tract 85, King County, Washington",593,244,101,124,0,0,72,52,19,0,0,19,349,140,209
1400000US53033008600,53033008600,"Census Tract 86, King County, Washington",631,290,88,140,13,2,36,89,62,0,43,19,341,198,143
1400000US53033008700,53033008700,"Census Tract 87, King County, Washington",369,200,98,82,29,0,10,43,20,0,0,20,169,115,54
1400000US53033008800,53033008800,"Census Tract 88, King County, Washington",125,44,8,36,10,0,0,26,0,0,0,0,81,60,21
1400000US53033008900,53033008900,"Census Tract 89, King County, Washington",261,76,62,14,0,4,0,10,0,0,0,0,185,138,47
1400000US53033009000,53033009000,"Census Tract 90, King County, Washington",911,280,189,84,3,37,0,44,7,0,7,0,631,413,218
1400000US53033009100,53033009100,"Census Tract 91, King County, Washington",1139,197,121,60,10,28,9,13,16,0,0,16,942,487,455
1400000US53033009200,53033009200,"Census Tract 92, King County, Washington",558,10,10,0,0,0,0,0,0,0,0,0,548,331,217
1400000US53033009300,53033009300,"Census Tract 93, King County, Washington",579,311,271,40,0,10,0,30,0,0,0,0,268,141,127
1400000US53033009400,53033009400,"Census Tract 94, King County, Washington",2533,747,602,135,0,9,0,126,10,0,0,10,1786,1154,632
1400000US53033009500,53033009500,"Census Tract 95, King County, Washington",1005,298,250,48,9,15,0,24,0,0,0,0,707,359,348
1400000US53033009600,53033009600,"Census Tract 96, King County, Washington",174,112,28,72,0,0,10,62,12,0,0,12,62,32,30
1400000US53033009701,53033009701,"Census Tract 97.01, King County, Washington",215,90,60,30,0,0,0,30,0,0,0,0,125,108,17
1400000US53033009702,53033009702,"Census Tract 97.02, King County, Washington",177,92,43,41,0,0,0,41,8,0,0,8,85,29,56
1400000US53033009800,53033009800,"Census Tract 98, King County, Washington",250,114,81,33,0,0,0,33,0,0,0,0,136,78,58
1400000US53033009900,53033009900,"Census Tract 99, King County, Washington",491,256,201,55,14,8,0,33,0,0,0,0,235,134,101
1400000US53033010000,53033010000,"Census Tract 100, King County, Washington",3559,1137,930,136,0,0,11,125,71,0,0,71,2422,1356,1066
1400000US53033010100,53033010100,"Census Tract 101, King County, Washington",1393,426,291,106,0,21,8,77,29,0,0,29,967,556,411
1400000US53033010200,53033010200,"Census Tract 102, King County, Washington",1068,462,354,93,0,23,0,70,15,0,0,15,606,352,254
1400000US53033010300,53033010300,"Census Tract 103, King County, Washington",1662,577,413,161,27,46,27,61,3,0,0,3,1085,645,440
1400000US53033010400,53033010400,"Census Tract 104, King County, Washington",5163,1596,1348,179,0,0,0,179,69,0,0,69,3567,2052,1515
1400000US53033010500,53033010500,"Census Tract 105, King County, Washington",255,72,32,40,8,0,0,32,0,0,0,0,183,123,60
1400000US53033010600,53033010600,"Census Tract 106, King County, Washington",220,105,80,14,0,7,0,7,11,0,0,11,115,50,65
1400000US53033010700,53033010700,"Census Tract 107, King County, Washington",1599,459,348,102,0,7,6,89,9,0,0,9,1140,578,562
1400000US53033010800,53033010800,"Census Tract 108, King County, Washington",1315,327,307,0,0,0,0,0,20,0,0,20,988,481,507
1400000US53033010900,53033010900,"Census Tract 109, King County, Washington",123,33,26,7,0,0,7,0,0,0,0,0,90,47,43
1400000US53033011000,53033011000,"Census Tract 110, King County, Washington",3212,864,730,110,0,6,0,104,24,0,0,24,2348,1304,1044
1400000US53033011101,53033011101,"Census Tract 111.01, King County, Washington",2125,532,460,48,10,12,0,26,24,0,0,24,1593,773,820
1400000US53033011102,53033011102,"Census Tract 111.02, King County, Washington",1366,468,413,41,0,12,0,29,14,0,0,14,898,372,526
1400000US53033011200,53033011200,"Census Tract 112, King County, Washington",541,127,110,17,0,8,0,9,0,0,0,0,414,207,207
1400000US53033011300,53033011300,"Census Tract 113, King County, Washington",1387,303,224,73,0,26,4,43,6,0,0,6,1084,663,421
1400000US53033011400,53033011400,"Census Tract 114, King County, Washington",1604,386,330,56,13,11,0,32,0,0,0,0,1218,611,607
1400000US53033011500,53033011500,"Census Tract 115, King County, Washington",278,125,83,42,0,0,26,16,0,0,0,0,153,94,59
1400000US53033011600,53033011600,"Census Tract 116, King County, Washington",198,81,51,30,0,0,10,20,0,0,0,0,117,79,38
1400000US53033011700,53033011700,"Census Tract 117, King County, Washington",2588,846,696,117,0,5,5,107,33,0,0,33,1742,1004,738
1400000US53033011800,53033011800,"Census Tract 118, King County, Washington",2073,611,524,87,7,0,28,52,0,0,0,0,1462,750,712
1400000US53033011900,53033011900,"Census Tract 119, King County, Washington",2172,932,831,79,0,8,18,53,22,0,0,22,1240,889,351
1400000US53033012000,53033012000,"Census Tract 120, King County, Washington",245,113,79,34,0,0,5,29,0,0,0,0,132,85,47
1400000US53033012100,53033012100,"Census Tract 121, King County, Washington",99,76,45,22,0,6,0,16,9,0,0,9,23,23,0
1400000US53033020100,53033020100,"Census Tract 201, King County, Washington",144,67,36,31,0,12,0,19,0,0,0,0,77,57,20
1400000US53033020200,53033020200,"Census Tract 202, King County, Washington",455,98,66,32,9,0,23,0,0,0,0,0,357,197,160
1400000US53033020300,53033020300,"Census Tract 203, King County, Washington",1048,246,184,62,0,30,0,32,0,0,0,0,802,308,494
1400000US53033020401,53033020401,"Census Tract 204.01, King County, Washington",288,94,52,42,0,0,0,42,0,0,0,0,194,116,78
1400000US53033020402,53033020402,"Census Tract 204.02, King County, Washington",755,238,138,90,35,0,6,49,10,0,0,10,517,424,93
1400000US53033020500,53033020500,"Census Tract 205, King County, Washington",805,170,123,47,28,0,12,7,0,0,0,0,635,407,228
1400000US53033020600,53033020600,"Census Tract 206, King County, Washington",675,172,135,14,0,6,2,6,23,0,0,23,503,316,187
1400000US53033020700,53033020700,"Census Tract 207, King County, Washington",401,78,48,30,0,9,0,21,0,0,0,0,323,209,114
1400000US53033020800,53033020800,"Census Tract 208, King County, Washington",139,45,45,0,0,0,0,0,0,0,0,0,94,88,6
1400000US53033020900,53033020900,"Census Tract 209, King County, Washington",423,144,84,50,19,0,0,31,10,0,0,10,279,165,114
1400000US53033021000,53033021000,"Census Tract 210, King County, Washington",1032,289,257,32,0,7,10,15,0,0,0,0,743,522,221
1400000US53033021100,53033021100,"Census Tract 211, King County, Washington",664,157,119,26,0,0,0,26,12,0,0,12,507,197,310
1400000US53033021300,53033021300,"Census Tract 213, King County, Washington",459,122,77,38,0,7,14,17,7,0,7,0,337,216,121
1400000US53033021400,53033021400,"Census Tract 214, King County, Washington",228,99,87,12,0,0,0,12,0,0,0,0,129,120,9
1400000US53033021500,53033021500,"Census Tract 215, King County, Washington",373,157,125,24,0,0,0,24,8,0,0,8,216,158,58
1400000US53033021600,53033021600,"Census Tract 216, King County, Washington",470,221,109,93,27,0,4,62,19,0,0,19,249,142,107
1400000US53033021700,53033021700,"Census Tract 217, King County, Washington",310,90,59,31,0,6,9,16,0,0,0,0,220,125,95
1400000US53033021802,53033021802,"Census Tract 218.02, King County, Washington",255,84,38,46,22,0,19,5,0,0,0,0,171,72,99
1400000US53033021803,53033021803,"Census Tract 218.03, King County, Washington",249,77,77,0,0,0,0,0,0,0,0,0,172,51,121
1400000US53033021804,53033021804,"Census Tract 218.04, King County, Washington",150,57,21,36,0,26,0,10,0,0,0,0,93,69,24
1400000US53033021903,53033021903,"Census Tract 219.03, King County, Washington",456,86,67,19,5,0,9,5,0,0,0,0,370,186,184
1400000US53033021904,53033021904,"Census Tract 219.04, King County, Washington",902,244,144,92,16,5,8,63,8,0,0,8,658,252,406
1400000US53033021905,53033021905,"Census Tract 219.05, King County, Washington",348,148,97,51,6,8,7,30,0,0,0,0,200,122,78
1400000US53033021906,53033021906,"Census Tract 219.06, King County, Washington",525,214,89,118,0,11,0,107,7,0,0,7,311,149,162
1400000US53033022001,53033022001,"Census Tract 220.01, King County, Washington",327,135,82,53,0,0,0,53,0,0,0,0,192,150,42
1400000US53033022003,53033022003,"Census Tract 220.03, King County, Washington",419,166,101,60,0,13,5,42,5,0,0,5,253,152,101
1400000US53033022005,53033022005,"Census Tract 220.05, King County, Washington",588,146,20,72,0,8,41,23,54,0,0,54,442,220,222
1400000US53033022006,53033022006,"Census Tract 220.06, King County, Washington",368,127,48,69,0,0,6,63,10,0,0,10,241,137,104
1400000US53033022101,53033022101,"Census Tract 221.01, King County, Washington",276,104,53,51,9,13,0,29,0,0,0,0,172,85,87
1400000US53033022102,53033022102,"Census Tract 221.02, King County, Washington",381,114,47,53,0,23,23,7,14,0,0,14,267,121,146
1400000US53033022201,53033022201,"Census Tract 222.01, King County, Washington",165,66,17,36,10,7,0,19,13,0,0,13,99,58,41
1400000US53033022202,53033022202,"Census Tract 222.02, King County, Washington",577,231,137,94,7,0,15,72,0,0,0,0,346,228,118
1400000US53033022203,53033022203,"Census Tract 222.03, King County, Washington",399,119,114,5,0,0,0,5,0,0,0,0,280,135,145
1400000US53033022300,53033022300,"Census Tract 223, King County, Washington",82,17,6,0,0,0,0,0,11,0,0,11,65,37,28
1400000US53033022400,53033022400,"Census Tract 224, King County, Washington",362,106,58,33,18,0,0,15,15,0,0,15,256,134,122
1400000US53033022500,53033022500,"Census Tract 225, King County, Washington",392,185,73,112,8,15,19,70,0,0,0,0,207,103,104
1400000US53033022603,53033022603,"Census Tract 226.03, King County, Washington",572,100,65,35,0,24,0,11,0,0,0,0,472,256,216
1400000US53033022604,53033022604,"Census Tract 226.04, King County, Washington",244,52,39,13,0,0,0,13,0,0,0,0,192,109,83
1400000US53033022605,53033022605,"Census Tract 226.05, King County, Washington",749,152,54,98,7,8,44,39,0,0,0,0,597,80,517
1400000US53033022606,53033022606,"Census Tract 226.06, King County, Washington",578,168,111,57,0,17,12,28,0,0,0,0,410,260,150
1400000US53033022701,53033022701,"Census Tract 227.01, King County, Washington",127,42,8,34,7,5,0,22,0,0,0,0,85,23,62
1400000US53033022702,53033022702,"Census Tract 227.02, King County, Washington",147,41,7,34,0,0,8,26,0,0,0,0,106,42,64
1400000US53033022703,53033022703,"Census Tract 227.03, King County, Washington",256,97,57,40,0,19,10,11,0,0,0,0,159,87,72
1400000US53033022801,53033022801,"Census Tract 228.01, King County, Washington",1657,424,184,193,26,8,53,106,47,0,9,38,1233,410,823
1400000US53033022802,53033022802,"Census Tract 228.02, King County, Washington",745,234,137,95,30,6,0,59,2,0,0,2,511,263,248
1400000US53033022803,53033022803,"Census Tract 228.03, King County, Washington",1039,269,134,135,24,0,19,92,0,0,0,0,770,136,634
1400000US53033022901,53033022901,"Census Tract 229.01, King County, Washington",557,239,158,61,0,6,18,37,20,0,0,20,318,220,98
1400000US53033022902,53033022902,"Census Tract 229.02, King County, Washington",811,220,156,57,0,5,24,28,7,0,0,7,591,271,320
1400000US53033023000,53033023000,"Census Tract 230, King County, Washington",627,164,116,48,16,0,6,26,0,0,0,0,463,186,277
1400000US53033023100,53033023100,"Census Tract 231, King County, Washington",348,68,37,21,0,12,5,4,10,0,0,10,280,162,118
1400000US53033023201,53033023201,"Census Tract 232.01, King County, Washington",1281,212,126,86,13,0,0,73,0,0,0,0,1069,294,775
1400000US53033023202,53033023202,"Census Tract 232.02, King County, Washington",768,109,77,26,0,12,0,14,6,0,0,6,659,286,373
1400000US53033023300,53033023300,"Census Tract 233, King County, Washington",1080,342,186,135,32,0,7,96,21,0,6,15,738,478,260
1400000US53033023401,53033023401,"Census Tract 234.01, King County, Washington",643,170,105,59,0,22,21,16,6,0,0,6,473,177,296
1400000US53033023402,53033023402,"Census Tract 234.02, King County, Washington",676,235,146,73,8,0,0,65,16,0,0,16,441,261,180
1400000US53033023500,53033023500,"Census Tract 235, King County, Washington",449,199,85,95,7,0,21,67,19,0,10,9,250,67,183
1400000US53033023601,53033023601,"Census Tract 236.01, King County, Washington",510,102,66,21,0,0,6,15,15,0,0,15,408,92,316
1400000US53033023603,53033023603,"Census Tract 236.03, King County, Washington",1378,246,129,104,33,17,7,47,13,0,0,13,1132,206,926
1400000US53033023604,53033023604,"Census Tract 236.04, King County, Washington",1043,193,119,74,14,19,0,41,0,0,0,0,850,418,432
1400000US53033023700,53033023700,"Census Tract 237, King County, Washington",469,145,49,96,4,0,0,92,0,0,0,0,324,98,226
1400000US53033023801,53033023801,"Census Tract 238.01, King County, Washington",211,76,25,33,7,8,5,13,18,0,10,8,135,31,104
1400000US53033023802,53033023802,"Census Tract 238.02, King County, Washington",325,86,6,80,17,13,6,44,0,0,0,0,239,61,178
1400000US53033023900,53033023900,"Census Tract 239, King County, Washington",515,91,60,31,0,0,0,31,0,0,0,0,424,128,296
1400000US53033024000,53033024000,"Census Tract 240, King County, Washington",743,159,69,90,0,0,20,70,0,0,0,0,584,271,313
1400000US53033024100,53033024100,"Census Tract 241, King County, Washington",245,74,51,19,0,11,4,4,4,0,0,4,171,120,51
1400000US53033024200,53033024200,"Census Tract 242, King County, Washington",97,24,10,8,0,6,2,0,6,0,1,5,73,20,53
1400000US53033024300,53033024300,"Census Tract 243, King County, Washington",842,370,286,77,10,14,0,53,7,0,0,7,472,362,110
1400000US53033024400,53033024400,"Census Tract 244, King County, Washington",390,98,57,41,11,7,6,17,0,0,0,0,292,92,200
1400000US53033024500,53033024500,"Census Tract 245, King County, Washington",487,234,146,72,11,4,14,43,16,0,4,12,253,200,53
1400000US53033024601,53033024601,"Census Tract 246.01, King County, Washington",454,250,176,74,0,31,0,43,0,0,0,0,204,127,77
1400000US53033024602,53033024602,"Census Tract 246.02, King County, Washington",263,168,137,31,11,10,0,10,0,0,0,0,95,51,44
1400000US53033024701,53033024701,"Census Tract 247.01, King County, Washington",581,203,115,76,9,43,0,24,12,0,0,12,378,228,150
1400000US53033024702,53033024702,"Census Tract 247.02, King County, Washington",1019,506,332,154,0,26,14,114,20,0,0,20,513,294,219
1400000US53033024800,53033024800,"Census Tract 248, King County, Washington",1004,312,190,103,0,30,14,59,19,0,8,11,692,172,520
1400000US53033024901,53033024901,"Census Tract 249.01, King County, Washington",1138,456,309,131,20,19,31,61,16,0,0,16,682,487,195
1400000US53033024902,53033024902,"Census Tract 249.02, King County, Washington",562,214,135,75,15,0,25,35,4,0,0,4,348,167,181
1400000US53033024903,53033024903,"Census Tract 249.03, King County, Washington",1836,783,503,263,72,53,48,90,17,0,10,7,1053,705,348
1400000US53033025001,53033025001,"Census Tract 250.01, King County, Washington",872,317,244,66,6,18,5,37,7,0,0,7,555,364,191
1400000US53033025003,53033025003,"Census Tract 250.03, King County, Washington",1097,463,288,150,24,19,34,73,25,0,0,25,634,401,233
1400000US53033025004,53033025004,"Census Tract 250.04, King County, Washington",590,169,120,43,0,0,0,43,6,0,6,0,421,264,157
1400000US53033025101,53033025101,"Census Tract 251.01, King County, Washington",890,356,207,123,0,22,0,101,26,0,0,26,534,326,208
1400000US53033025102,53033025102,"Census Tract 251.02, King County, Washington",601,227,177,26,0,0,0,26,24,0,0,24,374,292,82
1400000US53033025200,53033025200,"Census Tract 252, King County, Washington",632,197,152,35,0,0,6,29,10,0,0,10,435,273,162
1400000US53033025300,53033025300,"Census Tract 253, King County, Washington",432,122,69,53,6,6,0,41,0,0,0,0,310,200,110
1400000US53033025400,53033025400,"Census Tract 254, King County, Washington",784,168,135,33,0,0,13,20,0,0,0,0,616,383,233
1400000US53033025500,53033025500,"Census Tract 255, King County, Washington",443,72,25,47,0,0,0,47,0,0,0,0,371,213,158
1400000US53033025600,53033025600,"Census Tract 256, King County, Washington",350,167,80,69,0,0,29,40,18,0,18,0,183,121,62
1400000US53033025701,53033025701,"Census Tract 257.01, King County, Washington",775,303,186,68,0,11,0,57,49,0,14,35,472,234,238
1400000US53033025702,53033025702,"Census Tract 257.02, King County, Washington",572,257,214,43,0,0,0,43,0,0,0,0,315,246,69
1400000US53033025801,53033025801,"Census Tract 258.01, King County, Washington",1404,550,372,146,0,0,8,138,32,0,0,32,854,501,353
1400000US53033025803,53033025803,"Census Tract 258.03, King County, Washington",455,141,116,14,0,0,0,14,11,0,0,11,314,190,124
1400000US53033025804,53033025804,"Census Tract 258.04, King County, Washington",451,119,94,8,0,0,0,8,17,0,0,17,332,229,103
1400000US53033026001,53033026001,"Census Tract 260.01, King County, Washington",1130,533,432,76,0,7,10,59,25,0,0,25,597,396,201
1400000US53033026002,53033026002,"Census Tract 260.02, King County, Washington",1083,379,264,101,42,0,0,59,14,0,0,14,704,480,224
1400000US53033026100,53033026100,"Census Tract 261, King County, Washington",1324,482,364,107,10,0,8,89,11,0,0,11,842,454,388
1400000US53033026200,53033026200,"Census Tract 262, King County, Washington",511,164,88,76,20,33,0,23,0,0,0,0,347,133,214
1400000US53033026300,53033026300,"Census Tract 263, King County, Washington",270,77,52,13,0,0,0,13,12,0,0,12,193,35,158
1400000US53033026400,53033026400,"Census Tract 264, King County, Washington",810,287,226,49,0,9,18,22,12,0,0,12,523,218,305
1400000US53033026500,53033026500,"Census Tract 265, King County, Washington",989,223,215,8,0,0,0,8,0,0,0,0,766,306,460
1400000US53033026600,53033026600,"Census Tract 266, King County, Washington",588,172,139,33,0,0,5,28,0,0,0,0,416,230,186
1400000US53033026700,53033026700,"Census Tract 267, King County, Washington",591,267,221,26,0,0,0,26,20,0,0,20,324,78,246
1400000US53033026801,53033026801,"Census Tract 268.01, King County, Washington",927,197,183,7,0,0,7,0,7,0,0,7,730,236,494
1400000US53033026802,53033026802,"Census Tract 268.02, King County, Washington",1201,351,272,71,0,0,8,63,8,0,0,8,850,356,494
1400000US53033026900,53033026900,"Census Tract 269, King County, Washington",192,84,75,9,0,0,0,9,0,0,0,0,108,75,33
1400000US53033027000,53033027000,"Census Tract 270, King County, Washington",365,88,88,0,0,0,0,0,0,0,0,0,277,177,100
1400000US53033027100,53033027100,"Census Tract 271, King County, Washington",279,130,101,29,4,0,8,17,0,0,0,0,149,66,83
1400000US53033027200,53033027200,"Census Tract 272, King County, Washington",253,78,61,17,0,2,7,8,0,0,0,0,175,100,75
1400000US53033027300,53033027300,"Census Tract 273, King County, Washington",584,172,147,18,4,0,6,8,7,0,0,7,412,208,204
1400000US53033027400,53033027400,"Census Tract 274, King County, Washington",771,282,153,98,25,35,3,35,31,0,0,31,489,263,226
1400000US53033027500,53033027500,"Census Tract 275, King County, Washington",300,76,47,9,0,0,0,9,20,0,10,10,224,104,120
1400000US53033027600,53033027600,"Census Tract 276, King County, Washington",130,61,47,14,0,0,0,14,0,0,0,0,69,51,18
1400000US53033027701,53033027701,"Census Tract 277.01, King County, Washington",90,18,10,8,8,0,0,0,0,0,0,0,72,0,72
1400000US53033027702,53033027702,"Census Tract 277.02, King County, Washington",36,8,4,4,4,0,0,0,0,0,0,0,28,23,5
1400000US53033027800,53033027800,"Census Tract 278, King County, Washington",83,26,13,0,0,0,0,0,13,0,0,13,57,57,0
1400000US53033027900,53033027900,"Census Tract 279, King County, Washington",269,54,36,9,0,0,0,9,9,0,0,9,215,96,119
1400000US53033028000,53033028000,"Census Tract 280, King County, Washington",267,116,79,37,0,8,0,29,0,0,0,0,151,66,85
1400000US53033028100,53033028100,"Census Tract 281, King County, Washington",348,119,102,11,2,9,0,0,6,0,0,6,229,110,119
1400000US53033028200,53033028200,"Census Tract 282, King County, Washington",481,134,82,42,0,0,18,24,10,0,0,10,347,241,106
1400000US53033028300,53033028300,"Census Tract 283, King County, Washington",365,82,46,30,9,16,0,5,6,0,0,6,283,187,96
1400000US53033028402,53033028402,"Census Tract 284.02, King County, Washington",552,149,102,8,0,0,0,8,39,0,0,39,403,160,243
1400000US53033028403,53033028403,"Census Tract 284.03, King County, Washington",558,157,79,32,5,14,6,7,46,0,0,46,401,190,211
1400000US53033028500,53033028500,"Census Tract 285, King County, Washington",410,144,127,17,17,0,0,0,0,0,0,0,266,188,78
1400000US53033028600,53033028600,"Census Tract 286, King County, Washington",386,144,88,33,0,0,9,24,23,0,5,18,242,159,83
1400000US53033028700,53033028700,"Census Tract 287, King County, Washington",287,124,94,30,0,0,4,26,0,0,0,0,163,102,61
1400000US53033028801,53033028801,"Census Tract 288.01, King County, Washington",288,193,33,160,7,19,11,123,0,0,0,0,95,60,35
1400000US53033028802,53033028802,"Census Tract 288.02, King County, Washington",568,140,125,15,0,0,0,15,0,0,0,0,428,218,210
1400000US53033028901,53033028901,"Census Tract 289.01, King County, Washington",219,102,67,35,0,0,9,26,0,0,0,0,117,62,55
1400000US53033028902,53033028902,"Census Tract 289.02, King County, Washington",716,207,108,91,6,8,12,65,8,0,0,8,509,181,328
1400000US53033029001,53033029001,"Census Tract 290.01, King County, Washington",341,142,83,59,13,0,6,40,0,0,0,0,199,101,98
1400000US53033029003,53033029003,"Census Tract 290.03, King County, Washington",784,249,170,59,0,28,0,31,20,0,0,20,535,307,228
1400000US53033029004,53033029004,"Census Tract 290.04, King County, Washington",429,135,122,13,0,0,0,13,0,0,0,0,294,187,107
1400000US53033029100,53033029100,"Census Tract 291, King County, Washington",375,124,78,23,0,0,12,11,23,0,0,23,251,79,172
1400000US53033029201,53033029201,"Census Tract 292.01, King County, Washington",546,213,122,77,0,7,0,70,14,0,14,0,333,177,156
1400000US53033029203,53033029203,"Census Tract 292.03, King County, Washington",251,114,43,52,0,0,0,52,19,0,0,19,137,100,37
1400000US53033029204,53033029204,"Census Tract 292.04, King County, Washington",486,183,128,55,0,0,0,55,0,0,0,0,303,182,121
1400000US53033029303,53033029303,"Census Tract 293.03, King County, Washington",1057,529,353,154,11,17,8,118,22,0,0,22,528,341,187
1400000US53033029304,53033029304,"Census Tract 293.04, King County, Washington",615,201,118,64,19,0,0,45,19,0,0,19,414,225,189
1400000US53033029305,53033029305,"Census Tract 293.05, King County, Washington",516,193,180,13,0,0,0,13,0,0,0,0,323,288,35
1400000US53033029306,53033029306,"Census Tract 293.06, King County, Washington",530,133,80,53,0,0,19,34,0,0,0,0,397,284,113
1400000US53033029307,53033029307,"Census Tract 293.07, King County, Washington",521,265,188,65,0,10,9,46,12,0,0,12,256,236,20
1400000US53033029403,53033029403,"Census Tract 294.03, King County, Washington",1103,375,226,131,20,0,9,102,18,0,0,18,728,391,337
1400000US53033029405,53033029405,"Census Tract 294.05, King County, Washington",671,180,130,21,0,0,0,21,29,0,0,29,491,302,189
1400000US53033029406,53033029406,"Census Tract 294.06, King County, Washington",391,154,113,41,0,18,0,23,0,0,0,0,237,118,119
1400000US53033029407,53033029407,"Census Tract 294.07, King County, Washington",521,104,64,40,0,0,9,31,0,0,0,0,417,262,155
1400000US53033029408,53033029408,"Census Tract 294.08, King County, Washington",620,172,145,22,0,0,7,15,5,0,0,5,448,228,220
1400000US53033029502,53033029502,"Census Tract 295.02, King County, Washington",693,313,230,70,12,6,0,52,13,0,0,13,380,274,106
1400000US53033029503,53033029503,"Census Tract 295.03, King County, Washington",699,179,106,73,17,0,24,32,0,0,0,0,520,164,356
1400000US53033029504,53033029504,"Census Tract 295.04, King County, Washington",424,215,161,40,0,22,0,18,14,0,0,14,209,90,119
1400000US53033029601,53033029601,"Census Tract 296.01, King County, Washington",1077,284,209,75,6,7,28,34,0,0,0,0,793,458,335
1400000US53033029602,53033029602,"Census Tract 296.02, King County, Washington",196,91,72,19,0,0,0,19,0,0,0,0,105,65,40
1400000US53033029700,53033029700,"Census Tract 297, King County, Washington",262,59,45,14,0,7,0,7,0,0,0,0,203,74,129
1400000US53033029801,53033029801,"Census Tract 298.01, King County, Washington",554,198,131,67,0,0,0,67,0,0,0,0,356,174,182
1400000US53033029802,53033029802,"Census Tract 298.02, King County, Washington",474,181,124,50,6,5,0,39,7,0,0,7,293,156,137
1400000US53033029901,53033029901,"Census Tract 299.01, King County, Washington",364,66,48,18,6,0,0,12,0,0,0,0,298,118,180
1400000US53033029902,53033029902,"Census Tract 299.02, King County, Washington",173,72,58,6,0,0,6,0,8,0,0,8,101,77,24
1400000US53033030002,53033030002,"Census Tract 300.02, King County, Washington",818,207,137,58,12,0,6,40,12,0,0,12,611,296,315
1400000US53033030003,53033030003,"Census Tract 300.03, King County, Washington",408,153,102,42,0,0,12,30,9,0,0,9,255,122,133
1400000US53033030004,53033030004,"Census Tract 300.04, King County, Washington",901,192,105,78,12,6,16,44,9,0,0,9,709,274,435
1400000US53033030100,53033030100,"Census Tract 301, King County, Washington",461,176,74,102,35,0,26,41,0,0,0,0,285,194,91
1400000US53033030201,53033030201,"Census Tract 302.01, King County, Washington",506,193,110,69,0,21,8,40,14,0,0,14,313,230,83
1400000US53033030202,53033030202,"Census Tract 302.02, King County, Washington",741,177,104,73,16,8,6,43,0,0,0,0,564,227,337
1400000US53033030303,53033030303,"Census Tract 303.03, King County, Washington",886,222,60,144,0,27,27,90,18,0,5,13,664,320,344
1400000US53033030304,53033030304,"Census Tract 303.04, King County, Washington",129,36,30,0,0,0,0,0,6,0,0,6,93,65,28
1400000US53033030305,53033030305,"Census Tract 303.05, King County, Washington",279,90,57,20,0,0,0,20,13,0,0,13,189,164,25
1400000US53033030306,53033030306,"Census Tract 303.06, King County, Washington",631,234,96,123,0,17,10,96,15,0,0,15,397,215,182
1400000US53033030308,53033030308,"Census Tract 303.08, King County, Washington",1413,493,243,230,10,22,50,148,20,0,0,20,920,416,504
1400000US53033030309,53033030309,"Census Tract 303.09, King County, Washington",1035,312,132,168,10,0,16,142,12,0,0,12,723,342,381
1400000US53033030310,53033030310,"Census Tract 303.10, King County, Washington",1347,459,337,94,0,30,0,64,28,0,13,15,888,583,305
1400000US53033030311,53033030311,"Census Tract 303.11, King County, Washington",342,131,63,61,6,0,10,45,7,0,0,7,211,162,49
1400000US53033030312,53033030312,"Census Tract 303.12, King County, Washington",542,206,90,116,11,0,26,79,0,0,0,0,336,175,161
1400000US53033030401,53033030401,"Census Tract 304.01, King County, Washington",122,84,19,65,0,10,0,55,0,0,0,0,38,33,5
1400000US53033030403,53033030403,"Census Tract 304.03, King County, Washington",504,191,137,54,0,0,16,38,0,0,0,0,313,172,141
1400000US53033030404,53033030404,"Census Tract 304.04, King County, Washington",126,28,28,0,0,0,0,0,0,0,0,0,98,33,65
1400000US53033030501,53033030501,"Census Tract 305.01, King County, Washington",22,0,0,0,0,0,0,0,0,0,0,0,22,22,0
1400000US53033030503,53033030503,"Census Tract 305.03, King County, Washington",220,99,87,12,0,0,0,12,0,0,0,0,121,91,30
1400000US53033030504,53033030504,"Census Tract 305.04, King County, Washington",274,64,64,0,0,0,0,0,0,0,0,0,210,101,109
1400000US53033030600,53033030600,"Census Tract 306, King County, Washington",173,58,52,0,0,0,0,0,6,0,0,6,115,48,67
1400000US53033030700,53033030700,"Census Tract 307, King County, Washington",117,56,31,25,0,0,5,20,0,0,0,0,61,34,27
1400000US53033030801,53033030801,"Census Tract 308.01, King County, Washington",119,47,33,6,0,0,0,6,8,0,0,8,72,60,12
1400000US53033030802,53033030802,"Census Tract 308.02, King County, Washington",95,40,40,0,0,0,0,0,0,0,0,0,55,30,25
1400000US53033030901,53033030901,"Census Tract 309.01, King County, Washington",188,57,53,0,0,0,0,0,4,0,0,4,131,100,31
1400000US53033030902,53033030902,"Census Tract 309.02, King County, Washington",194,30,24,6,0,0,6,0,0,0,0,0,164,85,79
1400000US53033031000,53033031000,"Census Tract 310, King County, Washington",219,100,61,30,6,0,10,14,9,0,0,9,119,71,48
1400000US53033031100,53033031100,"Census Tract 311, King County, Washington",219,77,39,36,0,12,0,24,2,0,0,2,142,105,37
1400000US53033031202,53033031202,"Census Tract 312.02, King County, Washington",82,30,14,13,0,8,0,5,3,0,0,3,52,15,37
1400000US53033031204,53033031204,"Census Tract 312.04, King County, Washington",168,80,62,18,0,0,0,18,0,0,0,0,88,41,47
1400000US53033031205,53033031205,"Census Tract 312.05, King County, Washington",188,63,63,0,0,0,0,0,0,0,0,0,125,37,88
1400000US53033031206,53033031206,"Census Tract 312.06, King County, Washington",218,45,24,21,0,0,0,21,0,0,0,0,173,28,145
1400000US53033031301,53033031301,"Census Tract 313.01, King County, Washington",48,11,11,0,0,0,0,0,0,0,0,0,37,21,16
1400000US53033031302,53033031302,"Census Tract 313.02, King County, Washington",0,0,0,0,0,0,0,0,0,0,0,0,0,0,0
1400000US53033031400,53033031400,"Census Tract 314, King County, Washington",46,38,33,5,0,0,0,5,0,0,0,0,8,8,0
1400000US53033031501,53033031501,"Census Tract 315.01, King County, Washington",29,0,0,0,0,0,0,0,0,0,0,0,29,14,15
1400000US53033031502,53033031502,"Census Tract 315.02, King County, Washington",41,19,19,0,0,0,0,0,0,0,0,0,22,22,0
1400000US53033031601,53033031601,"Census Tract 316.01, King County, Washington",25,19,6,13,0,0,0,13,0,0,0,0,6,6,0
1400000US53033031602,53033031602,"Census Tract 316.02, King County, Washington",95,32,8,24,0,0,0,24,0,0,0,0,63,40,23
1400000US53033031603,53033031603,"Census Tract 316.03, King County, Washington",59,27,10,17,0,0,0,17,0,0,0,0,32,32,0
1400000US53033031702,53033031702,"Census Tract 317.02, King County, Washington",151,78,43,35,0,9,0,26,0,0,0,0,73,65,8
1400000US53033031703,53033031703,"Census Tract 317.03, King County, Washington",402,206,120,86,0,0,0,86,0,0,0,0,196,145,51
1400000US53033031704,53033031704,"Census Tract 317.04, King County, Washington",336,125,71,54,0,0,0,54,0,0,0,0,211,122,89
1400000US53033031800,53033031800,"Census Tract 318, King County, Washington",110,55,24,31,0,8,8,15,0,0,0,0,55,47,8
1400000US53033031903,53033031903,"Census Tract 319.03, King County, Washington",22,13,6,0,0,0,0,0,7,0,0,7,9,9,0
1400000US53033031904,53033031904,"Census Tract 319.04, King County, Washington",57,32,32,0,0,0,0,0,0,0,0,0,25,25,0
1400000US53033031906,53033031906,"Census Tract 319.06, King County, Washington",162,65,61,4,0,0,0,4,0,0,0,0,97,62,35
1400000US53033031907,53033031907,"Census Tract 319.07, King County, Washington",943,442,304,118,0,11,15,92,20,0,10,10,501,387,114
1400000US53033031908,53033031908,"Census Tract 319.08, King County, Washington",373,113,65,41,0,0,16,25,7,0,0,7,260,79,181
1400000US53033031909,53033031909,"Census Tract 319.09, King County, Washington",334,125,76,49,0,0,0,49,0,0,0,0,209,135,74
1400000US53033032002,53033032002,"Census Tract 320.02, King County, Washington",99,21,15,0,0,0,0,0,6,0,0,6,78,9,69
1400000US53033032003,53033032003,"Census Tract 320.03, King County, Washington",29,18,13,5,0,0,0,5,0,0,0,0,11,11,0
1400000US53033032005,53033032005,"Census Tract 320.05, King County, Washington",165,54,8,46,0,0,0,46,0,0,0,0,111,111,0
1400000US53033032006,53033032006,"Census Tract 320.06, King County, Washington",197,154,75,79,0,14,0,65,0,0,0,0,43,30,13
1400000US53033032007,53033032007,"Census Tract 320.07, King County, Washington",235,178,116,55,0,0,0,55,7,0,0,7,57,14,43
1400000US53033032008,53033032008,"Census Tract 320.08, King County, Washington",65,37,25,12,0,0,6,6,0,0,0,0,28,28,0
1400000US53033032009,53033032009,"Census Tract 320.09, King County, Washington",134,54,19,35,0,0,9,26,0,0,0,0,80,80,0
1400000US53033032102,53033032102,"Census Tract 321.02, King County, Washington",51,28,15,13,0,5,0,8,0,0,0,0,23,23,0
1400000US53033032103,53033032103,"Census Tract 321.03, King County, Washington",216,57,20,37,8,0,11,18,0,0,0,0,159,82,77
1400000US53033032104,53033032104,"Census Tract 321.04, King County, Washington",199,76,57,19,0,0,0,19,0,0,0,0,123,106,17
1400000US53033032203,53033032203,"Census Tract 322.03, King County, Washington",167,85,15,70,0,26,0,44,0,0,0,0,82,29,53
1400000US53033032207,53033032207,"Census Tract 322.07, King County, Washington",185,97,42,55,9,0,0,46,0,0,0,0,88,34,54
1400000US53033032208,53033032208,"Census Tract 322.08, King County, Washington",312,185,121,64,4,5,0,55,0,0,0,0,127,34,93
1400000US53033032209,53033032209,"Census Tract 322.09, King County, Washington",590,177,127,50,0,0,15,35,0,0,0,0,413,129,284
1400000US53033032210,53033032210,"Census Tract 322.10, King County, Washington",44,14,0,0,0,0,0,0,14,0,0,14,30,17,13
1400000US53033032211,53033032211,"Census Tract 322.11, King County, Washington",787,258,183,75,15,0,25,35,0,0,0,0,529,295,234
1400000US53033032212,53033032212,"Census Tract 322.12, King County, Washington",1211,494,247,229,32,0,43,154,18,0,0,18,717,280,437
1400000US53033032307,53033032307,"Census Tract 323.07, King County, Washington",327,182,106,76,0,0,39,37,0,0,0,0,145,112,33
1400000US53033032309,53033032309,"Census Tract 323.09, King County, Washington",288,72,13,42,0,14,0,28,17,0,0,17,216,77,139
1400000US53033032311,53033032311,"Census Tract 323.11, King County, Washington",263,85,6,79,0,13,8,58,0,0,0,0,178,109,69
1400000US53033032312,53033032312,"Census Tract 323.12, King County, Washington",276,105,30,75,7,5,5,58,0,0,0,0,171,102,69
1400000US53033032313,53033032313,"Census Tract 323.13, King County, Washington",379,72,36,36,0,7,0,29,0,0,0,0,307,53,254
1400000US53033032314,53033032314,"Census Tract 323.14, King County, Washington",190,78,15,63,0,0,12,51,0,0,0,0,112,86,26
1400000US53033032315,53033032315,"Census Tract 323.15, King County, Washington",167,66,30,36,10,9,7,10,0,0,0,0,101,97,4
1400000US53033032316,53033032316,"Census Tract 323.16, King County, Washington",343,96,34,56,7,0,19,30,6,0,0,6,247,163,84
1400000US53033032317,53033032317,"Census Tract 323.17, King County, Washington",224,82,47,35,10,0,0,25,0,0,0,0,142,103,39
1400000US53033032318,53033032318,"Census Tract 323.18, King County, Washington",505,152,123,22,0,0,0,22,7,0,0,7,353,143,210
1400000US53033032319,53033032319,"Census Tract 323.19, King County, Washington",178,88,64,24,0,0,0,24,0,0,0,0,90,70,20
1400000US53033032320,53033032320,"Census Tract 323.20, King County, Washington",111,104,89,15,0,0,0,15,0,0,0,0,7,7,0
1400000US53033032321,53033032321,"Census Tract 323.21, King County, Washington",106,46,0,39,0,0,0,39,7,0,0,7,60,48,12
1400000US53033032322,53033032322,"Census Tract 323.22, King County, Washington",227,84,32,52,18,0,0,34,0,0,0,0,143,75,68
1400000US53033032323,53033032323,"Census Tract 323.23, King County, Washington",541,196,118,78,0,6,23,49,0,0,0,0,345,142,203
1400000US53033032324,53033032324,"Census Tract 323.24, King County, Washington",349,93,25,68,24,7,0,37,0,0,0,0,256,110,146
1400000US53033032325,53033032325,"Census Tract 323.25, King County, Washington",723,217,140,77,0,7,13,57,0,0,0,0,506,133,373
1400000US53033032401,53033032401,"Census Tract 324.01, King County, Washington",0,0,0,0,0,0,0,0,0,0,0,0,0,0,0
1400000US53033032402,53033032402,"Census Tract 324.02, King County, Washington",96,57,57,0,0,0,0,0,0,0,0,0,39,7,32
1400000US53033032500,53033032500,"Census Tract 325, King County, Washington",85,42,35,7,0,0,0,7,0,0,0,0,43,34,9
1400000US53033032601,53033032601,"Census Tract 326.01, King County, Washington",25,16,0,8,0,0,0,8,8,0,0,8,9,0,9
1400000US53033032602,53033032602,"Census Tract 326.02, King County, Washington",65,46,40,0,0,0,0,0,6,0,0,6,19,19,0
1400000US53033032702,53033032702,"Census Tract 327.02, King County, Washington",100,20,9,11,3,5,0,3,0,0,0,0,80,63,17
1400000US53033032703,53033032703,"Census Tract 327.03, King County, Washington",58,12,12,0,0,0,0,0,0,0,0,0,46,31,15
1400000US53033032704,53033032704,"Census Tract 327.04, King County, Washington",105,38,28,10,0,10,0,0,0,0,0,0,67,37,30
1400000US53033032800,53033032800,"Census Tract 328, King County, Washington",4,2,0,0,0,0,0,0,2,0,0,2,2,0,2
1600000US5300100,5300100,"Aberdeen city, Washington",298,84,45,24,0,0,0,24,15,0,0,15,214,92,122
1600000US5300135,5300135,"Aberdeen Gardens CDP, Washington",0,0,0,0,0,0,0,0,0,0,0,0,0,0,0
1600000US5300275,5300275,"Acme CDP, Washington",0,0,0,0,0,0,0,0,0,0,0,0,0,0,0
1600000US5300800,5300800,"Ahtanum CDP, Washington",35,27,27,0,0,0,0,0,0,0,0,0,8,8,0
1600000US5300905,5300905,"Airway Heights city, Washington",82,42,22,8,0,0,5,3,12,0,0,12,40,30,10
1600000US5301010,5301010,"Albion town, Washington",6,3,0,3,3,0,0,0,0,0,0,0,3,3,0
1600000US5301185,5301185,"Alderwood Manor CDP, Washington",1245,325,223,84,0,8,0,76,18,0,0,18,920,642,278
1600000US5301255,5301255,"Alger CDP, Washington",0,0,0,0,0,0,0,0,0,0,0,0,0,0,0
1600000US5301290,5301290,"Algona city, Washington",188,57,53,0,0,0,0,0,4,0,0,4,131,100,31
1600000US5301447,5301447,"Allyn-Grapeview CDP, Washington",7,1,1,0,0,0,0,0,0,0,0,0,6,2,4
1600000US5301500,5301500,"Almira town, Washington",0,0,0,0,0,0,0,0,0,0,0,0,0,0,0
1600000US5301850,5301850,"Amboy CDP, Washington",19,0,0,0,0,0,0,0,0,0,0,0,19,12,7
1600000US5301920,5301920,"Ames Lake CDP, Washington",65,24,7,17,0,0,7,10,0,0,0,0,41,41,0
1600000US5301990,5301990,"Anacortes city, Washington",249,52,21,24,0,10,0,14,7,0,0,7,197,91,106
1600000US5302585,5302585,"Arlington city, Washington",216,88,26,62,0,0,0,62,0,0,0,0,128,71,57
1600000US5302620,5302620,"Arlington Heights CDP, Washington",0,0,0,0,0,0,0,0,0,0,0,0,0,0,0
1600000US5302910,5302910,"Artondale CDP, Washington",117,51,38,5,0,0,0,5,8,0,0,8,66,54,12
1600000US5303005,5303005,"Ashford CDP, Washington",0,0,0,0,0,0,0,0,0,0,0,0,0,0,0
1600000US5303075,5303075,"Asotin city, Washington",4,0,0,0,0,0,0,0,0,0,0,0,4,0,4
1600000US5303180,5303180,"Auburn city, Washington",1565,595,437,125,6,15,15,89,33,0,0,33,970,592,378
1600000US5303215,5303215,"Ault Field CDP, Washington",257,56,8,37,0,0,27,10,11,0,0,11,201,66,135
1600000US5303736,5303736,"Bainbridge Island city, Washington",480,221,137,84,0,6,6,72,0,0,0,0,259,137,122
1600000US5304113,5304113,"Bangor Trident Base CDP, Washington",306,133,9,80,0,5,8,67,44,0,21,23,173,152,21
1600000US5304125,5304125,"Banks Lake South CDP, Washington",0,0,0,0,0,0,0,0,0,0,0,0,0,0,0
1600000US5304195,5304195,"Barberton CDP, Washington",65,24,11,13,0,0,0,13,0,0,0,0,41,26,15
1600000US5304300,5304300,"Baring CDP, Washington",4,2,0,0,0,0,0,0,2,0,0,2,2,0,2
1600000US5304405,5304405,"Basin City CDP, Washington",0,0,0,0,0,0,0,0,0,0,0,0,0,0,0
1600000US5304475,5304475,"Battle Ground city, Washington",66,33,0,33,0,0,0,33,0,0,0,0,33,22,11
1600000US5304615,5304615,"Bay Center CDP, Washington",3,3,0,3,0,0,0,3,0,0,0,0,0,0,0
1600000US5304790,5304790,"Bay View CDP, Washington",0,0,0,0,0,0,0,0,0,0,0,0,0,0,0
1600000US5304895,5304895,"Beaux Arts Village town, Washington",12,6,0,6,0,0,0,6,0,0,0,0,6,6,0
1600000US5305210,5305210,"Bellevue city, Washington",18828,5536,3190,2099,302,307,299,1191,247,0,45,202,13292,5885,7407
1600000US5305245,5305245,"Bell Hill CDP, Washington",27,14,0,14,0,7,0,7,0,0,0,0,13,13,0
1600000US5305280,5305280,"Bellingham city, Washington",2680,884,445,387,63,80,16,228,52,0,0,52,1796,805,991
1600000US5305560,5305560,"Benton City city, Washington",6,0,0,0,0,0,0,0,0,0,0,0,6,0,6
1600000US5305980,5305980,"Bickleton CDP, Washington",0,0,0,0,0,0,0,0,0,0,0,0,0,0,0
1600000US5306050,5306050,"Big Lake CDP, Washington",0,0,0,0,0,0,0,0,0,0,0,0,0,0,0
1600000US5306085,5306085,"Bingen city, Washington",11,7,0,7,0,0,0,7,0,0,0,0,4,2,2
1600000US5306190,5306190,"Birch Bay CDP, Washington",30,0,0,0,0,0,0,0,0,0,0,0,30,30,0
1600000US5306330,5306330,"Black Diamond city, Washington",78,37,14,23,0,0,0,23,0,0,0,0,41,32,9
1600000US5306505,5306505,"Blaine city, Washington",70,0,0,0,0,0,0,0,0,0,0,0,70,70,0
1600000US5306855,5306855,"Blyn CDP, Washington",0,0,0,0,0,0,0,0,0,0,0,0,0,0,0
1600000US5307170,5307170,"Bonney Lake city, Washington",17,9,0,9,0,0,0,9,0,0,0,0,8,0,8
1600000US5307380,5307380,"Bothell city, Washington",2317,910,479,387,32,110,45,200,44,0,0,44,1407,774,633
1600000US5307590,5307590,"Brady CDP, Washington",0,0,0,0,0,0,0,0,0,0,0,0,0,0,0
1600000US5307695,5307695,"Bremerton city, Washington",2074,623,239,272,0,38,44,190,112,0,15,97,1451,810,641
1600000US5307835,5307835,"Brewster city, Washington",4,0,0,0,0,0,0,0,0,0,0,0,4,4,0
1600000US5307870,5307870,"Bridgeport city, Washington",0,0,0,0,0,0,0,0,0,0,0,0,0,0,0
1600000US5307940,5307940,"Brier city, Washington",483,126,99,27,0,7,0,20,0,0,0,0,357,319,38
1600000US5308080,5308080,"Brinnon CDP, Washington",6,6,4,2,0,0,0,2,0,0,0,0,0,0,0
1600000US5308465,5308465,"Brush Prairie CDP, Washington",25,7,0,7,0,0,0,7,0,0,0,0,18,18,0
1600000US5308552,5308552,"Bryn Mawr-Skyway CDP, Washington",3055,1217,961,220,10,7,18,185,36,0,0,36,1838,1124,714
1600000US5308570,5308570,"Buckley city, Washington",29,15,15,0,0,0,0,0,0,0,0,0,14,14,0
1600000US5308605,5308605,"Bucoda town, Washington",14,7,1,6,1,0,0,5,0,0,0,0,7,3,4
1600000US5308780,5308780,"Burbank CDP, Washington",45,8,0,0,0,0,0,0,8,0,0,8,37,22,15
1600000US5308850,5308850,"Burien city, Washington",2138,749,481,185,35,32,3,115,83,0,10,73,1389,763,626
1600000US5308920,5308920,"Burlington city, Washington",108,30,20,10,0,0,0,10,0,0,0,0,78,54,24
1600000US5309365,5309365,"Camano CDP, Washington",121,47,17,30,5,0,0,25,0,0,0,0,74,34,40
1600000US5309480,5309480,"Camas city, Washington",427,148,44,93,0,0,8,85,11,0,0,11,279,190,89
1600000US5309970,5309970,"Carbonado town, Washington",0,0,0,0,0,0,0,0,0,0,0,0,0,0,0
1600000US5310075,5310075,"Carlsborg CDP, Washington",0,0,0,0,0,0,0,0,0,0,0,0,0,0,0
1600000US5310215,5310215,"Carnation city, Washington",47,12,12,0,0,0,0,0,0,0,0,0,35,28,7
1600000US5310325,5310325,"Carson River Valley CDP, Washington",17,8,0,8,0,0,0,8,0,0,0,0,9,6,3
1600000US5310372,5310372,"Cascade-Fairwood CDP, Washington",4647,1856,1229,522,30,19,47,426,105,0,10,95,2791,1654,1137
1600000US5310455,5310455,"Cascade Valley CDP, Washington",0,0,0,0,0,0,0,0,0,0,0,0,0,0,0
1600000US5310495,5310495,"Cashmere city, Washington",4,0,0,0,0,0,0,0,0,0,0,0,4,4,0
1600000US5310565,5310565,"Castle Rock city, Washington",0,0,0,0,0,0,0,0,0,0,0,0,0,0,0
1600000US5310585,5310585,"Cathan CDP, Washington",5,0,0,0,0,0,0,0,0,0,0,0,5,5,0
1600000US5310600,5310600,"Cathcart CDP, Washington",41,27,0,27,0,0,0,27,0,0,0,0,14,14,0
1600000US5310635,5310635,"Cathlamet town, Washington",6,6,5,1,1,0,0,0,0,0,0,0,0,0,0
1600000US5311090,5311090,"Centerville CDP, Washington",0,0,0,0,0,0,0,0,0,0,0,0,0,0,0
1600000US5311160,5311160,"Centralia city, Washington",81,50,20,16,0,0,8,8,14,0,0,14,31,15,16
1600000US5311195,5311195,"Central Park CDP, Washington",24,0,0,0,0,0,0,0,0,0,0,0,24,15,9
1600000US5311475,5311475,"Chehalis city, Washington",28,11,11,0,0,0,0,0,0,0,0,0,17,6,11
1600000US5311568,5311568,"Chehalis Village CDP, Washington",0,0,0,0,0,0,0,0,0,0,0,0,0,0,0
1600000US5311615,5311615,"Chelan city, Washington",9,3,0,3,0,0,0,3,0,0,0,0,6,6,0
1600000US5311825,5311825,"Cheney city, Washington",492,142,34,98,0,0,12,86,10,0,0,10,350,49,301
1600000US5312015,5312015,"Cherry Grove CDP, Washington",0,0,0,0,0,0,0,0,0,0,0,0,0,0,0
1600000US5312140,5312140,"Chewelah city, Washington",26,8,2,6,0,0,0,6,0,0,0,0,18,14,4
1600000US5312315,5312315,"Chinook CDP, Washington",0,0,0,0,0,0,0,0,0,0,0,0,0,0,0
1600000US5312630,5312630,"Clarkston city, Washington",55,35,18,17,0,0,0,17,0,0,0,0,20,7,13
1600000US5312680,5312680,"Clarkston Heights-Vineland CDP, Washington",16,0,0,0,0,0,0,0,0,0,0,0,16,16,0
1600000US5312840,5312840,"Clear Lake CDP, Washington",0,0,0,0,0,0,0,0,0,0,0,0,0,0,0
1600000US5312945,5312945,"Cle Elum city, Washington",11,0,0,0,0,0,0,0,0,0,0,0,11,4,7
1600000US5313155,5313155,"Clinton CDP, Washington",11,0,0,0,0,0,0,0,0,0,0,0,11,11,0
1600000US5313365,5313365,"Clyde Hill city, Washington",180,33,24,5,0,4,0,1,4,0,0,4,147,96,51
1600000US5313595,5313595,"Cohassett Beach CDP, Washington",0,0,0,0,0,0,0,0,0,0,0,0,0,0,0
1600000US5313785,5313785,"Colfax city, Washington",124,44,40,4,0,0,0,4,0,0,0,0,80,33,47
1600000US5313855,5313855,"College Place city, Washington",131,53,9,22,0,10,12,0,22,0,0,22,78,11,67
1600000US5313890,5313890,"Colton town, Washington",0,0,0,0,0,0,0,0,0,0,0,0,0,0,0
1600000US5314170,5314170,"Colville city, Washington",12,12,12,0,0,0,0,0,0,0,0,0,0,0,0
1600000US5314310,5314310,"Conconully town, Washington",0,0,0,0,0,0,0,0,0,0,0,0,0,0,0
1600000US5314380,5314380,"Concrete town, Washington",0,0,0,0,0,0,0,0,0,0,0,0,0,0,0
1600000US5314485,5314485,"Connell city, Washington",125,33,30,3,0,0,3,0,0,0,0,0,92,40,52
1600000US5314520,5314520,"Conway CDP, Washington",0,0,0,0,0,0,0,0,0,0,0,0,0,0,0
1600000US5314660,5314660,"Copalis Beach CDP, Washington",0,0,0,0,0,0,0,0,0,0,0,0,0,0,0
1600000US5314870,5314870,"Cosmopolis city, Washington",14,5,2,3,0,3,0,0,0,0,0,0,9,7,2
1600000US5314940,5314940,"Cottage Lake CDP, Washington",1051,469,173,296,18,13,52,213,0,0,0,0,582,370,212
1600000US5315080,5315080,"Coulee City town, Washington",0,0,0,0,0,0,0,0,0,0,0,0,0,0,0
1600000US5315115,5315115,"Coulee Dam town, Washington",7,0,0,0,0,0,0,0,0,0,0,0,7,6,1
1600000US5315150,5315150,"Country Homes CDP, Washington",97,80,29,51,0,39,0,12,0,0,0,0,17,8,9
1600000US5315185,5315185,"Coupeville town, Washington",52,28,6,22,11,0,5,6,0,0,0,0,24,12,12
1600000US5315290,5315290,"Covington city, Washington",358,137,56,81,0,9,0,72,0,0,0,0,221,178,43
1600000US5315710,5315710,"Creston town, Washington",0,0,0,0,0,0,0,0,0,0,0,0,0,0,0
1600000US5316340,5316340,"Cusick town, Washington",0,0,0,0,0,0,0,0,0,0,0,0,0,0,0
1600000US5316375,5316375,"Custer CDP, Washington",0,0,0,0,0,0,0,0,0,0,0,0,0,0,0
1600000US5316550,5316550,"Dallesport CDP, Washington",14,9,0,9,0,0,0,9,0,0,0,0,5,5,0
1600000US5316690,5316690,"Darrington town, Washington",3,3,0,3,0,3,0,0,0,0,0,0,0,0,0
1600000US5316795,5316795,"Davenport city, Washington",0,0,0,0,0,0,0,0,0,0,0,0,0,0,0
1600000US5316970,5316970,"Dayton city, Washington",25,11,11,0,0,0,0,0,0,0,0,0,14,5,9
1600000US5317320,5317320,"Deer Park city, Washington",0,0,0,0,0,0,0,0,0,0,0,0,0,0,0
1600000US5317495,5317495,"Deming CDP, Washington",0,0,0,0,0,0,0,0,0,0,0,0,0,0,0
1600000US5317617,5317617,"Desert Aire CDP, Washington",0,0,0,0,0,0,0,0,0,0,0,0,0,0,0
1600000US5317635,5317635,"Des Moines city, Washington",2465,882,566,288,19,36,31,202,28,0,0,28,1583,802,781
1600000US5317985,5317985,"Dishman CDP, Washington",93,24,24,0,0,0,0,0,0,0,0,0,69,62,7
1600000US5318055,5318055,"Dixie CDP, Washington",0,0,0,0,0,0,0,0,0,0,0,0,0,0,0
1600000US5318195,5318195,"Dollar Corner CDP, Washington",0,0,0,0,0,0,0,0,0,0,0,0,0,0,0
1600000US5318965,5318965,"DuPont city, Washington",184,56,14,18,0,2,0,16,24,0,0,24,128,87,41
1600000US5319035,5319035,"Duvall city, Washington",8,8,8,0,0,0,0,0,0,0,0,0,0,0,0
1600000US5319290,5319290,"East Cathlamet CDP, Washington",0,0,0,0,0,0,0,0,0,0,0,0,0,0,0
1600000US5319420,5319420,"Eastgate CDP, Washington",382,152,106,46,13,0,0,33,0,0,0,0,230,83,147
1600000US5319515,5319515,"East Hill-Meridian CDP, Washington",3905,1350,918,373,20,36,52,265,59,0,0,59,2555,1620,935
1600000US5319700,5319700,"Easton CDP, Washington",0,0,0,0,0,0,0,0,0,0,0,0,0,0,0
1600000US5319770,5319770,"East Port Orchard CDP, Washington",133,37,21,9,0,0,0,9,7,0,0,7,96,62,34
1600000US5319857,5319857,"East Renton Highlands CDP, Washington",367,192,141,44,0,0,29,15,7,0,0,7,175,140,35
1600000US5320155,5320155,"East Wenatchee city, Washington",73,55,55,0,0,0,0,0,0,0,0,0,18,18,0
1600000US5320190,5320190,"East Wenatchee Bench CDP, Washington",138,28,28,0,0,0,0,0,0,0,0,0,110,51,59
1600000US5320260,5320260,"Eatonville town, Washington",23,14,7,6,0,0,0,6,1,0,0,1,9,0,9
1600000US5320417,5320417,"Echo Lake CDP, Washington",10,0,0,0,0,0,0,0,0,0,0,0,10,10,0
1600000US5320645,5320645,"Edgewood city, Washington",210,133,78,18,0,2,0,16,37,0,0,37,77,70,7
1600000US5320680,5320680,"Edison CDP, Washington",0,0,0,0,0,0,0,0,0,0,0,0,0,0,0
1600000US5320750,5320750,"Edmonds city, Washington",2187,706,432,219,19,50,17,133,55,0,31,24,1481,893,588
1600000US5320890,5320890,"Elbe CDP, Washington",0,0,0,0,0,0,0,0,0,0,0,0,0,0,0
1600000US5321030,5321030,"Electric City town, Washington",2,2,0,2,0,0,0,2,0,0,0,0,0,0,0
1600000US5321205,5321205,"Elk Plain CDP, Washington",627,274,123,118,0,17,8,93,33,0,0,33,353,219,134
1600000US5321240,5321240,"Ellensburg city, Washington",476,76,42,34,0,7,8,19,0,0,0,0,400,66,334
1600000US5321450,5321450,"Elma city, Washington",16,6,0,6,0,0,0,6,0,0,0,0,10,0,10
1600000US5321485,5321485,"Elmer City town, Washington",0,0,0,0,0,0,0,0,0,0,0,0,0,0,0
1600000US5321730,5321730,"Endicott town, Washington",65,65,65,0,0,0,0,0,0,0,0,0,0,0,0
1600000US5322010,5322010,"Entiat city, Washington",0,0,0,0,0,0,0,0,0,0,0,0,0,0,0
1600000US5322045,5322045,"Enumclaw city, Washington",46,38,33,5,0,0,0,5,0,0,0,0,8,8,0
1600000US5322080,5322080,"Ephrata city, Washington",60,26,16,10,0,0,0,10,0,0,0,0,34,34,0
1600000US5322118,5322118,"Erlands Point-Kitsap Lake CDP, Washington",119,45,18,6,0,0,0,6,21,0,0,21,74,52,22
1600000US5322150,5322150,"Eschbach CDP, Washington",0,0,0,0,0,0,0,0,0,0,0,0,0,0,0
1600000US5322255,5322255,"Esperance CDP, Washington",305,111,75,28,0,0,0,28,8,0,0,8,194,97,97
1600000US5322640,5322640,"Everett city, Washington",6057,1664,987,566,53,27,44,442,111,0,0,111,4393,2217,2176
1600000US5322745,5322745,"Everson city, Washington",41,7,4,3,0,0,1,2,0,0,0,0,34,5,29
1600000US5322955,5322955,"Fairchild AFB CDP, Washington",120,31,0,19,0,6,5,8,12,0,5,7,89,54,35
1600000US5322990,5322990,"Fairfield town, Washington",3,3,3,0,0,0,0,0,0,0,0,0,0,0,0
1600000US5323165,5323165,"Fairwood CDP, Washington",71,14,0,0,0,0,0,0,14,0,0,14,57,16,41
1600000US5323200,5323200,"Fall City CDP, Washington",0,0,0,0,0,0,0,0,0,0,0,0,0,0,0
1600000US5323340,5323340,"Farmington town, Washington",0,0,0,0,0,0,0,0,0,0,0,0,0,0,0
1600000US5323515,5323515,"Federal Way city, Washington",10162,3179,1668,1348,112,131,213,892,163,0,18,145,6983,3697,3286
1600000US5323550,5323550,"Felida CDP, Washington",185,37,5,25,8,0,11,6,7,0,0,7,148,120,28
1600000US5323620,5323620,"Ferndale city, Washington",225,74,67,0,0,0,0,0,7,0,0,7,151,45,106
1600000US5323795,5323795,"Fife city, Washington",279,143,93,33,3,2,1,27,17,0,2,15,136,71,65
1600000US5323865,5323865,"Finley CDP, Washington",29,0,0,0,0,0,0,0,0,0,0,0,29,19,10
1600000US5323970,5323970,"Fircrest city, Washington",198,68,32,36,0,0,0,36,0,0,0,0,130,106,24
1600000US5324188,5324188,"Five Corners CDP, Washington",585,171,65,106,9,0,0,97,0,0,0,0,414,236,178
1600000US5324565,5324565,"Fords Prairie CDP, Washington",0,0,0,0,0,0,0,0,0,0,0,0,0,0,0
1600000US5324810,5324810,"Forks city, Washington",24,8,2,6,6,0,0,0,0,0,0,0,16,16,0
1600000US5324915,5324915,"Fort Lewis CDP, Washington",659,255,30,176,10,13,46,107,49,0,0,49,404,186,218
1600000US5325370,5325370,"Fox Island CDP, Washington",0,0,0,0,0,0,0,0,0,0,0,0,0,0,0
1600000US5325475,5325475,"Frederickson CDP, Washington",106,19,19,0,0,0,0,0,0,0,0,0,87,81,6
1600000US5325510,5325510,"Freeland CDP, Washington",0,0,0,0,0,0,0,0,0,0,0,0,0,0,0
1600000US5325615,5325615,"Friday Harbor town, Washington",17,4,0,4,0,0,0,4,0,0,0,0,13,0,13
1600000US5326140,5326140,"Garfield town, Washington",0,0,0,0,0,0,0,0,0,0,0,0,0,0,0
1600000US5326245,5326245,"Garrett CDP, Washington",0,0,0,0,0,0,0,0,0,0,0,0,0,0,0
1600000US5326420,5326420,"Geneva CDP, Washington",14,0,0,0,0,0,0,0,0,0,0,0,14,14,0
1600000US5326455,5326455,"George city, Washington",9,6,0,6,0,0,0,6,0,0,0,0,3,3,0
1600000US5326735,5326735,"Gig Harbor city, Washington",154,91,43,48,0,5,7,36,0,0,0,0,63,45,18
1600000US5326875,5326875,"Glacier CDP, Washington",0,0,0,0,0,0,0,0,0,0,0,0,0,0,0
1600000US5326945,5326945,"Gleed CDP, Washington",9,0,0,0,0,0,0,0,0,0,0,0,9,0,9
1600000US5327365,5327365,"Gold Bar city, Washington",31,0,0,0,0,0,0,0,0,0,0,0,31,16,15
1600000US5327435,5327435,"Goldendale city, Washington",10,10,0,10,0,0,0,10,0,0,0,0,0,0,0
1600000US5327785,5327785,"Graham CDP, Washington",69,9,9,0,0,0,0,0,0,0,0,0,60,43,17
1600000US5327855,5327855,"Grand Coulee city, Washington",17,3,3,0,0,0,0,0,0,0,0,0,14,13,1
1600000US5327890,5327890,"Grand Mound CDP, Washington",0,0,0,0,0,0,0,0,0,0,0,0,0,0,0
1600000US5327925,5327925,"Grandview city, Washington",141,34,20,14,0,0,0,14,0,0,0,0,107,67,40
1600000US5327960,5327960,"Granger town, Washington",2,0,0,0,0,0,0,0,0,0,0,0,2,2,0
1600000US5327995,5327995,"Granite Falls city, Washington",12,6,3,3,0,0,3,0,0,0,0,0,6,0,6
1600000US5328345,5328345,"Grayland CDP, Washington",6,0,0,0,0,0,0,0,0,0,0,0,6,6,0
1600000US5328520,5328520,"Green Acres CDP, Washington",8,0,0,0,0,0,0,0,0,0,0,0,8,0,8
1600000US5328695,5328695,"Greenwater CDP, Washington",0,0,0,0,0,0,0,0,0,0,0,0,0,0,0
1600000US5329255,5329255,"Hamilton town, Washington",1,0,0,0,0,0,0,0,0,0,0,0,1,1,0
1600000US5329710,5329710,"Harrah town, Washington",0,0,0,0,0,0,0,0,0,0,0,0,0,0,0
1600000US5329745,5329745,"Harrington city, Washington",0,0,0,0,0,0,0,0,0,0,0,0,0,0,0
1600000US5329920,5329920,"Hartline town, Washington",0,0,0,0,0,0,0,0,0,0,0,0,0,0,0
1600000US5330060,5330060,"Hatton town, Washington",0,0,0,0,0,0,0,0,0,0,0,0,0,0,0
1600000US5330312,5330312,"Hazel Dell North CDP, Washington",211,61,24,24,0,0,0,24,13,0,9,4,150,128,22
1600000US5330313,5330313,"Hazel Dell South CDP, Washington",53,18,6,12,6,0,0,6,0,0,0,0,35,24,11
1600000US5330775,5330775,"Highland CDP, Washington",0,0,0,0,0,0,0,0,0,0,0,0,0,0,0
1600000US5331495,5331495,"Hobart CDP, Washington",53,39,28,5,0,0,0,5,6,0,0,6,14,7,7
1600000US5331530,5331530,"Hockinson CDP, Washington",45,5,0,5,0,0,0,5,0,0,0,0,40,29,11
1600000US5332300,5332300,"Hoquiam city, Washington",100,41,36,5,0,0,0,5,0,0,0,0,59,30,29
1600000US5332650,5332650,"Humptulips CDP, Washington",3,0,0,0,0,0,0,0,0,0,0,0,3,0,3
1600000US5332755,5332755,"Hunts Point town, Washington",26,12,9,3,0,0,0,3,0,0,0,0,14,14,0
1600000US5333000,5333000,"Ilwaco city, Washington",3,0,0,0,0,0,0,0,0,0,0,0,3,3,0
1600000US5333105,5333105,"Inchelium CDP, Washington",0,0,0,0,0,0,0,0,0,0,0,0,0,0,0
1600000US5333175,5333175,"Index town, Washington",2,0,0,0,0,0,0,0,0,0,0,0,2,2,0
1600000US5333280,5333280,"Indianola CDP, Washington",36,19,13,6,0,0,0,6,0,0,0,0,17,12,5
1600000US5333380,5333380,"Inglewood-Finn Hill CDP, Washington",1679,624,398,197,17,20,11,149,29,0,0,29,1055,653,402
1600000US5333560,5333560,"Ione town, Washington",5,4,4,0,0,0,0,0,0,0,0,0,1,0,1
1600000US5333805,5333805,"Issaquah city, Washington",704,205,134,58,8,0,25,25,13,0,0,13,499,265,234
1600000US5334220,5334220,"John Sam Lake CDP, Washington",14,3,0,0,0,0,0,0,3,0,0,3,11,7,4
1600000US5334277,5334277,"Jordan Road-Canyon Creek CDP, Washington",25,17,0,4,0,0,0,4,13,0,4,9,8,8,0
1600000US5334470,5334470,"Junction City CDP, Washington",0,0,0,0,0,0,0,0,0,0,0,0,0,0,0
1600000US5334575,5334575,"Kahlotus city, Washington",1,1,0,1,0,0,0,1,0,0,0,0,0,0,0
1600000US5334645,5334645,"Kalama city, Washington",13,4,2,2,0,0,0,2,0,0,0,0,9,5,4
1600000US5335065,5335065,"Kelso city, Washington",126,59,20,33,0,0,0,33,6,0,0,6,67,46,21
1600000US5335135,5335135,"Kendall CDP, Washington",0,0,0,0,0,0,0,0,0,0,0,0,0,0,0
1600000US5335170,5335170,"Kenmore city, Washington",1226,513,289,183,36,19,13,115,41,0,0,41,713,430,283
1600000US5335275,5335275,"Kennewick city, Washington",958,311,207,95,0,18,13,64,9,0,0,9,647,459,188
1600000US5335415,5335415,"Kent city, Washington",7720,2646,1817,741,35,49,73,584,88,0,14,74,5074,2781,2293
1600000US5335485,5335485,"Kettle Falls city, Washington",2,0,0,0,0,0,0,0,0,0,0,0,2,2,0
1600000US5335835,5335835,"Kingsgate CDP, Washington",1503,426,253,165,27,16,17,105,8,0,0,8,1077,481,596
1600000US5335870,5335870,"Kingston CDP, Washington",80,7,7,0,0,0,0,0,0,0,0,0,73,67,6
1600000US5335940,5335940,"Kirkland city, Washington",3476,996,417,500,33,71,105,291,79,0,0,79,2480,1200,1280
1600000US5336045,5336045,"Kittitas city, Washington",3,0,0,0,0,0,0,0,0,0,0,0,3,3,0
1600000US5336115,5336115,"Klickitat CDP, Washington",0,0,0,0,0,0,0,0,0,0,0,0,0,0,0
1600000US5336395,5336395,"Krupp town, Washington",0,0,0,0,0,0,0,0,0,0,0,0,0,0,0
1600000US5336710,5336710,"La Center city, Washington",23,8,2,6,0,0,2,4,0,0,0,0,15,9,6
1600000US5336745,5336745,"Lacey city, Washington",2517,739,531,183,15,8,35,125,25,0,0,25,1778,1043,735
1600000US5336780,5336780,"La Conner town, Washington",2,0,0,0,0,0,0,0,0,0,0,0,2,0,2
1600000US5336850,5336850,"La Crosse town, Washington",0,0,0,0,0,0,0,0,0,0,0,0,0,0,0
1600000US5337077,5337077,"Lake Bosworth CDP, Washington",0,0,0,0,0,0,0,0,0,0,0,0,0,0,0
1600000US5337105,5337105,"Lake Cavanaugh CDP, Washington",0,0,0,0,0,0,0,0,0,0,0,0,0,0,0
1600000US5337270,5337270,"Lake Forest Park city, Washington",1157,360,240,103,22,7,20,54,17,0,7,10,797,598,199
1600000US5337287,5337287,"Lake Goodwin CDP, Washington",9,0,0,0,0,0,0,0,0,0,0,0,9,0,9
1600000US5337415,5337415,"Lake Ketchum CDP, Washington",0,0,0,0,0,0,0,0,0,0,0,0,0,0,0
1600000US5337420,5337420,"Lakeland North CDP, Washington",941,325,231,87,12,10,6,59,7,0,0,7,616,294,322
1600000US5337430,5337430,"Lakeland South CDP, Washington",665,252,152,100,0,0,16,84,0,0,0,0,413,213,200
1600000US5337526,5337526,"Lake McMurray CDP, Washington",0,0,0,0,0,0,0,0,0,0,0,0,0,0,0
1600000US5337538,5337538,"Lake Marcel-Stillwater CDP, Washington",60,35,35,0,0,0,0,0,0,0,0,0,25,7,18
1600000US5337567,5337567,"Lake Morton-Berrydale CDP, Washington",200,155,73,82,0,14,0,68,0,0,0,0,45,32,13
1600000US5337672,5337672,"Lake Roesiger CDP, Washington",0,0,0,0,0,0,0,0,0,0,0,0,0,0,0
1600000US5337830,5337830,"Lake Shore CDP, Washington",99,47,6,37,0,0,0,37,4,0,0,4,52,10,42
1600000US5337900,5337900,"Lake Stevens city, Washington",0,0,0,0,0,0,0,0,0,0,0,0,0,0,0
1600000US5337926,5337926,"Lakeview CDP, Washington",0,0,0,0,0,0,0,0,0,0,0,0,0,0,0
1600000US5338038,5338038,"Lakewood city, Washington",5181,1567,635,695,74,16,93,512,237,0,0,237,3614,2197,1417
1600000US5338215,5338215,"Lamont town, Washington",0,0,0,0,0,0,0,0,0,0,0,0,0,0,0
1600000US5338355,5338355,"Langley city, Washington",11,9,0,6,3,0,0,3,3,0,0,3,2,2,0
1600000US5338495,5338495,"Latah town, Washington",0,0,0,0,0,0,0,0,0,0,0,0,0,0,0
1600000US5338815,5338815,"Lea Hill CDP, Washington",519,146,106,40,0,0,0,40,0,0,0,0,373,110,263
1600000US5338845,5338845,"Leavenworth city, Washington",7,0,0,0,0,0,0,0,0,0,0,0,7,7,0
1600000US5338880,5338880,"Lebam CDP, Washington",0,0,0,0,0,0,0,0,0,0,0,0,0,0,0
1600000US5339212,5339212,"Lewisville CDP, Washington",0,0,0,0,0,0,0,0,0,0,0,0,0,0,0
1600000US5339335,5339335,"Liberty Lake CDP, Washington",136,35,9,26,8,0,9,9,0,0,0,0,101,70,31
1600000US5339510,5339510,"Lind town, Washington",0,0,0,0,0,0,0,0,0,0,0,0,0,0,0
1600000US5339860,5339860,"Lochsloy CDP, Washington",11,11,0,11,0,0,0,11,0,0,0,0,0,0,0
1600000US5340070,5340070,"Long Beach city, Washington",24,5,0,5,0,2,0,3,0,0,0,0,19,3,16
1600000US5340245,5340245,"Longview city, Washington",859,301,186,110,23,18,0,69,5,0,0,5,558,288,270
1600000US5340270,5340270,"Longview Heights CDP, Washington",20,8,8,0,0,0,0,0,0,0,0,0,12,12,0
1600000US5340735,5340735,"Lyle CDP, Washington",12,6,0,6,0,0,6,0,0,0,0,0,6,6,0
1600000US5340770,5340770,"Lyman town, Washington",4,0,0,0,0,0,0,0,0,0,0,0,4,0,4
1600000US5340805,5340805,"Lynden city, Washington",296,70,50,20,7,0,0,13,0,0,0,0,226,146,80
1600000US5340840,5340840,"Lynnwood city, Washington",4706,1187,856,283,44,6,47,186,48,0,0,48,3519,1976,1543
1600000US5340980,5340980,"Mabton city, Washington",20,8,8,0,0,0,0,0,0,0,0,0,12,4,8
1600000US5341155,5341155,"McChord AFB CDP, Washington",183,82,16,57,0,8,14,35,9,0,0,9,101,72,29
1600000US5341225,5341225,"McCleary city, Washington",2,0,0,0,0,0,0,0,0,0,0,0,2,2,0
1600000US5341470,5341470,"Machias CDP, Washington",0,0,0,0,0,0,0,0,0,0,0,0,0,0,0
1600000US5342275,5342275,"Malden town, Washington",0,0,0,0,0,0,0,0,0,0,0,0,0,0,0
1600000US5342355,5342355,"Malone-Porter CDP, Washington",0,0,0,0,0,0,0,0,0,0,0,0,0,0,0
1600000US5342415,5342415,"Maltby CDP, Washington",172,103,82,15,0,0,0,15,6,0,0,6,69,61,8
1600000US5342450,5342450,"Manchester CDP, Washington",76,11,11,0,0,0,0,0,0,0,0,0,65,46,19
1600000US5342800,5342800,"Mansfield town, Washington",0,0,0,0,0,0,0,0,0,0,0,0,0,0,0
1600000US5343010,5343010,"Maple Falls CDP, Washington",0,0,0,0,0,0,0,0,0,0,0,0,0,0,0
1600000US5343062,5343062,"Maple Heights-Lake Desire CDP, Washington",162,65,61,4,0,0,0,4,0,0,0,0,97,62,35
1600000US5343150,5343150,"Maple Valley city, Washington",385,214,116,91,0,0,15,76,7,0,0,7,171,150,21
1600000US5343325,5343325,"Marblemount CDP, Washington",0,0,0,0,0,0,0,0,0,0,0,0,0,0,0
1600000US5343395,5343395,"Marcus town, Washington",4,0,0,0,0,0,0,0,0,0,0,0,4,0,4
1600000US5343491,5343491,"Marietta-Alderwood CDP, Washington",170,27,17,10,0,0,5,5,0,0,0,0,143,39,104
1600000US5343640,5343640,"Markham CDP, Washington",0,0,0,0,0,0,0,0,0,0,0,0,0,0,0
1600000US5343762,5343762,"Marrowstone CDP, Washington",0,0,0,0,0,0,0,0,0,0,0,0,0,0,0
1600000US5343815,5343815,"Martha Lake CDP, Washington",1171,427,322,92,5,16,0,71,13,0,0,13,744,433,311
1600000US5343885,5343885,"Maryhill CDP, Washington",0,0,0,0,0,0,0,0,0,0,0,0,0,0,0
1600000US5343955,5343955,"Marysville city, Washington",953,353,191,148,16,11,52,69,14,0,0,14,600,405,195
1600000US5344165,5344165,"Mattawa town, Washington",1,0,0,0,0,0,0,0,0,0,0,0,1,1,0
1600000US5344260,5344260,"May Creek CDP, Washington",0,0,0,0,0,0,0,0,0,0,0,0,0,0,0
1600000US5344620,5344620,"Meadow Glade CDP, Washington",14,0,0,0,0,0,0,0,0,0,0,0,14,0,14
1600000US5344690,5344690,"Medical Lake city, Washington",38,21,9,7,0,0,7,0,5,0,0,5,17,17,0
1600000US5344725,5344725,"Medina city, Washington",97,24,10,8,0,6,2,0,6,0,1,5,73,20,53
1600000US5345005,5345005,"Mercer Island city, Washington",2436,1120,802,295,43,66,20,166,23,0,4,19,1316,832,484
1600000US5345180,5345180,"Mesa city, Washington",3,0,0,0,0,0,0,0,0,0,0,0,3,0,3
1600000US5345285,5345285,"Metaline town, Washington",0,0,0,0,0,0,0,0,0,0,0,0,0,0,0
1600000US5345320,5345320,"Metaline Falls town, Washington",5,1,1,0,0,0,0,0,0,0,0,0,4,0,4
1600000US5345495,5345495,"Midland CDP, Washington",348,77,29,48,0,0,13,35,0,0,0,0,271,88,183
1600000US5345865,5345865,"Mill Creek city, Washington",1187,373,293,80,10,6,41,23,0,0,0,0,814,548,266
1600000US5345915,5345915,"Mill Plain CDP, Washington",250,61,23,38,0,0,0,38,0,0,0,0,189,62,127
1600000US5345985,5345985,"Millwood town, Washington",7,3,3,0,0,0,0,0,0,0,0,0,4,4,0
1600000US5346020,5346020,"Milton city, Washington",176,103,61,42,0,10,0,32,0,0,0,0,73,50,23
1600000US5346125,5346125,"Minnehaha CDP, Washington",229,75,24,51,0,0,0,51,0,0,0,0,154,82,72
1600000US5346215,5346215,"Mirrormont CDP, Washington",90,16,3,13,0,5,0,8,0,0,0,0,74,12,62
1600000US5346405,5346405,"Moclips CDP, Washington",24,24,11,13,0,0,0,13,0,0,0,0,0,0,0
1600000US5346685,5346685,"Monroe city, Washington",275,77,66,11,0,0,0,11,0,0,0,0,198,103,95
1600000US5346895,5346895,"Montesano city, Washington",7,0,0,0,0,0,0,0,0,0,0,0,7,0,7
1600000US5347175,5347175,"Morton city, Washington",16,0,0,0,0,0,0,0,0,0,0,0,16,16,0
1600000US5347245,5347245,"Moses Lake city, Washington",246,133,54,79,10,0,12,57,0,0,0,0,113,66,47
1600000US5347280,5347280,"Moses Lake North CDP, Washington",30,14,7,0,0,0,0,0,7,0,0,7,16,4,12
1600000US5347315,5347315,"Mossyrock city, Washington",0,0,0,0,0,0,0,0,0,0,0,0,0,0,0
1600000US5347490,5347490,"Mountlake Terrace city, Washington",2347,617,351,223,35,4,20,164,43,0,7,36,1730,829,901
1600000US5347560,5347560,"Mount Vernon city, Washington",647,180,103,6,0,0,0,6,71,0,0,71,467,172,295
1600000US5347630,5347630,"Mount Vista CDP, Washington",127,58,16,42,0,0,0,42,0,0,0,0,69,14,55
1600000US5347665,5347665,"Moxee city, Washington",8,0,0,0,0,0,0,0,0,0,0,0,8,7,1
1600000US5347735,5347735,"Mukilteo city, Washington",2092,681,336,306,40,26,73,167,39,0,0,39,1411,880,531
1600000US5347805,5347805,"Naches town, Washington",2,0,0,0,0,0,0,0,0,0,0,0,2,0,2
1600000US5347980,5347980,"Napavine city, Washington",4,3,0,3,3,0,0,0,0,0,0,0,1,1,0
1600000US5348015,5348015,"Naselle CDP, Washington",3,0,0,0,0,0,0,0,0,0,0,0,3,3,0
1600000US5348225,5348225,"Navy Yard City CDP, Washington",186,0,0,0,0,0,0,0,0,0,0,0,186,124,62
1600000US5348295,5348295,"Neah Bay CDP, Washington",0,0,0,0,0,0,0,0,0,0,0,0,0,0,0
1600000US5348330,5348330,"Neilton CDP, Washington",0,0,0,0,0,0,0,0,0,0,0,0,0,0,0
1600000US5348540,5348540,"Nespelem town, Washington",0,0,0,0,0,0,0,0,0,0,0,0,0,0,0
1600000US5348550,5348550,"Nespelem Community CDP, Washington",0,0,0,0,0,0,0,0,0,0,0,0,0,0,0
1600000US5348645,5348645,"Newcastle city, Washington",1509,544,396,115,0,18,19,78,33,0,6,27,965,546,419
1600000US5348820,5348820,"Newport city, Washington",12,6,6,0,0,0,0,0,0,0,0,0,6,0,6
1600000US5349193,5349193,"Nisqually Indian Community CDP, Washington",19,7,0,6,0,0,0,6,1,0,0,1,12,12,0
1600000US5349275,5349275,"Nooksack city, Washington",11,2,0,2,0,0,0,2,0,0,0,0,9,0,9
1600000US5349415,5349415,"Normandy Park city, Washington",412,152,96,33,0,0,9,24,23,0,5,18,260,177,83
1600000US5349485,5349485,"North Bend city, Washington",135,43,25,18,3,15,0,0,0,0,0,0,92,45,47
1600000US5349555,5349555,"North Bonneville city, Washington",12,4,0,4,0,0,0,4,0,0,0,0,8,5,3
1600000US5349665,5349665,"North Creek CDP, Washington",1537,570,394,176,28,14,6,128,0,0,0,0,967,650,317
1600000US5349992,5349992,"North Marysville CDP, Washington",714,318,206,97,0,27,17,53,15,0,7,8,396,218,178
1600000US5350007,5350007,"North Omak CDP, Washington",0,0,0,0,0,0,0,0,0,0,0,0,0,0,0
1600000US5350045,5350045,"Northport town, Washington",0,0,0,0,0,0,0,0,0,0,0,0,0,0,0
1600000US5350175,5350175,"North Stanwood CDP, Washington",0,0,0,0,0,0,0,0,0,0,0,0,0,0,0
1600000US5350183,5350183,"North Sultan CDP, Washington",0,0,0,0,0,0,0,0,0,0,0,0,0,0,0
1600000US5350191,5350191,"Northwest Snohomish CDP, Washington",27,11,11,0,0,0,0,0,0,0,0,0,16,16,0
1600000US5350210,5350210,"North Yelm CDP, Washington",17,10,10,0,0,0,0,0,0,0,0,0,7,0,7
1600000US5350325,5350325,"Oakesdale town, Washington",2,2,0,2,0,0,0,2,0,0,0,0,0,0,0
1600000US5350360,5350360,"Oak Harbor city, Washington",1739,523,227,205,16,30,30,129,91,0,23,68,1216,698,518
1600000US5350430,5350430,"Oakville city, Washington",2,2,2,0,0,0,0,0,0,0,0,0,0,0,0
1600000US5350500,5350500,"Ocean City CDP, Washington",0,0,0,0,0,0,0,0,0,0,0,0,0,0,0
1600000US5350535,5350535,"Ocean Park CDP, Washington",0,0,0,0,0,0,0,0,0,0,0,0,0,0,0
1600000US5350570,5350570,"Ocean Shores city, Washington",67,0,0,0,0,0,0,0,0,0,0,0,67,31,36
1600000US5350745,5350745,"Odessa town, Washington",0,0,0,0,0,0,0,0,0,0,0,0,0,0,0
1600000US5350920,5350920,"Okanogan city, Washington",0,0,0,0,0,0,0,0,0,0,0,0,0,0,0
1600000US5351300,5351300,"Olympia city, Washington",2326,767,359,302,67,11,34,190,106,10,5,91,1559,966,593
1600000US5351340,5351340,"Omak city, Washington",46,0,0,0,0,0,0,0,0,0,0,0,46,7,39
1600000US5351515,5351515,"Opportunity CDP, Washington",301,71,52,19,0,0,10,9,0,0,0,0,230,120,110
1600000US5351795,5351795,"Orchards CDP, Washington",768,308,136,149,0,0,6,143,23,0,0,23,460,215,245
1600000US5351970,5351970,"Oroville city, Washington",6,4,2,0,0,0,0,0,2,0,0,2,2,0,2
1600000US5352005,5352005,"Orting city, Washington",48,21,21,0,0,0,0,0,0,0,0,0,27,4,23
1600000US5352110,5352110,"Oso CDP, Washington",0,0,0,0,0,0,0,0,0,0,0,0,0,0,0
1600000US5352215,5352215,"Othello city, Washington",84,49,32,17,0,3,0,14,0,0,0,0,35,25,10
1600000US5352267,5352267,"Otis Orchards-East Farms CDP, Washington",16,8,0,8,0,0,0,8,0,0,0,0,8,8,0
1600000US5352380,5352380,"Oyehut-Hogans Corner CDP, Washington",0,0,0,0,0,0,0,0,0,0,0,0,0,0,0
1600000US5352495,5352495,"Pacific city, Washington",199,35,29,6,0,0,6,0,0,0,0,0,164,85,79
1600000US5352765,5352765,"Paine Field-Lake Stickney CDP, Washington",1572,486,282,204,34,16,2,152,0,0,0,0,1086,503,583
1600000US5352950,5352950,"Palouse city, Washington",7,2,2,0,0,0,0,0,0,0,0,0,5,2,3
1600000US5353335,5353335,"Parkland CDP, Washington",1589,439,184,170,12,16,30,112,85,0,14,71,1150,727,423
1600000US5353440,5353440,"Parkwood CDP, Washington",358,132,8,79,8,5,15,51,45,0,7,38,226,175,51
1600000US5353545,5353545,"Pasco city, Washington",714,254,198,35,5,0,0,30,21,0,0,21,460,266,194
1600000US5353720,5353720,"Pateros city, Washington",7,0,0,0,0,0,0,0,0,0,0,0,7,5,2
1600000US5353800,5353800,"Peaceful Valley CDP, Washington",0,0,0,0,0,0,0,0,0,0,0,0,0,0,0
1600000US5353930,5353930,"Pe Ell town, Washington",12,12,0,10,0,0,2,8,2,0,0,2,0,0,0
1600000US5354215,5354215,"Picnic Point-North Lynnwood CDP, Washington",2482,593,321,254,16,39,41,158,18,0,0,18,1889,864,1025
1600000US5355120,5355120,"Pomeroy city, Washington",5,0,0,0,0,0,0,0,0,0,0,0,5,5,0
1600000US5355365,5355365,"Port Angeles city, Washington",251,67,28,31,9,0,0,22,8,0,0,8,184,93,91
1600000US5355400,5355400,"Port Angeles East CDP, Washington",51,8,4,4,0,0,0,4,0,0,0,0,43,30,13
1600000US5355620,5355620,"Port Hadlock-Irondale CDP, Washington",75,24,13,11,0,6,0,5,0,0,0,0,51,31,20
1600000US5355645,5355645,"Port Ludlow CDP, Washington",0,0,0,0,0,0,0,0,0,0,0,0,0,0,0
1600000US5355785,5355785,"Port Orchard city, Washington",306,98,44,43,0,13,16,14,11,0,0,11,208,180,28
1600000US5355855,5355855,"Port Townsend city, Washington",120,51,7,44,19,0,9,16,0,0,0,0,69,50,19
1600000US5355995,5355995,"Poulsbo city, Washington",223,100,52,40,8,6,0,26,8,0,0,8,123,74,49
1600000US5356170,5356170,"Prairie Ridge CDP, Washington",108,27,18,9,0,0,0,9,0,0,0,0,81,66,15
1600000US5356240,5356240,"Prescott town, Washington",0,0,0,0,0,0,0,0,0,0,0,0,0,0,0
1600000US5356304,5356304,"Priest Point CDP, Washington",5,0,0,0,0,0,0,0,0,0,0,0,5,5,0
1600000US5356450,5356450,"Prosser city, Washington",17,0,0,0,0,0,0,0,0,0,0,0,17,0,17
1600000US5356625,5356625,"Pullman city, Washington",1992,495,245,217,0,0,15,202,33,0,0,33,1497,368,1129
1600000US5356695,5356695,"Puyallup city, Washington",1057,430,241,175,0,36,20,119,14,0,0,14,627,424,203
1600000US5356975,5356975,"Quilcene CDP, Washington",2,2,0,2,0,0,0,2,0,0,0,0,0,0,0
1600000US5357115,5357115,"Quincy city, Washington",22,22,17,5,0,0,0,5,0,0,0,0,0,0,0
1600000US5357220,5357220,"Rainier town, Washington",24,6,6,0,0,0,0,0,0,0,0,0,18,15,3
1600000US5357395,5357395,"Ravensdale CDP, Washington",29,0,0,0,0,0,0,0,0,0,0,0,29,14,15
1600000US5357430,5357430,"Raymond city, Washington",288,91,62,22,0,0,0,22,7,0,0,7,197,66,131
1600000US5357465,5357465,"Reardan town, Washington",0,0,0,0,0,0,0,0,0,0,0,0,0,0,0
1600000US5357535,5357535,"Redmond city, Washington",6028,1639,909,704,85,77,123,419,26,0,0,26,4389,1475,2914
1600000US5357745,5357745,"Renton city, Washington",6648,2261,1508,589,48,48,19,474,164,0,32,132,4387,2804,1583
1600000US5357850,5357850,"Republic city, Washington",0,0,0,0,0,0,0,0,0,0,0,0,0,0,0
1600000US5358235,5358235,"Richland city, Washington",1566,462,193,265,28,31,54,152,4,0,0,4,1104,715,389
1600000US5358410,5358410,"Ridgefield city, Washington",16,9,0,6,0,0,0,6,3,0,0,3,7,3,4
1600000US5358725,5358725,"Ritzville city, Washington",9,4,0,4,0,4,0,0,0,0,0,0,5,5,0
1600000US5358742,5358742,"Riverbend CDP, Washington",35,0,0,0,0,0,0,0,0,0,0,0,35,35,0
1600000US5358777,5358777,"River Road CDP, Washington",0,0,0,0,0,0,0,0,0,0,0,0,0,0,0
1600000US5358795,5358795,"Riverside town, Washington",6,2,0,2,2,0,0,0,0,0,0,0,4,2,2
1600000US5358878,5358878,"Riverton-Boulevard Park CDP, Washington",1524,526,415,99,11,20,26,42,12,0,0,12,998,485,513
1600000US5359110,5359110,"Rochester CDP, Washington",13,0,0,0,0,0,0,0,0,0,0,0,13,0,13
1600000US5359145,5359145,"Rockford town, Washington",0,0,0,0,0,0,0,0,0,0,0,0,0,0,0
1600000US5359180,5359180,"Rock Island city, Washington",5,5,5,0,0,0,0,0,0,0,0,0,0,0,0
1600000US5359250,5359250,"Rockport CDP, Washington",0,0,0,0,0,0,0,0,0,0,0,0,0,0,0
1600000US5359635,5359635,"Ronald CDP, Washington",0,0,0,0,0,0,0,0,0,0,0,0,0,0,0
1600000US5359705,5359705,"Roosevelt CDP, Washington",0,0,0,0,0,0,0,0,0,0,0,0,0,0,0
1600000US5359775,5359775,"Rosalia town, Washington",8,6,4,2,0,0,0,2,0,0,0,0,2,0,2
1600000US5360055,5360055,"Roslyn city, Washington",0,0,0,0,0,0,0,0,0,0,0,0,0,0,0
1600000US5360160,5360160,"Roy city, Washington",4,0,0,0,0,0,0,0,0,0,0,0,4,4,0
1600000US5360230,5360230,"Royal City city, Washington",0,0,0,0,0,0,0,0,0,0,0,0,0,0,0
1600000US5360510,5360510,"Ruston town, Washington",40,19,17,2,2,0,0,0,0,0,0,0,21,18,3
1600000US5360860,5360860,"St. John town, Washington",6,0,0,0,0,0,0,0,0,0,0,0,6,6,0
1600000US5361000,5361000,"Salmon Creek CDP, Washington",478,101,17,84,6,0,15,63,0,0,0,0,377,250,127
1600000US5361115,5361115,"Sammamish city, Washington",2530,937,552,372,37,31,34,270,13,0,0,13,1593,699,894
1600000US5361350,5361350,"Satsop CDP, Washington",1,0,0,0,0,0,0,0,0,0,0,0,1,0,1
1600000US5361385,5361385,"Satus CDP, Washington",0,0,0,0,0,0,0,0,0,0,0,0,0,0,0
1600000US5362288,5362288,"SeaTac city, Washington",2945,915,561,257,18,58,17,164,97,0,0,97,2030,1017,1013
1600000US5363000,5363000,"Seattle city, Washington",73849,24276,16120,6983,536,966,843,4638,1173,0,173,1000,49573,26324,23249
1600000US5363052,5363052,"Seattle Hill-Silver Firs CDP, Washington",2755,1037,589,386,25,125,20,216,62,0,7,55,1718,1172,546
1600000US5363210,5363210,"Sedro-Woolley city, Washington",46,7,7,0,0,0,0,0,0,0,0,0,39,24,15
1600000US5363280,5363280,"Selah city, Washington",0,0,0,0,0,0,0,0,0,0,0,0,0,0,0
1600000US5363385,5363385,"Sequim city, Washington",110,51,34,13,0,0,0,13,4,0,0,4,59,26,33
1600000US5363550,5363550,"Shaker Church CDP, Washington",20,15,3,12,0,0,0,12,0,0,0,0,5,5,0
1600000US5363735,5363735,"Shelton city, Washington",92,39,16,23,0,5,18,0,0,0,0,0,53,35,18
1600000US5363960,5363960,"Shoreline city, Washington",6613,1742,1277,420,69,64,47,240,45,0,0,45,4871,2857,2014
1600000US5364190,5364190,"Silvana CDP, Washington",0,0,0,0,0,0,0,0,0,0,0,0,0,0,0
1600000US5364365,5364365,"Silverdale CDP, Washington",1751,676,202,295,8,39,42,206,179,0,40,139,1075,911,164
1600000US5364775,5364775,"Skokomish CDP, Washington",0,0,0,0,0,0,0,0,0,0,0,0,0,0,0
1600000US5364855,5364855,"Skykomish town, Washington",0,0,0,0,0,0,0,0,0,0,0,0,0,0,0
1600000US5364995,5364995,"Smokey Point CDP, Washington",68,24,24,0,0,0,0,0,0,0,0,0,44,31,13
1600000US5365170,5365170,"Snohomish city, Washington",100,11,7,4,0,0,0,4,0,0,0,0,89,81,8
1600000US5365205,5365205,"Snoqualmie city, Washington",48,12,12,0,0,0,0,0,0,0,0,0,36,31,5
1600000US5365275,5365275,"Snoqualmie Pass CDP, Washington",3,3,3,0,0,0,0,0,0,0,0,0,0,0,0
1600000US5365345,5365345,"Soap Lake city, Washington",2,2,2,0,0,0,0,0,0,0,0,0,0,0,0
1600000US5365625,5365625,"South Bend city, Washington",84,27,18,9,0,0,4,5,0,0,0,0,57,20,37
1600000US5365765,5365765,"South Cle Elum town, Washington",10,5,0,5,3,2,0,0,0,0,0,0,5,0,5
1600000US5365922,5365922,"South Hill CDP, Washington",963,349,119,193,10,27,58,98,37,0,0,37,614,437,177
1600000US5366045,5366045,"South Prairie town, Washington",13,7,5,2,0,0,0,2,0,0,0,0,6,3,3
1600000US5366185,5366185,"South Wenatchee CDP, Washington",6,6,6,0,0,0,0,0,0,0,0,0,0,0,0
1600000US5366255,5366255,"Spanaway CDP, Washington",1275,361,122,107,3,12,36,56,132,0,35,97,914,671,243
1600000US5366290,5366290,"Spangle town, Washington",0,0,0,0,0,0,0,0,0,0,0,0,0,0,0
1600000US5367000,5367000,"Spokane city, Washington",4379,1692,832,676,28,34,19,595,184,0,17,167,2687,1509,1178
1600000US5367175,5367175,"Sprague city, Washington",4,2,2,0,0,0,0,0,0,0,0,0,2,2,0
1600000US5367210,5367210,"Springdale town, Washington",0,0,0,0,0,0,0,0,0,0,0,0,0,0,0
1600000US5367455,5367455,"Stanwood city, Washington",68,21,0,16,0,0,6,10,5,0,0,5,47,10,37
1600000US5367490,5367490,"Starbuck town, Washington",0,0,0,0,0,0,0,0,0,0,0,0,0,0,0
1600000US5367595,5367595,"Startup CDP, Washington",75,44,36,0,0,0,0,0,8,0,0,8,31,13,18
1600000US5367770,5367770,"Steilacoom town, Washington",416,99,15,67,0,6,0,61,17,0,0,17,317,161,156
1600000US5367875,5367875,"Stevenson city, Washington",4,0,0,0,0,0,0,0,0,0,0,0,4,0,4
1600000US5368025,5368025,"Stimson Crossing CDP, Washington",12,0,0,0,0,0,0,0,0,0,0,0,12,10,2
1600000US5368200,5368200,"Sudden Valley CDP, Washington",29,14,14,0,0,0,0,0,0,0,0,0,15,15,0
1600000US5368260,5368260,"Sultan city, Washington",135,42,33,9,0,0,0,9,0,0,0,0,93,63,30
1600000US5368330,5368330,"Sumas city, Washington",71,24,12,12,2,0,0,10,0,0,0,0,47,13,34
1600000US5368365,5368365,"Summit CDP, Washington",179,64,21,43,0,0,0,43,0,0,0,0,115,69,46
1600000US5368417,5368417,"Summitview CDP, Washington",0,0,0,0,0,0,0,0,0,0,0,0,0,0,0
1600000US5368435,5368435,"Sumner city, Washington",84,33,16,17,0,0,7,10,0,0,0,0,51,44,7
1600000US5368750,5368750,"Sunnyside city, Washington",71,28,20,8,0,0,0,8,0,0,0,0,43,22,21
1600000US5368785,5368785,"Sunnyslope CDP, Washington",12,0,0,0,0,0,0,0,0,0,0,0,12,12,0
1600000US5369170,5369170,"Suquamish CDP, Washington",95,32,21,10,0,0,1,9,1,0,0,1,63,42,21
1600000US5370000,5370000,"Tacoma city, Washington",14336,4358,2801,1225,119,115,166,825,332,19,38,275,9978,4780,5198
1600000US5370175,5370175,"Taholah CDP, Washington",8,2,2,0,0,0,0,0,0,0,0,0,6,0,6
1600000US5370297,5370297,"Tanglewilde-Thompson Place CDP, Washington",362,70,42,18,0,0,6,12,10,0,0,10,292,198,94
1600000US5370315,5370315,"Tanner CDP, Washington",17,8,8,0,0,0,0,0,0,0,0,0,9,9,0
1600000US5370560,5370560,"Tekoa city, Washington",4,0,0,0,0,0,0,0,0,0,0,0,4,4,0
1600000US5370630,5370630,"Tenino city, Washington",92,49,37,4,4,0,0,0,8,0,0,8,43,7,36
1600000US5370805,5370805,"Terrace Heights CDP, Washington",5,0,0,0,0,0,0,0,0,0,0,0,5,5,0
1600000US5371225,5371225,"Thorp CDP, Washington",0,0,0,0,0,0,0,0,0,0,0,0,0,0,0
1600000US5371330,5371330,"Three Lakes CDP, Washington",0,0,0,0,0,0,0,0,0,0,0,0,0,0,0
1600000US5371400,5371400,"Tieton town, Washington",25,10,10,0,0,0,0,0,0,0,0,0,15,5,10
1600000US5371680,5371680,"Tokeland CDP, Washington",5,0,0,0,0,0,0,0,0,0,0,0,5,0,5
1600000US5371785,5371785,"Toledo city, Washington",4,0,0,0,0,0,0,0,0,0,0,0,4,3,1
1600000US5371890,5371890,"Tonasket city, Washington",0,0,0,0,0,0,0,0,0,0,0,0,0,0,0
1600000US5371960,5371960,"Toppenish city, Washington",0,0,0,0,0,0,0,0,0,0,0,0,0,0,0
1600000US5372030,5372030,"Touchet CDP, Washington",7,2,2,0,0,0,0,0,0,0,0,0,5,5,0
1600000US5372170,5372170,"Town and Country CDP, Washington",4,0,0,0,0,0,0,0,0,0,0,0,4,4,0
1600000US5372205,5372205,"Tracyton CDP, Washington",158,73,46,0,0,0,0,0,27,0,23,4,85,48,37
1600000US5372310,5372310,"Trentwood CDP, Washington",116,14,14,0,0,0,0,0,0,0,0,0,102,46,56
1600000US5372450,5372450,"Trout Lake CDP, Washington",13,13,11,2,2,0,0,0,0,0,0,0,0,0,0
1600000US5372625,5372625,"Tukwila city, Washington",1788,536,339,168,29,35,31,73,29,0,0,29,1252,600,652
1600000US5372705,5372705,"Tulalip Bay CDP, Washington",37,9,9,0,0,0,0,0,0,0,0,0,28,16,12
1600000US5372905,5372905,"Tumwater city, Washington",479,147,77,51,29,0,0,22,19,0,0,19,332,91,241
1600000US5373080,5373080,"Twisp town, Washington",10,10,6,2,0,0,0,2,2,0,0,2,0,0,0
1600000US5373290,5373290,"Union Gap city, Washington",38,23,14,0,0,0,0,0,9,0,0,9,15,7,8
1600000US5373307,5373307,"Union Hill-Novelty Hill CDP, Washington",528,202,63,139,17,14,12,96,0,0,0,0,326,257,69
1600000US5373360,5373360,"Uniontown town, Washington",0,0,0,0,0,0,0,0,0,0,0,0,0,0,0
1600000US5373465,5373465,"University Place city, Washington",2311,598,339,226,0,43,23,160,33,0,0,33,1713,1044,669
1600000US5373780,5373780,"Vader city, Washington",2,0,0,0,0,0,0,0,0,0,0,0,2,2,0
1600000US5374060,5374060,"Vancouver city, Washington",6155,1842,755,1041,53,49,75,864,46,0,12,34,4313,2184,2129
1600000US5374200,5374200,"Vantage CDP, Washington",0,0,0,0,0,0,0,0,0,0,0,0,0,0,0
1600000US5374305,5374305,"Vashon CDP, Washington",126,26,14,12,12,0,0,0,0,0,0,0,100,23,77
1600000US5374585,5374585,"Venersborg CDP, Washington",75,52,0,52,13,0,13,26,0,0,0,0,23,12,11
1600000US5374725,5374725,"Veradale CDP, Washington",203,67,28,39,0,0,0,39,0,0,0,0,136,113,23
1600000US5374760,5374760,"Verlot CDP, Washington",0,0,0,0,0,0,0,0,0,0,0,0,0,0,0
1600000US5375565,5375565,"Waitsburg city, Washington",15,10,3,5,0,0,0,5,2,0,0,2,5,2,3
1600000US5375775,5375775,"Walla Walla city, Washington",458,288,129,141,35,0,64,42,18,0,0,18,170,117,53
1600000US5375810,5375810,"Walla Walla East CDP, Washington",8,0,0,0,0,0,0,0,0,0,0,0,8,8,0
1600000US5375905,5375905,"Waller CDP, Washington",150,52,20,18,0,6,0,12,14,0,0,14,98,78,20
1600000US5375985,5375985,"Wallula CDP, Washington",0,0,0,0,0,0,0,0,0,0,0,0,0,0,0
1600000US5376055,5376055,"Walnut Grove CDP, Washington",227,57,35,22,0,0,0,22,0,0,0,0,170,59,111
1600000US5376125,5376125,"Wapato city, Washington",182,38,24,14,0,0,14,0,0,0,0,0,144,91,53
1600000US5376160,5376160,"Warden city, Washington",7,0,0,0,0,0,0,0,0,0,0,0,7,2,5
1600000US5376195,5376195,"Warm Beach CDP, Washington",26,0,0,0,0,0,0,0,0,0,0,0,26,26,0
1600000US5376405,5376405,"Washougal city, Washington",31,5,0,0,0,0,0,0,5,0,0,5,26,12,14
1600000US5376440,5376440,"Washtucna town, Washington",0,0,0,0,0,0,0,0,0,0,0,0,0,0,0
1600000US5376510,5376510,"Waterville town, Washington",3,0,0,0,0,0,0,0,0,0,0,0,3,0,3
1600000US5376720,5376720,"Waverly town, Washington",0,0,0,0,0,0,0,0,0,0,0,0,0,0,0
1600000US5376800,5376800,"Weallup Lake CDP, Washington",6,3,0,3,0,0,0,3,0,0,0,0,3,0,3
1600000US5377105,5377105,"Wenatchee city, Washington",272,120,59,56,0,0,19,37,5,0,0,5,152,112,40
1600000US5377297,5377297,"West Clarkston-Highland CDP, Washington",25,0,0,0,0,0,0,0,0,0,0,0,25,8,17
1600000US5377535,5377535,"West Lake Sammamish CDP, Washington",646,222,145,61,8,0,0,53,16,0,0,16,424,280,144
1600000US5377542,5377542,"West Lake Stevens CDP, Washington",408,94,35,36,0,0,0,36,23,0,0,23,314,213,101
1600000US5377547,5377547,"West Longview CDP, Washington",122,72,0,72,0,0,0,72,0,0,0,0,50,13,37
1600000US5377612,5377612,"West Pasco CDP, Washington",78,29,10,12,0,0,0,12,7,0,0,7,49,39,10
1600000US5377630,5377630,"Westport city, Washington",4,0,0,0,0,0,0,0,0,0,0,0,4,4,0
1600000US5377665,5377665,"West Richland city, Washington",185,68,65,3,3,0,0,0,0,0,0,0,117,92,25
1600000US5377745,5377745,"West Side Highway CDP, Washington",0,0,0,0,0,0,0,0,0,0,0,0,0,0,0
1600000US5377885,5377885,"West Valley CDP, Washington",264,83,63,20,13,0,0,7,0,0,0,0,181,84,97
1600000US5377910,5377910,"West Wenatchee CDP, Washington",8,0,0,0,0,0,0,0,0,0,0,0,8,8,0
1600000US5378225,5378225,"White Center CDP, Washington",4478,1269,1112,132,0,0,20,112,25,0,0,25,3209,1301,1908
1600000US5378330,5378330,"White Salmon city, Washington",5,0,0,0,0,0,0,0,0,0,0,0,5,5,0
1600000US5378365,5378365,"White Swan CDP, Washington",11,5,5,0,0,0,0,0,0,0,0,0,6,6,0
1600000US5378680,5378680,"Wilbur town, Washington",0,0,0,0,0,0,0,0,0,0,0,0,0,0,0
1600000US5378925,5378925,"Wilkeson town, Washington",1,0,0,0,0,0,0,0,0,0,0,0,1,0,1
1600000US5379135,5379135,"Wilson Creek town, Washington",1,1,0,1,0,0,0,1,0,0,0,0,0,0,0
1600000US5379275,5379275,"Winlock city, Washington",7,2,2,0,0,0,0,0,0,0,0,0,5,5,0
1600000US5379380,5379380,"Winthrop town, Washington",0,0,0,0,0,0,0,0,0,0,0,0,0,0,0
1600000US5379485,5379485,"Wishram CDP, Washington",2,0,0,0,0,0,0,0,0,0,0,0,2,0,2
1600000US5379590,5379590,"Woodinville city, Washington",757,362,240,115,13,0,11,91,7,0,0,7,395,233,162
1600000US5379625,5379625,"Woodland city, Washington",0,0,0,0,0,0,0,0,0,0,0,0,0,0,0
1600000US5379825,5379825,"Woods Creek CDP, Washington",42,10,0,10,10,0,0,0,0,0,0,0,32,21,11
1600000US5379835,5379835,"Woodway city, Washington",43,38,27,11,0,0,2,9,0,0,0,0,5,3,2
1600000US5379975,5379975,"Yacolt town, Washington",2,1,1,0,0,0,0,0,0,0,0,0,1,1,0
1600000US5380010,5380010,"Yakima city, Washington",791,336,168,138,19,0,12,107,30,0,0,30,455,287,168
1600000US5380150,5380150,"Yarrow Point town, Washington",39,29,18,11,0,7,4,0,0,0,0,0,10,10,0
1600000US5380220,5380220,"Yelm city, Washington",66,27,22,5,0,0,0,5,0,0,0,0,39,8,31
1600000US5380500,5380500,"Zillah city, Washington",12,5,5,0,0,0,0,0,0,0,0,0,7,2,5
