GEO.id,GEO.id2,GEO.display-label,HD01_VD01,HD02_VD01,HD01_VD02,HD02_VD02,HD01_VD03,HD02_VD03,HD01_VD04,HD02_VD04,HD01_VD05,HD02_VD05
Id,Id2,Geography,Estimate; Total:,Margin of Error; Total:,Estimate; Total: - Born in state of residence,Margin of Error; Total: - Born in state of residence,Estimate; Total: - Born in other state in the United States,Margin of Error; Total: - Born in other state in the United States,Estimate; Total: - Native; born outside the United States,Margin of Error; Total: - Native; born outside the United States,Estimate; Total: - Foreign born,Margin of Error; Total: - Foreign born
0500000US53033,53033,"King County, Washington",350616,2176,70980,1799,36295,1455,7018,686,236323,2305
1400000US53033000100,53033000100,"Census Tract 1, King County, Washington",1046,238,90,69,121,83,59,62,776,228
1400000US53033000200,53033000200,"Census Tract 2, King County, Washington",1306,430,264,149,87,66,0,17,955,371
1400000US53033000300,53033000300,"Census Tract 3, King County, Washington",314,86,97,77,49,31,8,13,160,82
1400000US53033000401,53033000401,"Census Tract 4.01, King County, Washington",1208,356,285,136,147,81,21,33,755,268
1400000US53033000402,53033000402,"Census Tract 4.02, King County, Washington",408,170,55,50,158,87,0,17,195,119
1400000US53033000500,53033000500,"Census Tract 5, King County, Washington",311,162,94,105,58,55,0,12,159,81
1400000US53033000600,53033000600,"Census Tract 6, King County, Washington",927,325,130,98,72,52,0,17,725,296
1400000US53033000700,53033000700,"Census Tract 7, King County, Washington",849,284,129,97,126,82,40,44,554,199
1400000US53033000800,53033000800,"Census Tract 8, King County, Washington",229,99,97,50,22,22,0,12,110,57
1400000US53033000900,53033000900,"Census Tract 9, King County, Washington",216,56,60,37,49,31,7,10,100,37
1400000US53033001000,53033001000,"Census Tract 10, King County, Washington",237,99,48,36,8,9,12,13,169,71
1400000US53033001100,53033001100,"Census Tract 11, King County, Washington",428,165,70,81,41,27,0,12,317,112
1400000US53033001200,53033001200,"Census Tract 12, King County, Washington",1254,333,329,181,171,137,75,106,679,265
1400000US53033001300,53033001300,"Census Tract 13, King County, Washington",1039,185,166,73,206,128,32,51,635,143
1400000US53033001400,53033001400,"Census Tract 14, King County, Washington",536,235,84,72,34,39,0,17,418,230
1400000US53033001500,53033001500,"Census Tract 15, King County, Washington",152,63,31,33,29,26,0,12,92,51
1400000US53033001600,53033001600,"Census Tract 16, King County, Washington",295,141,143,93,46,29,11,15,95,73
1400000US53033001701,53033001701,"Census Tract 17.01, King County, Washington",386,105,92,49,64,48,13,21,217,100
1400000US53033001702,53033001702,"Census Tract 17.02, King County, Washington",468,165,146,108,101,81,12,20,209,114
1400000US53033001800,53033001800,"Census Tract 18, King County, Washington",759,308,218,153,32,53,0,17,509,267
1400000US53033001900,53033001900,"Census Tract 19, King County, Washington",783,173,121,84,105,118,11,19,546,146
1400000US53033002000,53033002000,"Census Tract 20, King County, Washington",340,104,51,31,55,36,0,12,234,99
1400000US53033002100,53033002100,"Census Tract 21, King County, Washington",621,127,155,63,101,61,0,12,365,114
1400000US53033002200,53033002200,"Census Tract 22, King County, Washington",707,146,92,76,138,80,24,28,453,123
1400000US53033002400,53033002400,"Census Tract 24, King County, Washington",278,68,45,33,20,18,0,12,213,72
1400000US53033002500,53033002500,"Census Tract 25, King County, Washington",208,92,94,80,0,12,20,23,94,59
1400000US53033002600,53033002600,"Census Tract 26, King County, Washington",394,99,28,34,63,50,0,17,303,75
1400000US53033002700,53033002700,"Census Tract 27, King County, Washington",686,236,317,150,67,51,0,17,302,136
1400000US53033002800,53033002800,"Census Tract 28, King County, Washington",233,131,40,45,78,60,0,12,115,111
1400000US53033002900,53033002900,"Census Tract 29, King County, Washington",274,144,67,50,49,35,0,12,158,100
1400000US53033003000,53033003000,"Census Tract 30, King County, Washington",277,144,19,29,105,90,29,34,124,68
1400000US53033003100,53033003100,"Census Tract 31, King County, Washington",198,140,58,63,43,44,0,17,97,65
1400000US53033003200,53033003200,"Census Tract 32, King County, Washington",323,186,90,87,121,94,0,17,112,94
1400000US53033003300,53033003300,"Census Tract 33, King County, Washington",416,141,20,32,82,86,0,17,314,133
1400000US53033003400,53033003400,"Census Tract 34, King County, Washington",232,94,53,51,69,43,34,50,76,58
1400000US53033003500,53033003500,"Census Tract 35, King County, Washington",308,174,85,57,119,104,10,15,94,68
1400000US53033003600,53033003600,"Census Tract 36, King County, Washington",952,355,239,133,270,132,51,47,392,227
1400000US53033003800,53033003800,"Census Tract 38, King County, Washington",231,90,53,37,45,26,0,12,133,59
1400000US53033003900,53033003900,"Census Tract 39, King County, Washington",297,72,51,42,41,31,12,17,193,58
1400000US53033004000,53033004000,"Census Tract 40, King County, Washington",297,118,33,32,21,23,17,26,226,107
1400000US53033004100,53033004100,"Census Tract 41, King County, Washington",974,300,118,115,143,83,0,17,713,303
1400000US53033004200,53033004200,"Census Tract 42, King County, Washington",826,174,164,89,17,26,69,57,576,143
1400000US53033004301,53033004301,"Census Tract 43.01, King County, Washington",561,221,104,67,86,50,0,12,371,185
1400000US53033004302,53033004302,"Census Tract 43.02, King County, Washington",1215,297,153,77,146,92,34,31,882,241
1400000US53033004400,53033004400,"Census Tract 44, King County, Washington",1082,263,262,107,258,117,34,40,528,218
1400000US53033004500,53033004500,"Census Tract 45, King County, Washington",371,181,86,60,120,99,0,12,165,105
1400000US53033004600,53033004600,"Census Tract 46, King County, Washington",179,73,10,16,44,31,0,12,125,57
1400000US53033004700,53033004700,"Census Tract 47, King County, Washington",836,415,135,103,311,195,0,17,390,316
1400000US53033004800,53033004800,"Census Tract 48, King County, Washington",329,129,15,24,198,117,0,17,116,66
1400000US53033004900,53033004900,"Census Tract 49, King County, Washington",289,136,84,109,59,43,15,23,131,73
1400000US53033005000,53033005000,"Census Tract 50, King County, Washington",308,123,75,60,79,53,0,12,154,87
1400000US53033005100,53033005100,"Census Tract 51, King County, Washington",222,64,76,48,63,38,11,17,72,33
1400000US53033005200,53033005200,"Census Tract 52, King County, Washington",2355,513,513,235,127,90,23,29,1692,509
1400000US53033005301,53033005301,"Census Tract 53.01, King County, Washington",2564,370,293,111,238,106,43,39,1990,381
1400000US53033005302,53033005302,"Census Tract 53.02, King County, Washington",1674,511,307,97,392,220,144,211,831,202
1400000US53033005400,53033005400,"Census Tract 54, King County, Washington",492,176,103,70,171,142,0,17,218,143
1400000US53033005600,53033005600,"Census Tract 56, King County, Washington",332,109,11,18,9,18,18,28,294,115
1400000US53033005700,53033005700,"Census Tract 57, King County, Washington",655,155,154,107,23,38,0,17,478,194
1400000US53033005801,53033005801,"Census Tract 58.01, King County, Washington",222,91,53,45,16,22,0,17,153,70
1400000US53033005802,53033005802,"Census Tract 58.02, King County, Washington",784,300,208,134,97,81,52,50,427,193
1400000US53033005900,53033005900,"Census Tract 59, King County, Washington",675,173,51,72,291,115,19,30,314,148
1400000US53033006000,53033006000,"Census Tract 60, King County, Washington",336,125,68,56,106,75,6,12,156,88
1400000US53033006100,53033006100,"Census Tract 61, King County, Washington",570,257,172,140,129,106,20,31,249,135
1400000US53033006200,53033006200,"Census Tract 62, King County, Washington",288,92,49,44,101,50,0,12,138,67
1400000US53033006300,53033006300,"Census Tract 63, King County, Washington",205,140,13,21,12,22,0,17,180,115
1400000US53033006400,53033006400,"Census Tract 64, King County, Washington",178,84,61,39,60,49,0,12,57,43
1400000US53033006500,53033006500,"Census Tract 65, King County, Washington",289,103,53,56,105,57,18,28,113,59
1400000US53033006600,53033006600,"Census Tract 66, King County, Washington",506,230,80,69,126,108,0,12,300,205
1400000US53033006700,53033006700,"Census Tract 67, King County, Washington",1957,660,200,168,109,81,8,19,1640,611
1400000US53033006800,53033006800,"Census Tract 68, King County, Washington",265,136,54,56,90,45,0,12,121,69
1400000US53033006900,53033006900,"Census Tract 69, King County, Washington",266,121,74,69,73,63,0,12,119,62
1400000US53033007000,53033007000,"Census Tract 70, King County, Washington",706,235,276,180,80,82,0,17,350,161
1400000US53033007100,53033007100,"Census Tract 71, King County, Washington",686,229,13,21,47,46,0,12,626,229
1400000US53033007200,53033007200,"Census Tract 72, King County, Washington",1817,530,80,87,349,190,6,12,1382,490
1400000US53033007300,53033007300,"Census Tract 73, King County, Washington",1099,285,50,43,174,115,3,7,872,239
1400000US53033007401,53033007401,"Census Tract 74.01, King County, Washington",742,217,46,50,256,127,48,45,392,149
1400000US53033007402,53033007402,"Census Tract 74.02, King County, Washington",592,146,32,36,226,122,68,74,266,121
1400000US53033007500,53033007500,"Census Tract 75, King County, Washington",636,244,119,151,249,139,26,43,242,144
1400000US53033007600,53033007600,"Census Tract 76, King County, Washington",387,208,66,107,38,34,10,17,273,123
1400000US53033007700,53033007700,"Census Tract 77, King County, Washington",390,136,12,21,196,97,12,19,170,81
1400000US53033007800,53033007800,"Census Tract 78, King County, Washington",271,130,53,49,44,39,0,17,174,116
1400000US53033007900,53033007900,"Census Tract 79, King County, Washington",445,175,118,83,108,80,0,17,219,132
1400000US53033008001,53033008001,"Census Tract 80.01, King County, Washington",1620,444,190,154,153,100,0,17,1277,391
1400000US53033008002,53033008002,"Census Tract 80.02, King County, Washington",576,249,47,46,71,64,18,30,440,223
1400000US53033008100,53033008100,"Census Tract 81, King County, Washington",629,221,73,79,81,61,0,12,475,197
1400000US53033008200,53033008200,"Census Tract 82, King County, Washington",692,248,21,34,74,58,0,12,597,255
1400000US53033008300,53033008300,"Census Tract 83, King County, Washington",397,111,16,20,65,47,14,23,302,91
1400000US53033008400,53033008400,"Census Tract 84, King County, Washington",862,217,59,47,409,189,0,12,394,142
1400000US53033008500,53033008500,"Census Tract 85, King County, Washington",726,185,36,41,111,85,33,48,546,108
1400000US53033008600,53033008600,"Census Tract 86, King County, Washington",1118,254,209,144,319,110,66,58,524,175
1400000US53033008700,53033008700,"Census Tract 87, King County, Washington",399,96,110,57,73,51,8,15,208,77
1400000US53033008800,53033008800,"Census Tract 88, King County, Washington",347,180,10,15,51,43,0,12,286,176
1400000US53033008900,53033008900,"Census Tract 89, King County, Washington",664,355,225,149,152,105,34,57,253,191
1400000US53033009000,53033009000,"Census Tract 90, King County, Washington",886,191,93,59,153,72,0,12,640,162
1400000US53033009100,53033009100,"Census Tract 91, King County, Washington",1381,237,134,80,103,71,37,50,1107,211
1400000US53033009200,53033009200,"Census Tract 92, King County, Washington",846,169,24,37,6,10,12,20,804,190
1400000US53033009300,53033009300,"Census Tract 93, King County, Washington",513,106,223,56,63,29,0,12,227,88
1400000US53033009400,53033009400,"Census Tract 94, King County, Washington",2088,419,264,131,217,118,67,76,1540,392
1400000US53033009500,53033009500,"Census Tract 95, King County, Washington",604,178,164,113,76,67,0,17,364,127
1400000US53033009600,53033009600,"Census Tract 96, King County, Washington",321,143,37,43,31,37,0,17,253,134
1400000US53033009701,53033009701,"Census Tract 97.01, King County, Washington",402,126,99,82,19,32,56,84,228,99
1400000US53033009702,53033009702,"Census Tract 97.02, King County, Washington",255,69,9,25,29,38,0,17,217,63
1400000US53033009800,53033009800,"Census Tract 98, King County, Washington",501,152,85,50,137,81,13,22,266,138
1400000US53033009900,53033009900,"Census Tract 99, King County, Washington",517,193,132,90,101,97,29,45,255,125
1400000US53033010001,53033010001,"Census Tract 100.01, King County, Washington",1167,160,316,139,106,61,0,12,745,163
1400000US53033010002,53033010002,"Census Tract 100.02, King County, Washington",1398,207,465,125,56,38,48,32,829,165
1400000US53033010100,53033010100,"Census Tract 101, King County, Washington",1615,290,544,184,91,84,57,71,923,237
1400000US53033010200,53033010200,"Census Tract 102, King County, Washington",833,147,388,104,20,21,36,27,389,106
1400000US53033010300,53033010300,"Census Tract 103, King County, Washington",1423,341,347,246,42,40,18,30,1016,227
1400000US53033010401,53033010401,"Census Tract 104.01, King County, Washington",2353,267,561,141,72,42,69,47,1651,239
1400000US53033010402,53033010402,"Census Tract 104.02, King County, Washington",2468,297,700,158,168,90,14,20,1586,274
1400000US53033010500,53033010500,"Census Tract 105, King County, Washington",670,204,156,97,143,93,0,17,371,191
1400000US53033010600,53033010600,"Census Tract 106, King County, Washington",568,162,143,99,18,27,0,17,407,187
1400000US53033010701,53033010701,"Census Tract 107.01, King County, Washington",407,173,92,69,18,21,20,22,277,118
1400000US53033010702,53033010702,"Census Tract 107.02, King County, Washington",813,260,321,175,45,47,33,44,414,144
1400000US53033010800,53033010800,"Census Tract 108, King County, Washington",1178,233,432,162,50,46,9,15,687,189
1400000US53033010900,53033010900,"Census Tract 109, King County, Washington",27,30,19,28,0,12,0,12,8,11
1400000US53033011001,53033011001,"Census Tract 110.01, King County, Washington",1966,244,682,172,88,75,0,12,1196,215
1400000US53033011002,53033011002,"Census Tract 110.02, King County, Washington",2537,250,585,153,43,37,65,43,1844,224
1400000US53033011101,53033011101,"Census Tract 111.01, King County, Washington",2275,358,491,179,54,37,38,32,1692,320
1400000US53033011102,53033011102,"Census Tract 111.02, King County, Washington",1103,422,139,73,66,57,12,18,886,399
1400000US53033011200,53033011200,"Census Tract 112, King County, Washington",362,163,43,45,67,60,4,9,248,152
1400000US53033011300,53033011300,"Census Tract 113, King County, Washington",1421,426,455,325,292,186,0,17,674,179
1400000US53033011401,53033011401,"Census Tract 114.01, King County, Washington",489,155,118,72,37,30,43,42,291,100
1400000US53033011402,53033011402,"Census Tract 114.02, King County, Washington",567,190,82,65,57,52,21,23,407,154
1400000US53033011500,53033011500,"Census Tract 115, King County, Washington",403,154,169,104,81,53,9,17,144,59
1400000US53033011600,53033011600,"Census Tract 116, King County, Washington",210,142,42,49,40,51,0,17,128,92
1400000US53033011700,53033011700,"Census Tract 117, King County, Washington",2164,371,552,165,42,32,41,42,1529,268
1400000US53033011800,53033011800,"Census Tract 118, King County, Washington",2046,381,399,174,77,65,24,38,1546,313
1400000US53033011900,53033011900,"Census Tract 119, King County, Washington",2747,426,995,263,142,91,0,17,1610,508
1400000US53033012000,53033012000,"Census Tract 120, King County, Washington",79,45,15,23,36,30,0,12,28,28
1400000US53033012100,53033012100,"Census Tract 121, King County, Washington",68,44,26,32,5,11,0,12,37,27
1400000US53033020100,53033020100,"Census Tract 201, King County, Washington",295,70,49,44,65,41,0,12,181,72
1400000US53033020200,53033020200,"Census Tract 202, King County, Washington",472,169,99,69,30,36,0,17,343,118
1400000US53033020300,53033020300,"Census Tract 203, King County, Washington",1247,286,209,98,136,95,24,37,878,242
1400000US53033020401,53033020401,"Census Tract 204.01, King County, Washington",369,157,33,47,85,70,0,12,251,108
1400000US53033020402,53033020402,"Census Tract 204.02, King County, Washington",555,154,152,91,14,22,0,17,389,181
1400000US53033020500,53033020500,"Census Tract 205, King County, Washington",922,228,148,84,63,46,36,38,675,166
1400000US53033020600,53033020600,"Census Tract 206, King County, Washington",659,136,139,79,77,57,0,12,443,97
1400000US53033020700,53033020700,"Census Tract 207, King County, Washington",653,220,23,20,61,40,205,195,364,127
1400000US53033020800,53033020800,"Census Tract 208, King County, Washington",429,61,112,47,65,41,0,12,252,56
1400000US53033020900,53033020900,"Census Tract 209, King County, Washington",462,133,116,61,39,30,104,116,203,71
1400000US53033021000,53033021000,"Census Tract 210, King County, Washington",903,227,219,124,26,41,66,70,592,203
1400000US53033021100,53033021100,"Census Tract 211, King County, Washington",788,220,167,90,52,39,9,15,560,282
1400000US53033021300,53033021300,"Census Tract 213, King County, Washington",617,145,56,40,45,68,16,24,500,141
1400000US53033021400,53033021400,"Census Tract 214, King County, Washington",223,97,18,28,55,36,0,12,150,85
1400000US53033021500,53033021500,"Census Tract 215, King County, Washington",407,113,33,40,8,15,0,12,366,118
1400000US53033021600,53033021600,"Census Tract 216, King County, Washington",496,160,73,58,45,38,11,16,367,133
1400000US53033021700,53033021700,"Census Tract 217, King County, Washington",1161,296,190,102,188,104,0,17,783,222
1400000US53033021802,53033021802,"Census Tract 218.02, King County, Washington",1160,249,316,131,127,103,0,17,717,181
1400000US53033021803,53033021803,"Census Tract 218.03, King County, Washington",493,157,80,51,43,33,0,12,370,142
1400000US53033021804,53033021804,"Census Tract 218.04, King County, Washington",459,135,77,63,97,63,11,14,274,112
1400000US53033021903,53033021903,"Census Tract 219.03, King County, Washington",645,278,191,88,34,39,25,40,395,213
1400000US53033021904,53033021904,"Census Tract 219.04, King County, Washington",1404,190,353,93,98,60,31,32,922,180
1400000US53033021905,53033021905,"Census Tract 219.05, King County, Washington",640,153,146,91,142,77,17,27,335,90
1400000US53033021906,53033021906,"Census Tract 219.06, King County, Washington",555,138,89,55,48,37,6,10,412,124
1400000US53033022001,53033022001,"Census Tract 220.01, King County, Washington",535,175,122,75,89,78,0,17,324,124
1400000US53033022003,53033022003,"Census Tract 220.03, King County, Washington",734,211,124,63,219,171,8,13,383,82
1400000US53033022005,53033022005,"Census Tract 220.05, King County, Washington",1019,227,197,126,31,34,0,17,791,184
1400000US53033022006,53033022006,"Census Tract 220.06, King County, Washington",515,103,59,46,56,44,9,15,391,91
1400000US53033022101,53033022101,"Census Tract 221.01, King County, Washington",429,89,110,52,53,42,0,12,266,79
1400000US53033022102,53033022102,"Census Tract 221.02, King County, Washington",1121,231,265,135,146,84,0,17,710,247
1400000US53033022201,53033022201,"Census Tract 222.01, King County, Washington",377,135,91,42,24,32,34,34,228,92
1400000US53033022202,53033022202,"Census Tract 222.02, King County, Washington",1149,279,258,143,45,54,0,17,846,246
1400000US53033022203,53033022203,"Census Tract 222.03, King County, Washington",547,121,111,64,93,52,0,17,343,100
1400000US53033022300,53033022300,"Census Tract 223, King County, Washington",205,85,18,21,29,24,0,12,158,73
1400000US53033022400,53033022400,"Census Tract 224, King County, Washington",876,245,172,101,94,56,0,17,610,243
1400000US53033022500,53033022500,"Census Tract 225, King County, Washington",839,213,156,101,82,81,16,25,585,171
1400000US53033022603,53033022603,"Census Tract 226.03, King County, Washington",1203,248,229,92,149,86,0,17,825,212
1400000US53033022604,53033022604,"Census Tract 226.04, King County, Washington",816,136,169,65,92,53,87,74,468,89
1400000US53033022605,53033022605,"Census Tract 226.05, King County, Washington",1620,360,222,201,152,129,26,39,1220,374
1400000US53033022606,53033022606,"Census Tract 226.06, King County, Washington",1345,265,263,190,118,97,44,53,920,270
1400000US53033022701,53033022701,"Census Tract 227.01, King County, Washington",433,183,43,32,25,22,11,16,354,163
1400000US53033022702,53033022702,"Census Tract 227.02, King County, Washington",386,109,73,36,54,34,5,10,254,90
1400000US53033022703,53033022703,"Census Tract 227.03, King County, Washington",416,94,85,39,63,33,0,12,268,75
1400000US53033022801,53033022801,"Census Tract 228.01, King County, Washington",4285,677,384,165,130,98,92,92,3679,598
1400000US53033022802,53033022802,"Census Tract 228.02, King County, Washington",1475,272,344,102,84,45,6,10,1041,193
1400000US53033022803,53033022803,"Census Tract 228.03, King County, Washington",2842,399,256,99,143,82,0,17,2443,369
1400000US53033022901,53033022901,"Census Tract 229.01, King County, Washington",825,128,215,71,40,33,38,29,532,145
1400000US53033022902,53033022902,"Census Tract 229.02, King County, Washington",2044,341,274,79,124,85,0,17,1646,346
1400000US53033023000,53033023000,"Census Tract 230, King County, Washington",882,247,165,68,80,57,12,19,625,175
1400000US53033023100,53033023100,"Census Tract 231, King County, Washington",1094,206,186,89,124,72,0,12,784,183
1400000US53033023201,53033023201,"Census Tract 232.01, King County, Washington",4200,665,261,119,164,128,0,17,3775,616
1400000US53033023202,53033023202,"Census Tract 232.02, King County, Washington",1342,233,231,84,81,50,0,12,1030,232
1400000US53033023300,53033023300,"Census Tract 233, King County, Washington",1193,247,206,97,84,78,0,17,903,244
1400000US53033023401,53033023401,"Census Tract 234.01, King County, Washington",1306,201,135,63,120,92,22,40,1029,184
1400000US53033023403,53033023403,"Census Tract 234.03, King County, Washington",974,231,128,59,125,67,32,38,689,167
1400000US53033023404,53033023404,"Census Tract 234.04, King County, Washington",343,100,76,40,60,44,18,24,189,72
1400000US53033023500,53033023500,"Census Tract 235, King County, Washington",1151,190,290,114,125,66,41,56,695,172
1400000US53033023601,53033023601,"Census Tract 236.01, King County, Washington",1227,351,312,154,101,59,7,12,807,251
1400000US53033023603,53033023603,"Census Tract 236.03, King County, Washington",3162,589,411,188,215,163,69,84,2467,459
1400000US53033023604,53033023604,"Census Tract 236.04, King County, Washington",1917,372,307,161,162,108,28,32,1420,329
1400000US53033023700,53033023700,"Census Tract 237, King County, Washington",1094,141,150,65,183,76,2,4,759,167
1400000US53033023801,53033023801,"Census Tract 238.01, King County, Washington",1013,206,153,74,134,68,20,23,706,144
1400000US53033023803,53033023803,"Census Tract 238.03, King County, Washington",2426,453,203,103,254,123,0,17,1969,403
1400000US53033023804,53033023804,"Census Tract 238.04, King County, Washington",2604,483,206,130,294,138,0,17,2104,408
1400000US53033023900,53033023900,"Census Tract 239, King County, Washington",1368,242,316,137,160,119,34,55,858,243
1400000US53033024000,53033024000,"Census Tract 240, King County, Washington",2240,354,441,180,323,136,0,17,1476,253
1400000US53033024100,53033024100,"Census Tract 241, King County, Washington",845,92,153,44,125,56,10,12,557,76
1400000US53033024200,53033024200,"Census Tract 242, King County, Washington",635,125,94,33,121,54,6,9,414,114
1400000US53033024300,53033024300,"Census Tract 243, King County, Washington",1913,401,629,278,373,191,16,25,895,192
1400000US53033024400,53033024400,"Census Tract 244, King County, Washington",499,113,164,107,65,35,0,12,270,97
1400000US53033024500,53033024500,"Census Tract 245, King County, Washington",862,166,212,74,130,63,20,16,500,133
1400000US53033024601,53033024601,"Census Tract 246.01, King County, Washington",724,102,243,74,206,86,13,19,262,72
1400000US53033024602,53033024602,"Census Tract 246.02, King County, Washington",685,164,86,53,150,84,0,12,449,131
1400000US53033024701,53033024701,"Census Tract 247.01, King County, Washington",1174,249,190,115,187,96,17,18,780,227
1400000US53033024702,53033024702,"Census Tract 247.02, King County, Washington",1944,294,411,143,215,137,70,62,1248,189
1400000US53033024800,53033024800,"Census Tract 248, King County, Washington",1625,400,360,155,84,71,11,20,1170,299
1400000US53033024901,53033024901,"Census Tract 249.01, King County, Washington",2236,317,498,116,263,98,21,20,1454,256
1400000US53033024902,53033024902,"Census Tract 249.02, King County, Washington",1214,181,350,109,107,62,12,18,745,135
1400000US53033024903,53033024903,"Census Tract 249.03, King County, Washington",3113,414,752,179,331,113,10,18,2020,323
1400000US53033025001,53033025001,"Census Tract 250.01, King County, Washington",1284,227,303,120,121,59,32,25,828,156
1400000US53033025003,53033025003,"Census Tract 250.03, King County, Washington",2098,339,448,187,276,163,20,29,1354,284
1400000US53033025005,53033025005,"Census Tract 250.05, King County, Washington",1637,194,449,93,190,102,26,25,972,144
1400000US53033025006,53033025006,"Census Tract 250.06, King County, Washington",1614,283,300,114,146,85,0,17,1168,236
1400000US53033025101,53033025101,"Census Tract 251.01, King County, Washington",1341,562,229,133,47,47,79,69,986,504
1400000US53033025102,53033025102,"Census Tract 251.02, King County, Washington",2452,530,867,233,160,80,55,98,1370,341
1400000US53033025200,53033025200,"Census Tract 252, King County, Washington",1774,295,453,148,299,136,42,55,980,227
1400000US53033025301,53033025301,"Census Tract 253.01, King County, Washington",1307,375,204,141,172,131,62,64,869,410
1400000US53033025302,53033025302,"Census Tract 253.02, King County, Washington",715,241,88,104,41,63,0,17,586,184
1400000US53033025400,53033025400,"Census Tract 254, King County, Washington",1234,515,169,149,98,91,14,22,953,457
1400000US53033025500,53033025500,"Census Tract 255, King County, Washington",988,163,216,107,30,27,23,26,719,126
1400000US53033025601,53033025601,"Census Tract 256.01, King County, Washington",1559,193,464,116,130,65,17,18,948,148
1400000US53033025602,53033025602,"Census Tract 256.02, King County, Washington",1732,250,607,193,90,78,52,75,983,191
1400000US53033025701,53033025701,"Census Tract 257.01, King County, Washington",841,274,29,32,81,64,0,17,731,261
1400000US53033025702,53033025702,"Census Tract 257.02, King County, Washington",791,127,291,152,39,37,0,12,461,106
1400000US53033025803,53033025803,"Census Tract 258.03, King County, Washington",476,167,100,92,58,43,0,12,318,146
1400000US53033025804,53033025804,"Census Tract 258.04, King County, Washington",561,302,94,96,47,60,0,12,420,235
1400000US53033025805,53033025805,"Census Tract 258.05, King County, Washington",1273,354,321,104,78,80,0,17,874,273
1400000US53033025806,53033025806,"Census Tract 258.06, King County, Washington",1543,281,386,173,160,91,22,38,975,204
1400000US53033026001,53033026001,"Census Tract 260.01, King County, Washington",1960,336,630,146,70,56,11,18,1249,304
1400000US53033026002,53033026002,"Census Tract 260.02, King County, Washington",2585,664,711,342,136,121,206,163,1532,431
1400000US53033026100,53033026100,"Census Tract 261, King County, Washington",2620,408,406,226,96,121,0,17,2118,442
1400000US53033026200,53033026200,"Census Tract 262, King County, Washington",897,318,176,118,136,168,14,25,571,318
1400000US53033026300,53033026300,"Census Tract 263, King County, Washington",530,170,141,63,6,8,9,15,374,123
1400000US53033026400,53033026400,"Census Tract 264, King County, Washington",724,351,199,126,47,45,0,17,478,265
1400000US53033026500,53033026500,"Census Tract 265, King County, Washington",844,309,154,114,0,12,0,12,690,253
1400000US53033026600,53033026600,"Census Tract 266, King County, Washington",388,121,42,32,41,33,0,12,305,102
1400000US53033026700,53033026700,"Census Tract 267, King County, Washington",466,240,68,57,0,17,40,52,358,217
1400000US53033026801,53033026801,"Census Tract 268.01, King County, Washington",1036,358,91,99,55,70,61,91,829,220
1400000US53033026802,53033026802,"Census Tract 268.02, King County, Washington",1023,270,297,107,7,11,31,24,688,224
1400000US53033027000,53033027000,"Census Tract 270, King County, Washington",623,217,252,146,0,12,0,12,371,142
1400000US53033027100,53033027100,"Census Tract 271, King County, Washington",232,281,119,206,6,10,0,12,107,88
1400000US53033027200,53033027200,"Census Tract 272, King County, Washington",527,132,84,45,62,47,7,10,374,98
1400000US53033027300,53033027300,"Census Tract 273, King County, Washington",1839,420,166,69,17,19,20,23,1636,391
1400000US53033027400,53033027400,"Census Tract 274, King County, Washington",1184,279,188,82,31,52,13,16,952,270
1400000US53033027500,53033027500,"Census Tract 275, King County, Washington",586,238,175,107,42,43,0,12,369,165
1400000US53033027600,53033027600,"Census Tract 276, King County, Washington",315,115,201,44,0,12,0,12,114,104
1400000US53033027701,53033027701,"Census Tract 277.01, King County, Washington",132,144,0,12,0,12,0,12,132,144
1400000US53033027702,53033027702,"Census Tract 277.02, King County, Washington",67,60,13,22,27,22,0,12,27,29
1400000US53033027800,53033027800,"Census Tract 278, King County, Washington",87,55,27,36,8,12,8,14,44,34
1400000US53033027900,53033027900,"Census Tract 279, King County, Washington",812,549,251,126,11,16,0,17,550,552
1400000US53033028000,53033028000,"Census Tract 280, King County, Washington",655,266,189,99,13,21,7,11,446,200
1400000US53033028100,53033028100,"Census Tract 281, King County, Washington",567,160,111,57,28,19,6,11,422,152
1400000US53033028200,53033028200,"Census Tract 282, King County, Washington",948,321,129,84,7,11,9,14,803,311
1400000US53033028300,53033028300,"Census Tract 283, King County, Washington",1390,219,360,116,54,42,45,35,931,172
1400000US53033028402,53033028402,"Census Tract 284.02, King County, Washington",887,379,155,76,10,14,14,16,708,336
1400000US53033028403,53033028403,"Census Tract 284.03, King County, Washington",677,412,45,50,135,160,0,17,497,364
1400000US53033028500,53033028500,"Census Tract 285, King County, Washington",457,164,97,64,28,31,0,12,332,128
1400000US53033028600,53033028600,"Census Tract 286, King County, Washington",498,214,80,79,68,48,29,35,321,136
1400000US53033028700,53033028700,"Census Tract 287, King County, Washington",413,226,118,112,34,32,8,13,253,135
1400000US53033028801,53033028801,"Census Tract 288.01, King County, Washington",283,162,75,60,17,32,40,35,151,94
1400000US53033028802,53033028802,"Census Tract 288.02, King County, Washington",930,254,113,65,34,40,7,13,776,244
1400000US53033028901,53033028901,"Census Tract 289.01, King County, Washington",235,121,79,68,18,19,12,19,126,69
1400000US53033028902,53033028902,"Census Tract 289.02, King County, Washington",1171,743,189,139,117,98,17,28,848,709
1400000US53033029001,53033029001,"Census Tract 290.01, King County, Washington",400,148,87,68,37,43,28,33,248,112
1400000US53033029003,53033029003,"Census Tract 290.03, King County, Washington",1185,400,267,220,55,67,20,31,843,332
1400000US53033029004,53033029004,"Census Tract 290.04, King County, Washington",241,206,53,53,9,16,0,12,179,162
1400000US53033029101,53033029101,"Census Tract 291.01, King County, Washington",799,132,224,83,18,21,10,16,547,112
1400000US53033029102,53033029102,"Census Tract 291.02, King County, Washington",718,216,260,79,86,112,0,12,372,150
1400000US53033029203,53033029203,"Census Tract 292.03, King County, Washington",299,123,67,47,0,12,0,12,232,97
1400000US53033029204,53033029204,"Census Tract 292.04, King County, Washington",1447,339,533,235,57,73,0,17,857,210
1400000US53033029205,53033029205,"Census Tract 292.05, King County, Washington",517,139,80,47,37,49,0,12,400,139
1400000US53033029206,53033029206,"Census Tract 292.06, King County, Washington",329,115,99,55,17,26,32,31,181,87
1400000US53033029303,53033029303,"Census Tract 293.03, King County, Washington",1845,386,521,213,168,99,66,72,1090,298
1400000US53033029304,53033029304,"Census Tract 293.04, King County, Washington",1259,224,345,150,111,63,16,20,787,166
1400000US53033029305,53033029305,"Census Tract 293.05, King County, Washington",1058,332,218,89,21,33,15,21,804,274
1400000US53033029306,53033029306,"Census Tract 293.06, King County, Washington",986,203,313,168,53,45,7,11,613,149
1400000US53033029307,53033029307,"Census Tract 293.07, King County, Washington",1001,281,347,132,44,41,42,29,568,200
1400000US53033029403,53033029403,"Census Tract 294.03, King County, Washington",2083,279,540,152,56,54,98,64,1389,256
1400000US53033029405,53033029405,"Census Tract 294.05, King County, Washington",1251,295,239,99,98,79,0,17,914,255
1400000US53033029406,53033029406,"Census Tract 294.06, King County, Washington",1968,308,430,131,93,67,52,62,1393,233
1400000US53033029407,53033029407,"Census Tract 294.07, King County, Washington",1020,314,192,88,160,96,23,21,645,249
1400000US53033029408,53033029408,"Census Tract 294.08, King County, Washington",827,147,177,88,85,68,0,12,565,161
1400000US53033029502,53033029502,"Census Tract 295.02, King County, Washington",1951,643,475,242,34,40,56,74,1386,520
1400000US53033029503,53033029503,"Census Tract 295.03, King County, Washington",1989,712,353,253,254,180,56,65,1326,480
1400000US53033029504,53033029504,"Census Tract 295.04, King County, Washington",1032,361,251,167,81,81,0,17,700,250
1400000US53033029601,53033029601,"Census Tract 296.01, King County, Washington",1869,422,397,272,293,122,25,31,1154,281
1400000US53033029602,53033029602,"Census Tract 296.02, King County, Washington",1261,256,198,103,61,47,26,41,976,236
1400000US53033029700,53033029700,"Census Tract 297, King County, Washington",670,494,54,45,54,48,0,17,562,447
1400000US53033029801,53033029801,"Census Tract 298.01, King County, Washington",1112,374,157,76,128,82,21,38,806,333
1400000US53033029802,53033029802,"Census Tract 298.02, King County, Washington",988,293,292,137,32,45,42,53,622,209
1400000US53033029901,53033029901,"Census Tract 299.01, King County, Washington",544,132,183,90,32,30,1,3,328,132
1400000US53033029902,53033029902,"Census Tract 299.02, King County, Washington",486,134,121,80,38,32,0,12,327,83
1400000US53033030003,53033030003,"Census Tract 300.03, King County, Washington",570,217,145,91,81,90,8,13,336,156
1400000US53033030004,53033030004,"Census Tract 300.04, King County, Washington",940,444,135,135,141,117,76,112,588,252
1400000US53033030005,53033030005,"Census Tract 300.05, King County, Washington",740,291,78,60,52,65,13,19,597,236
1400000US53033030006,53033030006,"Census Tract 300.06, King County, Washington",399,130,25,23,8,13,13,15,353,119
1400000US53033030100,53033030100,"Census Tract 301, King County, Washington",794,395,0,17,0,17,0,17,794,395
1400000US53033030201,53033030201,"Census Tract 302.01, King County, Washington",720,208,110,73,93,97,0,17,517,166
1400000US53033030202,53033030202,"Census Tract 302.02, King County, Washington",985,313,90,87,93,109,0,17,802,265
1400000US53033030304,53033030304,"Census Tract 303.04, King County, Washington",679,230,81,48,81,72,0,12,517,185
1400000US53033030305,53033030305,"Census Tract 303.05, King County, Washington",859,203,206,112,95,85,85,93,473,110
1400000US53033030306,53033030306,"Census Tract 303.06, King County, Washington",657,140,79,56,75,53,35,30,468,128
1400000US53033030308,53033030308,"Census Tract 303.08, King County, Washington",979,315,218,149,18,29,0,17,743,278
1400000US53033030309,53033030309,"Census Tract 303.09, King County, Washington",577,252,30,33,55,51,0,17,492,228
1400000US53033030310,53033030310,"Census Tract 303.10, King County, Washington",1719,239,477,151,251,119,12,20,979,145
1400000US53033030311,53033030311,"Census Tract 303.11, King County, Washington",564,238,99,66,47,46,45,54,373,160
1400000US53033030312,53033030312,"Census Tract 303.12, King County, Washington",574,248,82,69,60,62,41,54,391,197
1400000US53033030313,53033030313,"Census Tract 303.13, King County, Washington",510,238,67,56,17,25,56,69,370,179
1400000US53033030314,53033030314,"Census Tract 303.14, King County, Washington",1020,403,113,76,10,16,46,50,851,406
1400000US53033030401,53033030401,"Census Tract 304.01, King County, Washington",1095,491,185,178,120,152,14,22,776,343
1400000US53033030403,53033030403,"Census Tract 304.03, King County, Washington",686,119,113,55,13,20,21,23,539,134
1400000US53033030404,53033030404,"Census Tract 304.04, King County, Washington",244,127,9,13,23,26,0,12,212,118
1400000US53033030501,53033030501,"Census Tract 305.01, King County, Washington",144,65,4,6,0,12,0,12,140,65
1400000US53033030503,53033030503,"Census Tract 305.03, King County, Washington",468,237,126,100,0,17,36,53,306,185
1400000US53033030504,53033030504,"Census Tract 305.04, King County, Washington",296,159,37,38,13,18,0,12,246,143
1400000US53033030600,53033030600,"Census Tract 306, King County, Washington",527,208,66,72,0,17,11,17,450,229
1400000US53033030700,53033030700,"Census Tract 307, King County, Washington",219,152,60,48,24,38,0,12,135,106
1400000US53033030801,53033030801,"Census Tract 308.01, King County, Washington",125,119,13,21,0,17,0,17,112,118
1400000US53033030802,53033030802,"Census Tract 308.02, King County, Washington",163,145,71,79,0,12,7,13,85,74
1400000US53033030901,53033030901,"Census Tract 309.01, King County, Washington",320,93,63,54,14,23,20,20,223,100
1400000US53033030902,53033030902,"Census Tract 309.02, King County, Washington",685,318,251,180,66,56,0,17,368,209
1400000US53033031000,53033031000,"Census Tract 310, King County, Washington",416,157,143,107,49,35,0,12,224,97
1400000US53033031100,53033031100,"Census Tract 311, King County, Washington",385,214,61,44,33,29,2,3,289,190
1400000US53033031202,53033031202,"Census Tract 312.02, King County, Washington",8,15,0,17,0,17,0,17,8,15
1400000US53033031204,53033031204,"Census Tract 312.04, King County, Washington",237,158,104,75,17,29,0,17,116,85
1400000US53033031205,53033031205,"Census Tract 312.05, King County, Washington",992,322,171,111,149,117,49,61,623,240
1400000US53033031206,53033031206,"Census Tract 312.06, King County, Washington",1065,392,116,74,111,77,0,17,838,346
1400000US53033031301,53033031301,"Census Tract 313.01, King County, Washington",18,29,18,29,0,12,0,12,0,12
1400000US53033031302,53033031302,"Census Tract 313.02, King County, Washington",0,12,0,12,0,12,0,12,0,12
1400000US53033031400,53033031400,"Census Tract 314, King County, Washington",85,89,0,17,0,17,57,84,28,32
1400000US53033031501,53033031501,"Census Tract 315.01, King County, Washington",136,193,63,95,7,10,0,12,66,98
1400000US53033031502,53033031502,"Census Tract 315.02, King County, Washington",52,50,29,30,23,36,0,12,0,12
1400000US53033031601,53033031601,"Census Tract 316.01, King County, Washington",246,125,46,52,10,15,0,17,190,130
1400000US53033031603,53033031603,"Census Tract 316.03, King County, Washington",295,138,98,93,18,27,0,17,179,70
1400000US53033031604,53033031604,"Census Tract 316.04, King County, Washington",441,92,93,62,77,51,41,38,230,74
1400000US53033031605,53033031605,"Census Tract 316.05, King County, Washington",125,84,10,18,22,35,0,12,93,79
1400000US53033031703,53033031703,"Census Tract 317.03, King County, Washington",945,434,258,245,117,106,37,43,533,192
1400000US53033031704,53033031704,"Census Tract 317.04, King County, Washington",1267,324,248,75,135,111,21,23,863,264
1400000US53033031705,53033031705,"Census Tract 317.05, King County, Washington",519,111,133,87,38,49,78,90,270,111
1400000US53033031706,53033031706,"Census Tract 317.06, King County, Washington",1179,193,337,115,90,78,19,29,733,154
1400000US53033031800,53033031800,"Census Tract 318, King County, Washington",526,157,149,77,69,55,23,27,285,121
1400000US53033031903,53033031903,"Census Tract 319.03, King County, Washington",802,138,349,107,47,44,0,17,406,112
1400000US53033031904,53033031904,"Census Tract 319.04, King County, Washington",96,56,19,25,41,33,0,12,36,36
1400000US53033031906,53033031906,"Census Tract 319.06, King County, Washington",606,115,186,66,30,31,20,29,370,72
1400000US53033031907,53033031907,"Census Tract 319.07, King County, Washington",1478,319,397,237,21,32,0,17,1060,283
1400000US53033031908,53033031908,"Census Tract 319.08, King County, Washington",393,294,66,65,142,151,29,30,156,125
1400000US53033031909,53033031909,"Census Tract 319.09, King County, Washington",357,146,81,52,81,62,18,27,177,88
1400000US53033032002,53033032002,"Census Tract 320.02, King County, Washington",135,125,0,12,30,45,0,12,105,83
1400000US53033032003,53033032003,"Census Tract 320.03, King County, Washington",59,51,0,17,0,17,0,17,59,51
1400000US53033032005,53033032005,"Census Tract 320.05, King County, Washington",423,175,40,54,39,43,75,56,269,129
1400000US53033032006,53033032006,"Census Tract 320.06, King County, Washington",192,75,17,27,46,40,9,14,120,71
1400000US53033032007,53033032007,"Census Tract 320.07, King County, Washington",69,52,0,12,0,12,0,12,69,52
1400000US53033032008,53033032008,"Census Tract 320.08, King County, Washington",147,96,80,63,0,12,0,12,67,44
1400000US53033032010,53033032010,"Census Tract 320.10, King County, Washington",238,123,106,82,18,29,0,17,114,104
1400000US53033032011,53033032011,"Census Tract 320.11, King County, Washington",198,87,51,45,42,44,0,12,105,59
1400000US53033032102,53033032102,"Census Tract 321.02, King County, Washington",140,112,37,46,23,27,0,17,80,74
1400000US53033032103,53033032103,"Census Tract 321.03, King County, Washington",491,129,139,100,39,35,0,12,313,108
1400000US53033032104,53033032104,"Census Tract 321.04, King County, Washington",427,214,53,54,85,50,17,27,272,170
1400000US53033032203,53033032203,"Census Tract 322.03, King County, Washington",2374,317,593,121,169,93,32,52,1580,269
1400000US53033032207,53033032207,"Census Tract 322.07, King County, Washington",615,200,100,83,97,70,0,12,418,125
1400000US53033032208,53033032208,"Census Tract 322.08, King County, Washington",1993,402,459,176,150,110,42,55,1342,352
1400000US53033032210,53033032210,"Census Tract 322.10, King County, Washington",3672,617,805,305,495,257,33,50,2339,471
1400000US53033032211,53033032211,"Census Tract 322.11, King County, Washington",1328,198,291,100,208,96,0,17,829,149
1400000US53033032212,53033032212,"Census Tract 322.12, King County, Washington",2814,562,550,180,468,290,167,253,1629,287
1400000US53033032213,53033032213,"Census Tract 322.13, King County, Washington",933,152,166,48,150,55,0,12,617,115
1400000US53033032214,53033032214,"Census Tract 322.14, King County, Washington",2457,297,485,109,323,105,18,21,1631,229
1400000US53033032215,53033032215,"Census Tract 322.15, King County, Washington",1911,220,424,104,162,53,7,12,1318,190
1400000US53033032307,53033032307,"Census Tract 323.07, King County, Washington",231,127,65,61,44,41,0,17,122,70
1400000US53033032309,53033032309,"Census Tract 323.09, King County, Washington",2668,431,223,106,256,121,14,24,2175,384
1400000US53033032311,53033032311,"Census Tract 323.11, King County, Washington",267,106,20,29,64,73,0,17,183,96
1400000US53033032313,53033032313,"Census Tract 323.13, King County, Washington",3102,425,539,130,270,107,0,17,2293,400
1400000US53033032315,53033032315,"Census Tract 323.15, King County, Washington",311,84,59,39,35,37,13,18,204,55
1400000US53033032316,53033032316,"Census Tract 323.16, King County, Washington",1259,219,222,97,238,98,59,66,740,145
1400000US53033032317,53033032317,"Census Tract 323.17, King County, Washington",627,299,91,78,86,69,0,17,450,223
1400000US53033032318,53033032318,"Census Tract 323.18, King County, Washington",2050,298,449,137,173,81,22,32,1406,212
1400000US53033032319,53033032319,"Census Tract 323.19, King County, Washington",403,296,37,46,53,55,0,17,313,287
1400000US53033032320,53033032320,"Census Tract 323.20, King County, Washington",301,75,48,41,52,50,0,12,201,64
1400000US53033032321,53033032321,"Census Tract 323.21, King County, Washington",1667,171,403,88,234,103,15,18,1015,140
1400000US53033032322,53033032322,"Census Tract 323.22, King County, Washington",462,61,88,62,97,45,0,12,277,73
1400000US53033032323,53033032323,"Census Tract 323.23, King County, Washington",1293,349,261,99,149,108,0,17,883,215
1400000US53033032324,53033032324,"Census Tract 323.24, King County, Washington",1396,346,222,77,161,94,0,17,1013,301
1400000US53033032325,53033032325,"Census Tract 323.25, King County, Washington",1697,435,132,89,263,179,64,100,1238,320
1400000US53033032326,53033032326,"Census Tract 323.26, King County, Washington",462,72,125,44,14,21,0,12,323,70
1400000US53033032327,53033032327,"Census Tract 323.27, King County, Washington",325,94,50,41,15,17,9,13,251,78
1400000US53033032328,53033032328,"Census Tract 323.28, King County, Washington",351,108,66,64,140,68,0,12,145,80
1400000US53033032329,53033032329,"Census Tract 323.29, King County, Washington",4235,478,984,198,368,195,68,85,2815,394
1400000US53033032401,53033032401,"Census Tract 324.01, King County, Washington",157,135,22,34,19,32,0,17,116,113
1400000US53033032402,53033032402,"Census Tract 324.02, King County, Washington",101,75,43,42,20,33,0,17,38,49
1400000US53033032500,53033032500,"Census Tract 325, King County, Washington",182,73,55,50,19,19,34,29,74,43
1400000US53033032601,53033032601,"Census Tract 326.01, King County, Washington",66,62,0,12,0,12,20,33,46,53
1400000US53033032602,53033032602,"Census Tract 326.02, King County, Washington",1559,413,363,140,162,88,112,123,922,314
1400000US53033032702,53033032702,"Census Tract 327.02, King County, Washington",52,42,0,17,36,31,0,17,16,27
1400000US53033032703,53033032703,"Census Tract 327.03, King County, Washington",86,68,0,12,0,12,0,12,86,68
1400000US53033032704,53033032704,"Census Tract 327.04, King County, Washington",55,59,0,17,13,29,0,17,42,50
1400000US53033032800,53033032800,"Census Tract 328, King County, Washington",10,12,0,12,4,9,0,12,6,9
1400000US53033990100,53033990100,"Census Tract 9901, King County, Washington",0,12,0,12,0,12,0,12,0,12
1600000US5300100,5300100,"Aberdeen city, Washington",249,171,149,154,15,26,9,16,76,55
1600000US5300135,5300135,"Aberdeen Gardens CDP, Washington",1,3,0,12,1,3,0,12,0,12
1600000US5300275,5300275,"Acme CDP, Washington",0,12,0,12,0,12,0,12,0,12
1600000US5300380,5300380,"Addy CDP, Washington",0,12,0,12,0,12,0,12,0,12
1600000US5300800,5300800,"Ahtanum CDP, Washington",10,16,0,12,10,16,0,12,0,12
1600000US5300905,5300905,"Airway Heights city, Washington",481,153,64,39,63,45,101,105,253,97
1600000US5301010,5301010,"Albion town, Washington",4,6,0,12,4,6,0,12,0,12
1600000US5301045,5301045,"Alder CDP, Washington",0,12,0,12,0,12,0,12,0,12
1600000US5301150,5301150,"Alderton CDP, Washington",33,32,0,12,17,18,0,12,16,19
1600000US5301185,5301185,"Alderwood Manor CDP, Washington",1614,458,261,121,153,94,21,24,1179,395
1600000US5301255,5301255,"Alger CDP, Washington",0,12,0,12,0,12,0,12,0,12
1600000US5301290,5301290,"Algona city, Washington",326,94,63,54,14,23,20,20,229,99
1600000US5301430,5301430,"Allyn CDP, Washington",0,12,0,12,0,12,0,12,0,12
1600000US5301500,5301500,"Almira town, Washington",9,10,0,12,0,12,7,10,2,4
1600000US5301745,5301745,"Altoona CDP, Washington",0,12,0,12,0,12,0,12,0,12
1600000US5301780,5301780,"Amanda Park CDP, Washington",0,12,0,12,0,12,0,12,0,12
1600000US5301850,5301850,"Amboy CDP, Washington",9,10,0,12,6,9,0,12,3,5
1600000US5301920,5301920,"Ames Lake CDP, Washington",91,67,10,17,25,35,0,12,56,37
1600000US5301990,5301990,"Anacortes city, Washington",434,120,62,42,49,18,18,13,305,91
1600000US5302060,5302060,"Anderson Island CDP, Washington",0,12,0,12,0,12,0,12,0,12
1600000US5302585,5302585,"Arlington city, Washington",468,173,40,36,27,40,19,23,382,165
1600000US5302620,5302620,"Arlington Heights CDP, Washington",0,12,0,12,0,12,0,12,0,12
1600000US5302910,5302910,"Artondale CDP, Washington",168,83,41,38,13,21,0,19,114,69
1600000US5303005,5303005,"Ashford CDP, Washington",0,12,0,12,0,12,0,12,0,12
1600000US5303075,5303075,"Asotin city, Washington",6,10,0,12,0,12,0,12,6,10
1600000US5303180,5303180,"Auburn city, Washington",7632,850,1455,324,626,174,262,153,5289,681
1600000US5303736,5303736,"Bainbridge Island city, Washington",803,257,134,92,190,111,11,17,468,186
1600000US5304100,5304100,"Bangor Base CDP, Washington",181,131,0,17,51,36,32,31,98,74
1600000US5304125,5304125,"Banks Lake South CDP, Washington",0,12,0,12,0,12,0,12,0,12
1600000US5304195,5304195,"Barberton CDP, Washington",317,230,40,48,63,62,18,29,196,127
1600000US5304300,5304300,"Baring CDP, Washington",0,12,0,12,0,12,0,12,0,12
1600000US5304347,5304347,"Barney's Junction CDP, Washington",0,12,0,12,0,12,0,12,0,12
1600000US5304370,5304370,"Barstow CDP, Washington",0,12,0,12,0,12,0,12,0,12
1600000US5304405,5304405,"Basin City CDP, Washington",0,12,0,12,0,12,0,12,0,12
1600000US5304475,5304475,"Battle Ground city, Washington",455,256,124,120,89,97,0,19,242,115
1600000US5304615,5304615,"Bay Center CDP, Washington",0,12,0,12,0,12,0,12,0,12
1600000US5304790,5304790,"Bay View CDP, Washington",0,12,0,12,0,12,0,12,0,12
1600000US5304895,5304895,"Beaux Arts Village town, Washington",20,17,3,4,8,13,0,12,9,9
1600000US5305140,5305140,"Belfair CDP, Washington",39,35,0,12,0,12,0,12,39,35
1600000US5305210,5305210,"Bellevue city, Washington",47056,1649,7523,704,4281,439,476,166,34776,1392
1600000US5305245,5305245,"Bell Hill CDP, Washington",0,12,0,12,0,12,0,12,0,12
1600000US5305280,5305280,"Bellingham city, Washington",5302,533,914,259,839,295,314,151,3235,470
1600000US5305560,5305560,"Benton City city, Washington",11,14,0,12,0,12,0,12,11,14
1600000US5305735,5305735,"Bethel CDP, Washington",179,93,54,51,18,21,20,23,87,46
1600000US5305980,5305980,"Bickleton CDP, Washington",0,12,0,12,0,12,0,12,0,12
1600000US5306050,5306050,"Big Lake CDP, Washington",0,12,0,12,0,12,0,12,0,12
1600000US5306085,5306085,"Bingen city, Washington",0,12,0,12,0,12,0,12,0,12
1600000US5306190,5306190,"Birch Bay CDP, Washington",127,90,19,32,26,41,0,17,82,83
1600000US5306330,5306330,"Black Diamond city, Washington",156,94,10,18,22,35,0,12,124,88
1600000US5306505,5306505,"Blaine city, Washington",542,234,0,17,26,34,115,114,401,213
1600000US5306855,5306855,"Blyn CDP, Washington",0,12,0,12,0,12,0,12,0,12
1600000US5307170,5307170,"Bonney Lake city, Washington",471,170,109,71,63,46,0,19,299,124
1600000US5307380,5307380,"Bothell city, Washington",6258,642,1284,272,839,210,82,65,4053,478
1600000US5307390,5307390,"Bothell East CDP, Washington",3282,688,514,143,396,189,17,28,2355,534
1600000US5307395,5307395,"Bothell West CDP, Washington",3377,488,856,210,375,174,87,62,2059,327
1600000US5307397,5307397,"Boulevard Park CDP, Washington",507,280,136,107,47,45,0,12,324,212
1600000US5307485,5307485,"Boyds CDP, Washington",0,12,0,12,0,12,0,12,0,12
1600000US5307590,5307590,"Brady CDP, Washington",25,38,0,12,0,12,0,12,25,38
1600000US5307695,5307695,"Bremerton city, Washington",2051,335,238,119,166,81,79,47,1568,274
1600000US5307835,5307835,"Brewster city, Washington",5,9,0,12,0,12,0,12,5,9
1600000US5307870,5307870,"Bridgeport city, Washington",27,35,4,5,0,12,0,12,23,30
1600000US5307940,5307940,"Brier city, Washington",439,154,138,78,27,34,7,11,267,98
1600000US5308080,5308080,"Brinnon CDP, Washington",4,6,0,12,0,12,0,12,4,6
1600000US5308325,5308325,"Browns Point CDP, Washington",20,15,4,5,0,12,0,12,16,12
1600000US5308465,5308465,"Brush Prairie CDP, Washington",9,14,0,12,0,12,0,12,9,14
1600000US5308500,5308500,"Bryant CDP, Washington",0,12,0,12,0,12,0,12,0,12
1600000US5308552,5308552,"Bryn Mawr-Skyway CDP, Washington",5985,760,1398,408,228,156,141,122,4218,662
1600000US5308570,5308570,"Buckley city, Washington",47,33,26,33,0,12,0,12,21,25
1600000US5308605,5308605,"Bucoda town, Washington",0,12,0,12,0,12,0,12,0,12
1600000US5308640,5308640,"Buena CDP, Washington",0,12,0,12,0,12,0,12,0,12
1600000US5308770,5308770,"Bunk Foss CDP, Washington",73,52,13,21,12,19,7,12,41,37
1600000US5308780,5308780,"Burbank CDP, Washington",0,12,0,12,0,12,0,12,0,12
1600000US5308850,5308850,"Burien city, Washington",6202,894,1852,407,146,81,88,57,4116,733
1600000US5308885,5308885,"Burley CDP, Washington",0,12,0,12,0,12,0,12,0,12
1600000US5308920,5308920,"Burlington city, Washington",154,107,32,34,20,27,0,17,102,100
1600000US5309365,5309365,"Camano CDP, Washington",246,114,26,31,40,42,0,19,180,96
1600000US5309480,5309480,"Camas city, Washington",1677,232,213,81,336,112,79,52,1049,165
1600000US5309810,5309810,"Canterwood CDP, Washington",297,152,70,97,34,53,14,28,179,87
1600000US5309820,5309820,"Canyon Creek CDP, Washington",12,19,12,19,0,12,0,12,0,12
1600000US5309970,5309970,"Carbonado town, Washington",0,12,0,12,0,12,0,12,0,12
1600000US5310075,5310075,"Carlsborg CDP, Washington",0,12,0,12,0,12,0,12,0,12
1600000US5310215,5310215,"Carnation city, Washington",60,57,6,8,9,13,11,16,34,30
1600000US5310320,5310320,"Carson CDP, Washington",0,12,0,12,0,12,0,12,0,12
1600000US5310455,5310455,"Cascade Valley CDP, Washington",16,24,0,12,16,24,0,12,0,12
1600000US5310495,5310495,"Cashmere city, Washington",46,56,0,12,0,12,0,12,46,56
1600000US5310565,5310565,"Castle Rock city, Washington",31,47,0,12,0,12,0,12,31,47
1600000US5310600,5310600,"Cathcart CDP, Washington",49,78,19,30,0,12,0,12,30,48
1600000US5310635,5310635,"Cathlamet town, Washington",13,21,0,12,0,12,0,12,13,21
1600000US5310645,5310645,"Cavalero CDP, Washington",54,44,0,17,22,24,0,17,32,37
1600000US5311090,5311090,"Centerville CDP, Washington",0,12,0,12,0,12,0,12,0,12
1600000US5311160,5311160,"Centralia city, Washington",168,130,44,51,0,19,25,38,99,95
1600000US5311195,5311195,"Central Park CDP, Washington",34,54,0,12,0,12,0,12,34,54
1600000US5311325,5311325,"Chain Lake CDP, Washington",11,18,0,12,0,12,0,12,11,18
1600000US5311475,5311475,"Chehalis city, Washington",28,28,5,9,8,16,0,17,15,18
1600000US5311615,5311615,"Chelan city, Washington",0,12,0,12,0,12,0,12,0,12
1600000US5311685,5311685,"Chelan Falls CDP, Washington",0,12,0,12,0,12,0,12,0,12
1600000US5311825,5311825,"Cheney city, Washington",378,178,111,80,81,85,23,29,163,100
1600000US5312015,5312015,"Cherry Grove CDP, Washington",1,2,0,12,0,12,0,12,1,2
1600000US5312140,5312140,"Chewelah city, Washington",34,40,0,12,0,12,0,12,34,40
1600000US5312175,5312175,"Chico CDP, Washington",447,172,94,65,97,76,15,22,241,88
1600000US5312315,5312315,"Chinook CDP, Washington",0,12,0,12,0,12,0,12,0,12
1600000US5312525,5312525,"Clallam Bay CDP, Washington",0,12,0,12,0,12,0,12,0,12
1600000US5312630,5312630,"Clarkston city, Washington",54,34,0,17,20,21,2,5,32,25
1600000US5312680,5312680,"Clarkston Heights-Vineland CDP, Washington",141,66,12,19,54,27,0,17,75,38
1600000US5312735,5312735,"Clayton CDP, Washington",0,12,0,12,0,12,0,12,0,12
1600000US5312820,5312820,"Clear Lake CDP (Pierce County), Washington",0,12,0,12,0,12,0,12,0,12
1600000US5312840,5312840,"Clear Lake CDP (Skagit County), Washington",0,12,0,12,0,12,0,12,0,12
1600000US5312875,5312875,"Clearview CDP, Washington",221,121,85,64,45,57,20,31,71,38
1600000US5312945,5312945,"Cle Elum city, Washington",9,16,0,12,9,16,0,12,0,12
1600000US5313015,5313015,"Cliffdell CDP, Washington",0,12,0,12,0,12,0,12,0,12
1600000US5313155,5313155,"Clinton CDP, Washington",0,12,0,12,0,12,0,12,0,12
1600000US5313215,5313215,"Clover Creek CDP, Washington",321,141,47,31,12,18,8,15,254,110
1600000US5313365,5313365,"Clyde Hill city, Washington",561,89,114,44,71,38,0,12,376,67
1600000US5313595,5313595,"Cohassett Beach CDP, Washington",0,12,0,12,0,12,0,12,0,12
1600000US5313785,5313785,"Colfax city, Washington",35,36,0,12,0,12,0,12,35,36
1600000US5313855,5313855,"College Place city, Washington",96,57,0,17,33,34,0,17,63,45
1600000US5313890,5313890,"Colton town, Washington",2,5,0,12,0,12,0,12,2,5
1600000US5314170,5314170,"Colville city, Washington",106,75,35,52,0,12,0,12,71,38
1600000US5314310,5314310,"Conconully town, Washington",2,3,1,2,0,12,1,2,0,12
1600000US5314380,5314380,"Concrete town, Washington",9,11,0,12,3,5,6,10,0,12
1600000US5314485,5314485,"Connell city, Washington",190,128,61,57,0,17,0,17,129,102
1600000US5314520,5314520,"Conway CDP, Washington",0,12,0,12,0,12,0,12,0,12
1600000US5314660,5314660,"Copalis Beach CDP, Washington",14,23,0,12,0,12,0,12,14,23
1600000US5314870,5314870,"Cosmopolis city, Washington",3,6,3,6,0,12,0,12,0,12
1600000US5314940,5314940,"Cottage Lake CDP, Washington",1602,241,283,114,271,123,0,22,1048,186
1600000US5315080,5315080,"Coulee City town, Washington",0,12,0,12,0,12,0,12,0,12
1600000US5315115,5315115,"Coulee Dam town, Washington",10,11,8,10,2,4,0,12,0,12
1600000US5315150,5315150,"Country Homes CDP, Washington",131,65,16,19,23,19,16,23,76,41
1600000US5315185,5315185,"Coupeville town, Washington",67,45,0,12,23,32,0,12,44,33
1600000US5315290,5315290,"Covington city, Washington",2154,306,513,165,167,101,172,119,1302,241
1600000US5315325,5315325,"Cowiche CDP, Washington",0,12,0,12,0,12,0,12,0,12
1600000US5315710,5315710,"Creston town, Washington",0,12,0,12,0,12,0,12,0,12
1600000US5315780,5315780,"Crocker CDP, Washington",0,12,0,12,0,12,0,12,0,12
1600000US5316165,5316165,"Curlew CDP, Washington",0,12,0,12,0,12,0,12,0,12
1600000US5316170,5316170,"Curlew Lake CDP, Washington",0,12,0,12,0,12,0,12,0,12
1600000US5316340,5316340,"Cusick town, Washington",0,12,0,12,0,12,0,12,0,12
1600000US5316375,5316375,"Custer CDP, Washington",0,12,0,12,0,12,0,12,0,12
1600000US5316550,5316550,"Dallesport CDP, Washington",27,23,0,12,12,17,0,12,15,20
1600000US5316585,5316585,"Danville CDP, Washington",0,12,0,12,0,12,0,12,0,12
1600000US5316690,5316690,"Darrington town, Washington",0,12,0,12,0,12,0,12,0,12
1600000US5316760,5316760,"Dash Point CDP, Washington",91,50,18,17,17,16,4,5,52,34
1600000US5316795,5316795,"Davenport city, Washington",5,7,0,12,5,7,0,12,0,12
1600000US5316970,5316970,"Dayton city, Washington",99,86,35,27,0,12,0,12,64,61
1600000US5317215,5317215,"Deep River CDP, Washington",0,12,0,12,0,12,0,12,0,12
1600000US5317320,5317320,"Deer Park city, Washington",0,12,0,12,0,12,0,12,0,12
1600000US5317495,5317495,"Deming CDP, Washington",0,12,0,12,0,12,0,12,0,12
1600000US5317617,5317617,"Desert Aire CDP, Washington",0,12,0,12,0,12,0,12,0,12
1600000US5317635,5317635,"Des Moines city, Washington",3897,835,885,295,343,139,93,66,2576,816
1600000US5317880,5317880,"Disautel CDP, Washington",0,12,0,12,0,12,0,12,0,12
1600000US5318055,5318055,"Dixie CDP, Washington",0,12,0,12,0,12,0,12,0,12
1600000US5318198,5318198,"Dollars Corner CDP, Washington",14,21,0,12,8,13,0,12,6,9
1600000US5318265,5318265,"Donald CDP, Washington",0,12,0,12,0,12,0,12,0,12
1600000US5318775,5318775,"Duluth CDP, Washington",22,34,0,12,0,12,0,12,22,34
1600000US5318965,5318965,"DuPont city, Washington",381,183,107,119,46,46,0,17,228,114
1600000US5319035,5319035,"Duvall city, Washington",198,120,43,42,39,45,0,17,116,98
1600000US5319290,5319290,"East Cathlamet CDP, Washington",0,12,0,12,0,12,0,12,0,12
1600000US5319630,5319630,"Eastmont CDP, Washington",2476,530,481,181,191,96,66,49,1738,408
1600000US5319700,5319700,"Easton CDP, Washington",0,12,0,12,0,12,0,12,0,12
1600000US5319770,5319770,"East Port Orchard CDP, Washington",151,101,0,17,0,17,53,59,98,70
1600000US5319857,5319857,"East Renton Highlands CDP, Washington",901,344,351,184,95,60,0,19,455,191
1600000US5320155,5320155,"East Wenatchee city, Washington",118,72,10,17,13,16,0,19,95,64
1600000US5320260,5320260,"Eatonville town, Washington",31,37,13,20,8,12,10,16,0,12
1600000US5320645,5320645,"Edgewood city, Washington",333,227,112,99,185,126,0,19,36,32
1600000US5320680,5320680,"Edison CDP, Washington",0,12,0,12,0,12,0,12,0,12
1600000US5320750,5320750,"Edmonds city, Washington",3518,538,517,190,498,199,55,55,2448,417
1600000US5320890,5320890,"Elbe CDP, Washington",0,12,0,12,0,12,0,12,0,12
1600000US5321030,5321030,"Electric City city, Washington",6,10,0,12,6,10,0,12,0,12
1600000US5321205,5321205,"Elk Plain CDP, Washington",469,207,11,20,14,24,19,23,425,206
1600000US5321240,5321240,"Ellensburg city, Washington",565,161,71,74,60,76,38,43,396,121
1600000US5321450,5321450,"Elma city, Washington",0,12,0,12,0,12,0,12,0,12
1600000US5321485,5321485,"Elmer City town, Washington",4,7,4,7,0,12,0,12,0,12
1600000US5321730,5321730,"Endicott town, Washington",0,12,0,12,0,12,0,12,0,12
1600000US5321800,5321800,"Enetai CDP, Washington",185,132,49,57,14,14,0,12,122,83
1600000US5322010,5322010,"Entiat city, Washington",0,12,0,12,0,12,0,12,0,12
1600000US5322045,5322045,"Enumclaw city, Washington",138,101,30,35,23,36,57,84,28,32
1600000US5322080,5322080,"Ephrata city, Washington",197,111,56,66,15,28,0,17,126,100
1600000US5322118,5322118,"Erlands Point-Kitsap Lake CDP, Washington",90,74,36,44,0,12,12,18,42,42
1600000US5322150,5322150,"Eschbach CDP, Washington",0,12,0,12,0,12,0,12,0,12
1600000US5322255,5322255,"Esperance CDP, Washington",300,184,98,93,0,12,0,12,202,136
1600000US5322640,5322640,"Everett city, Washington",9359,1086,1794,424,620,234,264,208,6681,829
1600000US5322745,5322745,"Everson city, Washington",26,27,0,12,0,12,0,12,26,27
1600000US5322955,5322955,"Fairchild AFB CDP, Washington",36,28,0,12,22,28,0,12,14,14
1600000US5322990,5322990,"Fairfield town, Washington",0,12,0,12,0,12,0,12,0,12
1600000US5323160,5323160,"Fairwood CDP (King County), Washington",3441,549,922,315,367,185,63,45,2089,342
1600000US5323165,5323165,"Fairwood CDP (Spokane County), Washington",75,93,0,17,0,17,0,17,75,93
1600000US5323200,5323200,"Fall City CDP, Washington",66,62,0,12,0,12,20,33,46,53
1600000US5323340,5323340,"Farmington town, Washington",0,12,0,12,0,12,0,12,0,12
1600000US5323515,5323515,"Federal Way city, Washington",13808,1007,2027,332,1213,266,422,173,10146,800
1600000US5323550,5323550,"Felida CDP, Washington",565,222,88,82,99,125,0,17,378,117
1600000US5323620,5323620,"Ferndale city, Washington",678,321,104,90,76,72,0,19,498,247
1600000US5323690,5323690,"Fern Prairie CDP, Washington",0,12,0,12,0,12,0,12,0,12
1600000US5323795,5323795,"Fife city, Washington",1372,180,354,118,153,45,57,27,808,128
1600000US5323830,5323830,"Fife Heights CDP, Washington",178,120,28,21,17,14,0,12,133,117
1600000US5323865,5323865,"Finley CDP, Washington",37,39,0,17,0,17,0,17,37,39
1600000US5323970,5323970,"Fircrest city, Washington",372,147,46,55,84,66,41,54,201,117
1600000US5324188,5324188,"Five Corners CDP, Washington",744,151,79,38,100,71,115,77,450,171
1600000US5324425,5324425,"Fobes Hill CDP, Washington",17,27,0,12,0,12,0,12,17,27
1600000US5324565,5324565,"Fords Prairie CDP, Washington",34,52,0,12,0,12,21,33,13,20
1600000US5324810,5324810,"Forks city, Washington",7,12,0,12,1,4,0,12,6,11
1600000US5324915,5324915,"Fort Lewis CDP, Washington",407,151,0,19,154,90,12,24,241,114
1600000US5325300,5325300,"Four Lakes CDP, Washington",0,12,0,12,0,12,0,12,0,12
1600000US5325370,5325370,"Fox Island CDP, Washington",19,21,8,13,0,12,0,12,11,17
1600000US5325475,5325475,"Frederickson CDP, Washington",1641,559,488,300,184,115,99,78,870,342
1600000US5325510,5325510,"Freeland CDP, Washington",7,15,0,12,0,12,0,12,7,15
1600000US5325615,5325615,"Friday Harbor town, Washington",32,16,0,12,10,7,0,12,22,14
1600000US5326140,5326140,"Garfield town, Washington",0,12,0,12,0,12,0,12,0,12
1600000US5326245,5326245,"Garrett CDP, Washington",14,16,0,12,0,12,8,13,6,9
1600000US5326420,5326420,"Geneva CDP, Washington",68,67,0,12,32,52,14,24,22,35
1600000US5326455,5326455,"George city, Washington",0,12,0,12,0,12,0,12,0,12
1600000US5326735,5326735,"Gig Harbor city, Washington",474,215,89,57,48,44,0,17,337,170
1600000US5326875,5326875,"Glacier CDP, Washington",0,12,0,12,0,12,0,12,0,12
1600000US5326945,5326945,"Gleed CDP, Washington",0,12,0,12,0,12,0,12,0,12
1600000US5327225,5327225,"Glenwood CDP, Washington",0,12,0,12,0,12,0,12,0,12
1600000US5327365,5327365,"Gold Bar city, Washington",3,6,0,12,0,12,0,12,3,6
1600000US5327435,5327435,"Goldendale city, Washington",46,67,0,12,21,32,0,12,25,37
1600000US5327680,5327680,"Gorst CDP, Washington",0,12,0,12,0,12,0,12,0,12
1600000US5327785,5327785,"Graham CDP, Washington",794,318,124,90,107,76,31,41,532,251
1600000US5327855,5327855,"Grand Coulee city, Washington",6,8,4,7,0,12,0,12,2,3
1600000US5327890,5327890,"Grand Mound CDP, Washington",18,28,0,12,18,28,0,12,0,12
1600000US5327925,5327925,"Grandview city, Washington",17,17,1,3,0,19,0,19,16,17
1600000US5327960,5327960,"Granger city, Washington",0,12,0,12,0,12,0,12,0,12
1600000US5327995,5327995,"Granite Falls city, Washington",0,12,0,12,0,12,0,12,0,12
1600000US5328135,5328135,"Grapeview CDP, Washington",0,12,0,12,0,12,0,12,0,12
1600000US5328345,5328345,"Grayland CDP, Washington",0,12,0,12,0,12,0,12,0,12
1600000US5328450,5328450,"Grays River CDP, Washington",0,12,0,12,0,12,0,12,0,12
1600000US5328590,5328590,"Green Bluff CDP, Washington",0,12,0,12,0,12,0,12,0,12
1600000US5328695,5328695,"Greenwater CDP, Washington",0,12,0,12,0,12,0,12,0,12
1600000US5329255,5329255,"Hamilton town, Washington",0,12,0,12,0,12,0,12,0,12
1600000US5329430,5329430,"Hansville CDP, Washington",76,57,60,42,16,25,0,12,0,12
1600000US5329710,5329710,"Harrah town, Washington",0,12,0,12,0,12,0,12,0,12
1600000US5329745,5329745,"Harrington city, Washington",0,12,0,12,0,12,0,12,0,12
1600000US5329920,5329920,"Hartline town, Washington",0,12,0,12,0,12,0,12,0,12
1600000US5330030,5330030,"Hat Island CDP, Washington",0,12,0,12,0,12,0,12,0,12
1600000US5330060,5330060,"Hatton town, Washington",0,12,0,12,0,12,0,12,0,12
1600000US5330305,5330305,"Hazel Dell CDP, Washington",1024,374,183,135,190,114,20,25,631,279
1600000US5330690,5330690,"Herron Island CDP, Washington",0,12,0,12,0,12,0,12,0,12
1600000US5330750,5330750,"High Bridge CDP, Washington",55,49,0,12,10,16,0,12,45,41
1600000US5331495,5331495,"Hobart CDP, Washington",101,62,0,17,0,17,0,17,101,62
1600000US5331530,5331530,"Hockinson CDP, Washington",152,109,45,51,26,29,0,17,81,56
1600000US5331540,5331540,"Hogans Corner CDP, Washington",0,12,0,12,0,12,0,12,0,12
1600000US5331985,5331985,"Home CDP, Washington",15,20,0,12,14,20,0,12,1,2
1600000US5332125,5332125,"Hoodsport CDP, Washington",0,12,0,12,0,12,0,12,0,12
1600000US5332300,5332300,"Hoquiam city, Washington",34,25,1,2,18,20,0,17,15,18
1600000US5332650,5332650,"Humptulips CDP, Washington",0,12,0,12,0,12,0,12,0,12
1600000US5332755,5332755,"Hunts Point town, Washington",73,36,18,14,3,4,2,3,50,24
1600000US5333000,5333000,"Ilwaco city, Washington",0,12,0,12,0,12,0,12,0,12
1600000US5333105,5333105,"Inchelium CDP, Washington",0,12,0,12,0,12,0,12,0,12
1600000US5333175,5333175,"Index town, Washington",6,7,0,12,0,12,0,12,6,7
1600000US5333280,5333280,"Indianola CDP, Washington",61,22,14,11,10,6,3,4,34,13
1600000US5333560,5333560,"Ione town, Washington",0,12,0,12,0,12,0,12,0,12
1600000US5333805,5333805,"Issaquah city, Washington",7227,922,1750,441,748,269,85,73,4644,684
1600000US5333890,5333890,"Jamestown CDP, Washington",0,12,0,12,0,12,0,12,0,12
1600000US5334470,5334470,"Junction City CDP, Washington",0,12,0,12,0,12,0,12,0,12
1600000US5334575,5334575,"Kahlotus city, Washington",0,12,0,12,0,12,0,12,0,12
1600000US5334645,5334645,"Kalama city, Washington",0,12,0,12,0,12,0,12,0,12
1600000US5334890,5334890,"Kapowsin CDP, Washington",0,12,0,12,0,12,0,12,0,12
1600000US5334915,5334915,"Kayak Point CDP, Washington",54,47,0,12,9,14,0,12,45,45
1600000US5334960,5334960,"Keller CDP, Washington",0,12,0,12,0,12,0,12,0,12
1600000US5335065,5335065,"Kelso city, Washington",211,157,89,110,11,19,0,19,111,87
1600000US5335135,5335135,"Kendall CDP, Washington",0,12,0,12,0,12,0,12,0,12
1600000US5335170,5335170,"Kenmore city, Washington",2603,428,494,172,344,131,11,16,1754,339
1600000US5335275,5335275,"Kennewick city, Washington",1656,353,329,137,148,78,17,26,1162,297
1600000US5335415,5335415,"Kent city, Washington",25416,1372,5926,650,1971,399,526,171,16993,1129
1600000US5335450,5335450,"Ketron Island CDP, Washington",0,12,0,12,0,12,0,12,0,12
1600000US5335485,5335485,"Kettle Falls city, Washington",14,15,4,6,0,12,0,12,10,15
1600000US5335555,5335555,"Key Center CDP, Washington",9,14,0,12,0,12,0,12,9,14
1600000US5335625,5335625,"Keyport CDP, Washington",0,12,0,12,0,12,0,12,0,12
1600000US5335870,5335870,"Kingston CDP, Washington",37,59,0,12,0,12,0,12,37,59
1600000US5335940,5335940,"Kirkland city, Washington",12272,784,2446,299,1259,258,226,102,8341,592
1600000US5336045,5336045,"Kittitas city, Washington",11,20,0,12,0,12,11,20,0,12
1600000US5336115,5336115,"Klickitat CDP, Washington",18,28,0,12,0,12,0,12,18,28
1600000US5336395,5336395,"Krupp town, Washington",0,12,0,12,0,12,0,12,0,12
1600000US5336710,5336710,"La Center city, Washington",63,43,3,5,29,35,0,12,31,25
1600000US5336745,5336745,"Lacey city, Washington",3857,427,795,231,474,240,187,90,2401,368
1600000US5336780,5336780,"La Conner town, Washington",11,17,11,17,0,12,0,12,0,12
1600000US5336850,5336850,"LaCrosse town, Washington",0,12,0,12,0,12,0,12,0,12
1600000US5336920,5336920,"La Grande CDP, Washington",0,12,0,12,0,12,0,12,0,12
1600000US5337077,5337077,"Lake Bosworth CDP, Washington",0,12,0,12,0,12,0,12,0,12
1600000US5337100,5337100,"Lake Cassidy CDP, Washington",194,185,97,109,70,81,0,12,27,34
1600000US5337105,5337105,"Lake Cavanaugh CDP, Washington",0,12,0,12,0,12,0,12,0,12
1600000US5337270,5337270,"Lake Forest Park city, Washington",1135,231,189,108,122,94,16,24,808,170
1600000US5337287,5337287,"Lake Goodwin CDP, Washington",37,42,16,26,0,12,21,32,0,12
1600000US5337345,5337345,"Lake Holm CDP, Washington",220,159,104,75,0,12,0,12,116,85
1600000US5337415,5337415,"Lake Ketchum CDP, Washington",0,12,0,12,0,12,0,12,0,12
1600000US5337420,5337420,"Lakeland North CDP, Washington",1326,319,388,143,53,44,43,53,842,262
1600000US5337430,5337430,"Lakeland South CDP, Washington",866,443,143,162,55,46,35,31,633,298
1600000US5337526,5337526,"Lake McMurray CDP, Washington",0,12,0,12,0,12,0,12,0,12
1600000US5337538,5337538,"Lake Marcel-Stillwater CDP, Washington",0,12,0,12,0,12,0,12,0,12
1600000US5337567,5337567,"Lake Morton-Berrydale CDP, Washington",277,123,46,52,17,19,0,19,214,129
1600000US5337672,5337672,"Lake Roesiger CDP, Washington",0,12,0,12,0,12,0,12,0,12
1600000US5337830,5337830,"Lake Shore CDP, Washington",181,86,45,52,29,25,0,17,107,56
1600000US5337900,5337900,"Lake Stevens city, Washington",1211,314,335,195,218,86,7,13,651,205
1600000US5337917,5337917,"Lake Stickney CDP, Washington",2621,428,664,222,156,118,54,44,1747,318
1600000US5337920,5337920,"Lake Tapps CDP, Washington",277,167,139,103,46,43,10,16,82,53
1600000US5337926,5337926,"Lakeview CDP, Washington",0,12,0,12,0,12,0,12,0,12
1600000US5338038,5338038,"Lakewood city, Washington",5271,600,571,164,380,142,229,114,4091,529
1600000US5338215,5338215,"Lamont town, Washington",0,12,0,12,0,12,0,12,0,12
1600000US5338355,5338355,"Langley city, Washington",52,37,14,13,12,11,9,10,17,15
1600000US5338420,5338420,"Larch Way CDP, Washington",1663,464,541,212,92,56,0,12,1030,296
1600000US5338495,5338495,"Latah town, Washington",0,12,0,12,0,12,0,12,0,12
1600000US5338705,5338705,"Laurier CDP, Washington",0,12,0,12,0,12,0,12,0,12
1600000US5338845,5338845,"Leavenworth city, Washington",54,88,0,12,34,56,0,12,20,35
1600000US5338880,5338880,"Lebam CDP, Washington",0,12,0,12,0,12,0,12,0,12
1600000US5339212,5339212,"Lewisville CDP, Washington",18,32,0,12,8,14,10,18,0,12
1600000US5339335,5339335,"Liberty Lake city, Washington",319,182,17,28,111,80,0,17,191,115
1600000US5339510,5339510,"Lind town, Washington",0,12,0,12,0,12,0,12,0,12
1600000US5339860,5339860,"Lochsloy CDP, Washington",19,29,0,12,0,12,0,12,19,29
1600000US5339930,5339930,"Lofall CDP, Washington",19,31,5,8,0,12,0,12,14,23
1600000US5340070,5340070,"Long Beach city, Washington",0,12,0,12,0,12,0,12,0,12
1600000US5340105,5340105,"Longbranch CDP, Washington",69,79,0,12,0,12,0,12,69,79
1600000US5340245,5340245,"Longview city, Washington",723,209,159,100,72,78,10,16,482,132
1600000US5340270,5340270,"Longview Heights CDP, Washington",41,65,41,65,0,12,0,12,0,12
1600000US5340350,5340350,"Loomis CDP, Washington",0,12,0,12,0,12,0,12,0,12
1600000US5340385,5340385,"Loon Lake CDP, Washington",0,12,0,12,0,12,0,12,0,12
1600000US5340570,5340570,"Lower Elochoman CDP, Washington",0,12,0,12,0,12,0,12,0,12
1600000US5340735,5340735,"Lyle CDP, Washington",6,14,0,12,0,12,6,14,0,12
1600000US5340770,5340770,"Lyman town, Washington",0,12,0,12,0,12,0,12,0,12
1600000US5340805,5340805,"Lynden city, Washington",372,190,0,19,10,16,0,19,362,188
1600000US5340840,5340840,"Lynnwood city, Washington",6371,575,1222,222,382,136,49,44,4718,587
1600000US5340980,5340980,"Mabton city, Washington",40,40,19,25,0,12,0,12,21,21
1600000US5341155,5341155,"McChord AFB CDP, Washington",229,165,44,41,118,116,7,14,60,44
1600000US5341225,5341225,"McCleary city, Washington",6,9,0,12,0,12,0,12,6,9
1600000US5341470,5341470,"Machias CDP, Washington",18,27,0,12,0,12,0,12,18,27
1600000US5341645,5341645,"McKenna CDP, Washington",0,12,0,12,0,12,0,12,0,12
1600000US5341785,5341785,"McMillin CDP, Washington",35,38,10,15,16,24,0,12,9,14
1600000US5342275,5342275,"Malden town, Washington",0,12,0,12,0,12,0,12,0,12
1600000US5342310,5342310,"Malo CDP, Washington",56,48,46,40,0,12,0,12,10,9
1600000US5342345,5342345,"Malone CDP, Washington",0,12,0,12,0,12,0,12,0,12
1600000US5342380,5342380,"Malott CDP, Washington",0,12,0,12,0,12,0,12,0,12
1600000US5342415,5342415,"Maltby CDP, Washington",572,213,56,45,157,95,0,19,359,170
1600000US5342450,5342450,"Manchester CDP, Washington",332,272,16,25,118,110,0,17,198,241
1600000US5342800,5342800,"Mansfield town, Washington",1,2,0,12,0,12,0,12,1,2
1600000US5342835,5342835,"Manson CDP, Washington",0,12,0,12,0,12,0,12,0,12
1600000US5343010,5343010,"Maple Falls CDP, Washington",0,12,0,12,0,12,0,12,0,12
1600000US5343062,5343062,"Maple Heights-Lake Desire CDP, Washington",407,153,129,66,12,18,20,29,246,91
1600000US5343150,5343150,"Maple Valley city, Washington",1419,261,428,129,194,86,50,40,747,193
1600000US5343255,5343255,"Maplewood CDP, Washington",249,207,97,91,31,40,0,17,121,117
1600000US5343325,5343325,"Marblemount CDP, Washington",0,12,0,12,0,12,0,12,0,12
1600000US5343395,5343395,"Marcus town, Washington",2,3,0,12,0,12,0,12,2,3
1600000US5343491,5343491,"Marietta-Alderwood CDP, Washington",264,281,0,12,0,12,0,12,264,281
1600000US5343640,5343640,"Markham CDP, Washington",0,12,0,12,0,12,0,12,0,12
1600000US5343762,5343762,"Marrowstone CDP, Washington",7,12,0,12,7,12,0,12,0,12
1600000US5343815,5343815,"Martha Lake CDP, Washington",2746,698,526,156,210,118,74,83,1936,576
1600000US5343885,5343885,"Maryhill CDP, Washington",0,12,0,12,0,12,0,12,0,12
1600000US5343955,5343955,"Marysville city, Washington",4726,813,604,286,625,226,323,219,3174,613
1600000US5344165,5344165,"Mattawa city, Washington",12,20,0,12,0,12,0,12,12,20
1600000US5344260,5344260,"May Creek CDP, Washington",2,4,0,12,0,12,0,12,2,4
1600000US5344480,5344480,"Mead CDP, Washington",12,18,0,17,12,18,0,17,0,17
1600000US5344585,5344585,"Meadowdale CDP, Washington",262,37,64,38,27,22,10,13,161,43
1600000US5344620,5344620,"Meadow Glade CDP, Washington",58,66,10,16,0,12,0,12,48,55
1600000US5344690,5344690,"Medical Lake city, Washington",156,102,3,7,0,12,17,28,136,99
1600000US5344725,5344725,"Medina city, Washington",635,125,94,33,121,54,6,9,414,114
1600000US5345005,5345005,"Mercer Island city, Washington",4683,471,1334,305,924,212,49,35,2376,305
1600000US5345180,5345180,"Mesa city, Washington",0,12,0,12,0,12,0,12,0,12
1600000US5345285,5345285,"Metaline town, Washington",0,12,0,12,0,12,0,12,0,12
1600000US5345320,5345320,"Metaline Falls town, Washington",0,12,0,12,0,12,0,12,0,12
1600000US5345355,5345355,"Methow CDP, Washington",0,12,0,12,0,12,0,12,0,12
1600000US5345495,5345495,"Midland CDP, Washington",1068,456,466,356,49,36,17,30,536,239
1600000US5345865,5345865,"Mill Creek city, Washington",3859,592,885,251,591,189,206,158,2177,379
1600000US5345870,5345870,"Mill Creek East CDP, Washington",4629,649,1042,180,550,204,132,82,2905,455
1600000US5345985,5345985,"Millwood city, Washington",17,17,3,4,0,12,3,6,11,12
1600000US5346020,5346020,"Milton city, Washington",213,99,69,53,16,20,0,17,128,71
1600000US5346090,5346090,"Mineral CDP, Washington",0,12,0,12,0,12,0,12,0,12
1600000US5346125,5346125,"Minnehaha CDP, Washington",551,194,165,118,114,91,0,19,272,127
1600000US5346215,5346215,"Mirrormont CDP, Washington",133,111,37,46,23,27,0,12,73,72
1600000US5346405,5346405,"Moclips CDP, Washington",0,12,0,12,0,12,0,12,0,12
1600000US5346685,5346685,"Monroe city, Washington",569,272,162,142,55,43,12,23,340,141
1600000US5346725,5346725,"Monroe North CDP, Washington",0,12,0,12,0,12,0,12,0,12
1600000US5346895,5346895,"Montesano city, Washington",95,136,43,65,0,12,0,12,52,74
1600000US5347175,5347175,"Morton city, Washington",0,12,0,12,0,12,0,12,0,12
1600000US5347245,5347245,"Moses Lake city, Washington",534,227,218,116,34,38,0,22,282,172
1600000US5347280,5347280,"Moses Lake North CDP, Washington",24,26,0,12,7,11,11,21,6,12
1600000US5347315,5347315,"Mossyrock city, Washington",0,12,0,12,0,12,0,12,0,12
1600000US5347490,5347490,"Mountlake Terrace city, Washington",2527,343,616,272,153,77,144,67,1614,272
1600000US5347560,5347560,"Mount Vernon city, Washington",963,213,169,87,54,50,15,18,725,169
1600000US5347630,5347630,"Mount Vista CDP, Washington",353,143,17,14,85,52,22,23,229,102
1600000US5347665,5347665,"Moxee city, Washington",35,37,15,25,0,12,0,12,20,19
1600000US5347735,5347735,"Mukilteo city, Washington",3837,473,470,136,557,173,154,115,2656,407
1600000US5347805,5347805,"Naches town, Washington",0,12,0,12,0,12,0,12,0,12
1600000US5347980,5347980,"Napavine city, Washington",0,12,0,12,0,12,0,12,0,12
1600000US5348015,5348015,"Naselle CDP, Washington",0,12,0,12,0,12,0,12,0,12
1600000US5348225,5348225,"Navy Yard City CDP, Washington",60,49,0,12,28,32,0,12,32,29
1600000US5348295,5348295,"Neah Bay CDP, Washington",0,12,0,12,0,12,0,12,0,12
1600000US5348330,5348330,"Neilton CDP, Washington",0,12,0,12,0,12,0,12,0,12
1600000US5348540,5348540,"Nespelem town, Washington",0,12,0,12,0,12,0,12,0,12
1600000US5348550,5348550,"Nespelem Community CDP, Washington",0,12,0,12,0,12,0,12,0,12
1600000US5348645,5348645,"Newcastle city, Washington",3245,412,729,167,414,158,120,70,1982,294
1600000US5348820,5348820,"Newport city, Washington",0,12,0,12,0,12,0,12,0,12
1600000US5349030,5349030,"Nile CDP, Washington",0,12,0,12,0,12,0,12,0,12
1600000US5349193,5349193,"Nisqually Indian Community CDP, Washington",14,15,2,3,5,9,1,4,6,6
1600000US5349275,5349275,"Nooksack city, Washington",0,12,0,12,0,12,0,12,0,12
1600000US5349415,5349415,"Normandy Park city, Washington",525,217,107,87,68,48,29,35,321,136
1600000US5349485,5349485,"North Bend city, Washington",55,59,0,17,13,29,0,17,42,50
1600000US5349555,5349555,"North Bonneville city, Washington",0,12,0,12,0,12,0,12,0,12
1600000US5349765,5349765,"North Fort Lewis CDP, Washington",275,147,0,17,71,53,22,28,182,107
1600000US5349940,5349940,"North Lynnwood CDP, Washington",3564,537,682,226,396,165,78,60,2408,456
1600000US5349992,5349992,"North Marysville CDP, Washington",0,12,0,12,0,12,0,12,0,12
1600000US5350007,5350007,"North Omak CDP, Washington",16,25,0,12,0,12,0,12,16,25
1600000US5350045,5350045,"Northport town, Washington",4,7,0,12,0,12,0,12,4,7
1600000US5350115,5350115,"North Puyallup CDP, Washington",46,33,0,12,0,12,0,12,46,33
1600000US5350183,5350183,"North Sultan CDP, Washington",0,12,0,12,0,12,0,12,0,12
1600000US5350195,5350195,"Northwest Stanwood CDP, Washington",0,12,0,12,0,12,0,12,0,12
1600000US5350210,5350210,"North Yelm CDP, Washington",0,12,0,12,0,12,0,12,0,12
1600000US5350325,5350325,"Oakesdale town, Washington",0,12,0,12,0,12,0,12,0,12
1600000US5350360,5350360,"Oak Harbor city, Washington",2240,304,162,85,385,155,244,116,1449,174
1600000US5350430,5350430,"Oakville city, Washington",4,7,0,12,0,12,0,12,4,7
1600000US5350500,5350500,"Ocean City CDP, Washington",0,12,0,12,0,12,0,12,0,12
1600000US5350535,5350535,"Ocean Park CDP, Washington",21,31,0,12,0,12,0,12,21,31
1600000US5350570,5350570,"Ocean Shores city, Washington",263,180,0,17,9,15,0,17,254,183
1600000US5350745,5350745,"Odessa town, Washington",11,15,10,14,0,12,0,12,1,4
1600000US5350920,5350920,"Okanogan city, Washington",8,18,0,12,0,12,0,12,8,18
1600000US5351300,5351300,"Olympia city, Washington",3399,523,536,237,323,118,110,82,2430,434
1600000US5351340,5351340,"Omak city, Washington",121,148,26,29,0,12,0,12,95,122
1600000US5351410,5351410,"Onalaska CDP, Washington",0,12,0,12,0,12,0,12,0,12
1600000US5351795,5351795,"Orchards CDP, Washington",795,333,193,122,57,39,0,22,545,213
1600000US5351830,5351830,"Orient CDP, Washington",0,12,0,12,0,12,0,12,0,12
1600000US5351970,5351970,"Oroville city, Washington",3,6,0,12,0,12,0,12,3,6
1600000US5352005,5352005,"Orting city, Washington",96,132,30,50,0,17,0,17,66,83
1600000US5352110,5352110,"Oso CDP, Washington",0,12,0,12,0,12,0,12,0,12
1600000US5352215,5352215,"Othello city, Washington",181,70,49,54,62,46,0,17,70,48
1600000US5352267,5352267,"Otis Orchards-East Farms CDP, Washington",1,3,0,17,0,17,0,17,1,3
1600000US5352285,5352285,"Outlook CDP, Washington",0,12,0,12,0,12,0,12,0,12
1600000US5352378,5352378,"Oyehut CDP, Washington",0,12,0,12,0,12,0,12,0,12
1600000US5352495,5352495,"Pacific city, Washington",688,322,251,180,66,56,0,17,371,213
1600000US5352530,5352530,"Pacific Beach CDP, Washington",35,55,26,42,0,12,0,12,9,14
1600000US5352600,5352600,"Packwood CDP, Washington",0,12,0,12,0,12,0,12,0,12
1600000US5352950,5352950,"Palouse city, Washington",14,15,0,12,0,12,0,12,14,15
1600000US5353265,5353265,"Parker CDP, Washington",0,12,0,12,0,12,0,12,0,12
1600000US5353335,5353335,"Parkland CDP, Washington",2420,505,634,239,160,91,58,51,1568,369
1600000US5353440,5353440,"Parkwood CDP, Washington",242,140,0,17,0,17,18,30,224,133
1600000US5353545,5353545,"Pasco city, Washington",1734,195,577,149,120,70,129,110,908,177
1600000US5353720,5353720,"Pateros city, Washington",0,12,0,12,0,12,0,12,0,12
1600000US5353800,5353800,"Peaceful Valley CDP, Washington",76,61,0,12,0,12,0,12,76,61
1600000US5353930,5353930,"Pe Ell town, Washington",0,12,0,12,0,12,0,12,0,12
1600000US5354213,5354213,"Picnic Point CDP, Washington",1106,212,272,108,115,63,0,17,719,136
1600000US5354405,5354405,"Pine Grove CDP, Washington",0,12,0,12,0,12,0,12,0,12
1600000US5355015,5355015,"Point Roberts CDP, Washington",62,41,0,12,0,12,0,12,62,41
1600000US5355120,5355120,"Pomeroy city, Washington",28,41,16,23,0,12,0,12,12,19
1600000US5355365,5355365,"Port Angeles city, Washington",503,201,116,88,31,33,18,26,338,159
1600000US5355400,5355400,"Port Angeles East CDP, Washington",0,12,0,12,0,12,0,12,0,12
1600000US5355540,5355540,"Porter CDP, Washington",0,12,0,12,0,12,0,12,0,12
1600000US5355612,5355612,"Port Gamble Tribal Community CDP, Washington",1,3,0,12,1,3,0,12,0,12
1600000US5355620,5355620,"Port Hadlock-Irondale CDP, Washington",0,12,0,12,0,12,0,12,0,12
1600000US5355645,5355645,"Port Ludlow CDP, Washington",15,24,0,12,0,12,0,12,15,24
1600000US5355785,5355785,"Port Orchard city, Washington",923,295,73,59,104,71,135,134,611,217
1600000US5355855,5355855,"Port Townsend city, Washington",253,143,46,65,14,22,0,17,193,103
1600000US5355995,5355995,"Poulsbo city, Washington",409,111,91,72,68,41,11,18,239,85
1600000US5356150,5356150,"Prairie Heights CDP, Washington",43,34,0,12,0,12,0,12,43,34
1600000US5356170,5356170,"Prairie Ridge CDP, Washington",90,60,10,16,43,47,0,19,37,30
1600000US5356240,5356240,"Prescott city, Washington",0,12,0,12,0,12,0,12,0,12
1600000US5356450,5356450,"Prosser city, Washington",13,22,0,17,0,17,0,17,13,22
1600000US5356555,5356555,"Puget Island CDP, Washington",36,46,0,12,0,12,0,12,36,46
1600000US5356625,5356625,"Pullman city, Washington",3729,288,706,183,464,129,112,61,2447,275
1600000US5356660,5356660,"Purdy CDP, Washington",29,31,0,12,15,25,0,12,14,17
1600000US5356695,5356695,"Puyallup city, Washington",2389,588,598,225,443,158,52,48,1296,407
1600000US5356905,5356905,"Queets CDP, Washington",0,12,0,12,0,12,0,12,0,12
1600000US5356975,5356975,"Quilcene CDP, Washington",35,55,0,12,0,12,0,12,35,55
1600000US5357030,5357030,"Qui-nai-elt Village CDP, Washington",0,12,0,12,0,12,0,12,0,12
1600000US5357115,5357115,"Quincy city, Washington",39,38,0,17,15,25,0,17,24,28
1600000US5357140,5357140,"Raft Island CDP, Washington",0,12,0,12,0,12,0,12,0,12
1600000US5357220,5357220,"Rainier city, Washington",30,23,3,5,0,12,0,12,27,22
1600000US5357395,5357395,"Ravensdale CDP, Washington",14,23,0,12,0,12,0,12,14,23
1600000US5357430,5357430,"Raymond city, Washington",183,87,61,73,98,64,14,15,10,17
1600000US5357465,5357465,"Reardan town, Washington",0,12,0,12,0,12,0,12,0,12
1600000US5357535,5357535,"Redmond city, Washington",20590,1037,3100,341,1909,355,169,118,15412,929
1600000US5357745,5357745,"Renton city, Washington",22397,1356,5564,681,1776,384,508,195,14549,1044
1600000US5357850,5357850,"Republic city, Washington",6,9,0,12,0,12,0,12,6,9
1600000US5358235,5358235,"Richland city, Washington",2722,344,599,183,333,128,16,18,1774,233
1600000US5358410,5358410,"Ridgefield city, Washington",298,177,0,17,37,44,0,17,261,160
1600000US5358725,5358725,"Ritzville city, Washington",37,34,0,12,0,12,0,12,37,34
1600000US5358742,5358742,"Riverbend CDP, Washington",0,12,0,12,0,12,0,12,0,12
1600000US5358777,5358777,"River Road CDP, Washington",0,12,0,12,0,12,0,12,0,12
1600000US5358795,5358795,"Riverside town, Washington",1,4,0,12,0,12,0,12,1,4
1600000US5359110,5359110,"Rochester CDP, Washington",0,12,0,12,0,12,0,12,0,12
1600000US5359145,5359145,"Rockford town, Washington",0,12,0,12,0,12,0,12,0,12
1600000US5359180,5359180,"Rock Island city, Washington",0,12,0,12,0,12,0,12,0,12
1600000US5359250,5359250,"Rockport CDP, Washington",0,12,0,12,0,12,0,12,0,12
1600000US5359390,5359390,"Rocky Point CDP, Washington",58,60,0,12,29,46,0,12,29,39
1600000US5359635,5359635,"Ronald CDP, Washington",0,12,0,12,0,12,0,12,0,12
1600000US5359705,5359705,"Roosevelt CDP, Washington",0,12,0,12,0,12,0,12,0,12
1600000US5359775,5359775,"Rosalia town, Washington",0,12,0,12,0,12,0,12,0,12
1600000US5359845,5359845,"Rosburg CDP, Washington",0,12,0,12,0,12,0,12,0,12
1600000US5359880,5359880,"Rosedale CDP, Washington",127,63,33,40,0,12,20,23,74,45
1600000US5360055,5360055,"Roslyn city, Washington",0,12,0,12,0,12,0,12,0,12
1600000US5360160,5360160,"Roy city, Washington",22,20,3,5,0,12,0,12,19,17
1600000US5360230,5360230,"Royal City city, Washington",0,12,0,12,0,12,0,12,0,12
1600000US5360510,5360510,"Ruston town, Washington",24,15,4,5,4,5,0,12,16,10
1600000US5360580,5360580,"Ryderwood CDP, Washington",0,12,0,12,0,12,0,12,0,12
1600000US5360860,5360860,"St. John town, Washington",0,12,0,12,0,12,0,12,0,12
1600000US5361000,5361000,"Salmon Creek CDP, Washington",738,268,70,47,84,54,7,11,577,229
1600000US5361115,5361115,"Sammamish city, Washington",17213,955,3562,366,2094,355,350,280,11207,681
1600000US5361235,5361235,"Santiago CDP, Washington",0,12,0,12,0,12,0,12,0,12
1600000US5361350,5361350,"Satsop CDP, Washington",0,12,0,12,0,12,0,12,0,12
1600000US5362120,5362120,"Seabeck CDP, Washington",140,174,52,83,0,12,0,12,88,94
1600000US5362288,5362288,"SeaTac city, Washington",4507,618,796,165,239,169,108,63,3364,577
1600000US5363000,5363000,"Seattle city, Washington",99728,2069,20531,985,13229,977,2133,365,63835,1862
1600000US5363210,5363210,"Sedro-Woolley city, Washington",35,30,0,19,0,19,0,19,35,30
1600000US5363245,5363245,"Sekiu CDP, Washington",0,12,0,12,0,12,0,12,0,12
1600000US5363280,5363280,"Selah city, Washington",31,37,0,17,0,17,0,17,31,37
1600000US5363385,5363385,"Sequim city, Washington",226,124,0,17,27,42,51,81,148,83
1600000US5363545,5363545,"Shadow Lake CDP, Washington",73,54,11,17,6,9,0,12,56,46
1600000US5363735,5363735,"Shelton city, Washington",116,112,17,32,31,48,0,17,68,60
1600000US5363960,5363960,"Shoreline city, Washington",7799,655,1376,283,699,158,444,232,5280,517
1600000US5364190,5364190,"Silvana CDP, Washington",0,12,0,12,0,12,0,12,0,12
1600000US5364365,5364365,"Silverdale CDP, Washington",2059,390,160,94,298,160,187,123,1414,283
1600000US5364380,5364380,"Silver Firs CDP, Washington",3052,553,871,266,217,111,120,93,1844,319
1600000US5364610,5364610,"Sisco Heights CDP, Washington",13,13,0,12,0,12,0,12,13,13
1600000US5364755,5364755,"Skamokawa Valley CDP, Washington",9,18,0,12,0,12,0,12,9,18
1600000US5364775,5364775,"Skokomish CDP, Washington",8,10,0,12,5,6,0,12,3,4
1600000US5364855,5364855,"Skykomish town, Washington",4,9,0,12,4,9,0,12,0,12
1600000US5365170,5365170,"Snohomish city, Washington",312,139,74,63,27,41,0,17,211,94
1600000US5365205,5365205,"Snoqualmie city, Washington",1564,410,363,140,162,88,112,123,927,309
1600000US5365275,5365275,"Snoqualmie Pass CDP, Washington",4,8,4,8,0,12,0,12,0,12
1600000US5365345,5365345,"Soap Lake city, Washington",6,9,0,12,6,9,0,12,0,12
1600000US5365625,5365625,"South Bend city, Washington",108,97,15,27,2,3,16,21,75,61
1600000US5365765,5365765,"South Cle Elum town, Washington",0,12,0,12,0,12,0,12,0,12
1600000US5365810,5365810,"South Creek CDP, Washington",0,12,0,12,0,12,0,12,0,12
1600000US5365922,5365922,"South Hill CDP, Washington",3655,615,767,231,442,160,244,103,2202,464
1600000US5366045,5366045,"South Prairie town, Washington",1,4,0,12,0,12,0,12,1,4
1600000US5366185,5366185,"South Wenatchee CDP, Washington",0,12,0,12,0,12,0,12,0,12
1600000US5366220,5366220,"Southworth CDP, Washington",17,19,0,12,10,16,0,12,7,10
1600000US5366255,5366255,"Spanaway CDP, Washington",1886,504,607,283,114,81,82,64,1083,316
1600000US5366290,5366290,"Spangle city, Washington",19,25,0,12,0,12,0,12,19,25
1600000US5367000,5367000,"Spokane city, Washington",5979,516,1363,298,738,245,152,72,3726,422
1600000US5367167,5367167,"Spokane Valley city, Washington",1513,414,498,244,163,130,27,33,825,235
1600000US5367175,5367175,"Sprague city, Washington",0,12,0,12,0,12,0,12,0,12
1600000US5367210,5367210,"Springdale town, Washington",0,12,0,12,0,12,0,12,0,12
1600000US5367435,5367435,"Stansberry Lake CDP, Washington",33,61,8,15,0,12,7,13,18,33
1600000US5367455,5367455,"Stanwood city, Washington",65,46,0,17,34,39,16,25,15,25
1600000US5367490,5367490,"Starbuck town, Washington",0,12,0,12,0,12,0,12,0,12
1600000US5367595,5367595,"Startup CDP, Washington",0,12,0,12,0,12,0,12,0,12
1600000US5367770,5367770,"Steilacoom town, Washington",559,184,10,18,43,34,0,17,506,182
1600000US5367805,5367805,"Steptoe CDP, Washington",0,12,0,12,0,12,0,12,0,12
1600000US5367875,5367875,"Stevenson city, Washington",20,30,20,30,0,12,0,12,0,12
1600000US5368200,5368200,"Sudden Valley CDP, Washington",154,116,0,17,64,93,37,61,53,50
1600000US5368260,5368260,"Sultan city, Washington",123,88,23,35,21,22,6,10,73,63
1600000US5368330,5368330,"Sumas city, Washington",35,38,14,17,0,12,0,12,21,24
1600000US5368365,5368365,"Summit CDP, Washington",239,108,64,47,35,28,0,17,140,74
1600000US5368410,5368410,"Summit View CDP, Washington",183,90,53,36,35,30,0,17,95,59
1600000US5368417,5368417,"Summitview CDP, Washington",0,12,0,12,0,12,0,12,0,12
1600000US5368435,5368435,"Sumner city, Washington",204,140,122,125,33,38,0,17,49,38
1600000US5368480,5368480,"Sunday Lake CDP, Washington",0,12,0,12,0,12,0,12,0,12
1600000US5368750,5368750,"Sunnyside city, Washington",50,58,14,31,0,19,0,19,36,53
1600000US5368785,5368785,"Sunnyslope CDP, Washington",74,113,0,12,60,93,0,12,14,22
1600000US5369170,5369170,"Suquamish CDP, Washington",99,37,16,11,10,10,0,12,73,28
1600000US5369280,5369280,"Swede Heaven CDP, Washington",11,17,0,12,11,17,0,12,0,12
1600000US5370000,5370000,"Tacoma city, Washington",18236,1033,4126,504,1512,287,438,154,12160,922
1600000US5370175,5370175,"Taholah CDP, Washington",0,12,0,12,0,12,0,12,0,12
1600000US5370245,5370245,"Tampico CDP, Washington",0,12,0,12,0,12,0,12,0,12
1600000US5370280,5370280,"Tanglewilde CDP, Washington",595,202,52,58,52,47,30,32,461,168
1600000US5370315,5370315,"Tanner CDP, Washington",0,12,0,12,0,12,0,12,0,12
1600000US5370560,5370560,"Tekoa city, Washington",12,25,0,12,12,25,0,12,0,12
1600000US5370630,5370630,"Tenino city, Washington",16,15,5,8,4,5,4,6,3,5
1600000US5370805,5370805,"Terrace Heights CDP, Washington",79,84,29,31,1,2,0,17,49,61
1600000US5371225,5371225,"Thorp CDP, Washington",0,12,0,12,0,12,0,12,0,12
1600000US5371330,5371330,"Three Lakes CDP, Washington",45,49,19,23,0,12,0,12,26,30
1600000US5371400,5371400,"Tieton city, Washington",9,13,3,7,0,12,0,12,6,11
1600000US5371680,5371680,"Tokeland CDP, Washington",0,12,0,12,0,12,0,12,0,12
1600000US5371785,5371785,"Toledo city, Washington",7,14,0,12,0,12,0,12,7,14
1600000US5371890,5371890,"Tonasket city, Washington",0,12,0,12,0,12,0,12,0,12
1600000US5371960,5371960,"Toppenish city, Washington",90,71,0,17,14,16,0,17,76,72
1600000US5371995,5371995,"Torboy CDP, Washington",0,12,0,12,0,12,0,12,0,12
1600000US5372030,5372030,"Touchet CDP, Washington",0,12,0,12,0,12,0,12,0,12
1600000US5372170,5372170,"Town and Country CDP, Washington",140,145,0,17,97,139,0,17,43,43
1600000US5372205,5372205,"Tracyton CDP, Washington",520,212,39,33,39,34,82,69,360,155
1600000US5372450,5372450,"Trout Lake CDP, Washington",10,12,0,12,6,9,0,12,4,7
1600000US5372625,5372625,"Tukwila city, Washington",4746,673,724,182,231,174,63,42,3728,611
1600000US5372905,5372905,"Tumwater city, Washington",910,248,202,118,98,69,71,60,539,222
1600000US5373065,5373065,"Twin Lakes CDP, Washington",0,12,0,12,0,12,0,12,0,12
1600000US5373080,5373080,"Twisp town, Washington",0,12,0,12,0,12,0,12,0,12
1600000US5373255,5373255,"Union CDP, Washington",0,12,0,12,0,12,0,12,0,12
1600000US5373290,5373290,"Union Gap city, Washington",54,63,23,34,7,10,0,17,24,30
1600000US5373307,5373307,"Union Hill-Novelty Hill CDP, Washington",5304,497,1195,220,565,209,90,90,3454,408
1600000US5373360,5373360,"Uniontown town, Washington",0,12,0,12,0,12,0,12,0,12
1600000US5373465,5373465,"University Place city, Washington",3230,432,376,143,368,163,198,118,2288,357
1600000US5373580,5373580,"Upper Elochoman CDP, Washington",0,12,0,12,0,12,0,12,0,12
1600000US5373780,5373780,"Vader city, Washington",0,12,0,12,0,12,0,12,0,12
1600000US5373885,5373885,"Valley CDP, Washington",0,12,0,12,0,12,0,12,0,12
1600000US5374060,5374060,"Vancouver city, Washington",9154,727,1736,306,1618,359,248,117,5552,546
1600000US5374200,5374200,"Vantage CDP, Washington",0,12,0,12,0,12,0,12,0,12
1600000US5374305,5374305,"Vashon CDP, Washington",199,156,13,22,27,22,0,17,159,146
1600000US5374445,5374445,"Vaughn CDP, Washington",0,12,0,12,0,12,0,12,0,12
1600000US5374585,5374585,"Venersborg CDP, Washington",38,38,0,12,0,12,0,12,38,38
1600000US5374760,5374760,"Verlot CDP, Washington",0,12,0,12,0,12,0,12,0,12
1600000US5375565,5375565,"Waitsburg city, Washington",9,15,0,12,0,12,0,12,9,15
1600000US5375775,5375775,"Walla Walla city, Washington",729,161,23,26,110,67,59,56,537,155
1600000US5375810,5375810,"Walla Walla East CDP, Washington",52,61,0,12,0,12,0,12,52,61
1600000US5375905,5375905,"Waller CDP, Washington",246,103,50,54,25,25,9,9,162,74
1600000US5375985,5375985,"Wallula CDP, Washington",0,12,0,12,0,12,0,12,0,12
1600000US5376055,5376055,"Walnut Grove CDP, Washington",692,254,113,56,114,94,0,17,465,149
1600000US5376125,5376125,"Wapato city, Washington",8,12,0,17,0,17,0,17,8,12
1600000US5376160,5376160,"Warden city, Washington",7,12,7,12,0,12,0,12,0,12
1600000US5376195,5376195,"Warm Beach CDP, Washington",88,98,15,19,6,10,24,47,43,42
1600000US5376405,5376405,"Washougal city, Washington",507,224,118,112,122,105,0,19,267,138
1600000US5376440,5376440,"Washtucna town, Washington",10,11,0,12,8,10,0,12,2,3
1600000US5376510,5376510,"Waterville town, Washington",17,25,0,12,0,12,0,12,17,25
1600000US5376615,5376615,"Wauna CDP, Washington",116,76,39,48,25,23,0,12,52,38
1600000US5376720,5376720,"Waverly town, Washington",2,4,1,2,0,12,0,12,1,2
1600000US5377105,5377105,"Wenatchee city, Washington",232,141,19,24,52,67,10,17,151,125
1600000US5377297,5377297,"West Clarkston-Highland CDP, Washington",4,9,0,17,0,17,0,17,4,9
1600000US5377612,5377612,"West Pasco CDP, Washington",0,12,0,12,0,12,0,12,0,12
1600000US5377630,5377630,"Westport city, Washington",14,24,0,12,14,24,0,12,0,12
1600000US5377665,5377665,"West Richland city, Washington",193,73,14,23,23,22,0,19,156,61
1600000US5377745,5377745,"West Side Highway CDP, Washington",120,129,14,29,17,28,18,33,71,83
1600000US5378155,5378155,"Whidbey Island Station CDP, Washington",14,28,0,12,0,12,0,12,14,28
1600000US5378225,5378225,"White Center CDP, Washington",2674,544,344,166,96,74,72,93,2162,399
1600000US5378330,5378330,"White Salmon city, Washington",30,34,0,12,10,18,0,12,20,30
1600000US5378365,5378365,"White Swan CDP, Washington",0,12,0,12,0,12,0,12,0,12
1600000US5378680,5378680,"Wilbur town, Washington",21,16,17,18,0,12,0,12,4,7
1600000US5378780,5378780,"Wilderness Rim CDP, Washington",36,42,0,12,20,32,0,12,16,27
1600000US5378925,5378925,"Wilkeson town, Washington",0,12,0,12,0,12,0,12,0,12
1600000US5378995,5378995,"Willapa CDP, Washington",0,12,0,12,0,12,0,12,0,12
1600000US5379135,5379135,"Wilson Creek town, Washington",0,12,0,12,0,12,0,12,0,12
1600000US5379275,5379275,"Winlock city, Washington",56,46,28,30,7,9,4,7,17,28
1600000US5379380,5379380,"Winthrop town, Washington",0,12,0,12,0,12,0,12,0,12
1600000US5379485,5379485,"Wishram CDP, Washington",0,12,0,12,0,12,0,12,0,12
1600000US5379555,5379555,"Wollochet CDP, Washington",121,67,0,17,17,28,0,17,104,64
1600000US5379590,5379590,"Woodinville city, Washington",1259,393,174,70,171,112,6,10,908,347
1600000US5379625,5379625,"Woodland city, Washington",13,20,0,17,0,17,0,17,13,20
1600000US5379825,5379825,"Woods Creek CDP, Washington",23,21,0,17,14,21,0,17,9,18
1600000US5379835,5379835,"Woodway city, Washington",154,59,52,36,28,21,0,12,74,31
1600000US5379975,5379975,"Yacolt town, Washington",0,12,0,12,0,12,0,12,0,12
1600000US5380010,5380010,"Yakima city, Washington",1060,252,189,87,175,98,15,25,681,203
1600000US5380150,5380150,"Yarrow Point town, Washington",211,64,21,10,51,44,8,12,131,33
1600000US5380220,5380220,"Yelm city, Washington",274,187,24,38,61,61,0,17,189,157
1600000US5380500,5380500,"Zillah city, Washington",10,12,5,9,0,12,0,12,5,8
