GEO.id,GEO.id2,GEO.display-label,HD01_VD01,HD02_VD01,HD01_VD02,HD02_VD02,HD01_VD03,HD02_VD03,HD01_VD04,HD02_VD04,HD01_VD05,HD02_VD05
Id,Id2,Geography,Estimate; Total:,Margin of Error; Total:,Estimate; Total: - Born in state of residence,Margin of Error; Total: - Born in state of residence,Estimate; Total: - Born in other state in the United States,Margin of Error; Total: - Born in other state in the United States,Estimate; Total: - Native; born outside the United States,Margin of Error; Total: - Native; born outside the United States,Estimate; Total: - Foreign born,Margin of Error; Total: - Foreign born
0500000US53033,53033,"King County, Washington",16522,522,4669,584,4461,612,3712,574,3680,527
1400000US53033000100,53033000100,"Census Tract 1, King County, Washington",91,127,0,17,29,40,62,89,0,17
1400000US53033000200,53033000200,"Census Tract 2, King County, Washington",0,17,0,17,0,17,0,17,0,17
1400000US53033000300,53033000300,"Census Tract 3, King County, Washington",30,48,23,37,0,12,7,12,0,12
1400000US53033000401,53033000401,"Census Tract 4.01, King County, Washington",0,17,0,17,0,17,0,17,0,17
1400000US53033000402,53033000402,"Census Tract 4.02, King County, Washington",45,44,0,17,39,46,0,17,6,11
1400000US53033000500,53033000500,"Census Tract 5, King County, Washington",0,12,0,12,0,12,0,12,0,12
1400000US53033000600,53033000600,"Census Tract 6, King County, Washington",0,17,0,17,0,17,0,17,0,17
1400000US53033000700,53033000700,"Census Tract 7, King County, Washington",112,164,48,72,23,39,41,59,0,12
1400000US53033000800,53033000800,"Census Tract 8, King County, Washington",0,12,0,12,0,12,0,12,0,12
1400000US53033000900,53033000900,"Census Tract 9, King County, Washington",33,40,19,31,14,16,0,12,0,12
1400000US53033001000,53033001000,"Census Tract 10, King County, Washington",0,12,0,12,0,12,0,12,0,12
1400000US53033001100,53033001100,"Census Tract 11, King County, Washington",0,12,0,12,0,12,0,12,0,12
1400000US53033001200,53033001200,"Census Tract 12, King County, Washington",0,17,0,17,0,17,0,17,0,17
1400000US53033001300,53033001300,"Census Tract 13, King County, Washington",0,12,0,12,0,12,0,12,0,12
1400000US53033001400,53033001400,"Census Tract 14, King County, Washington",0,17,0,17,0,17,0,17,0,17
1400000US53033001500,53033001500,"Census Tract 15, King County, Washington",0,12,0,12,0,12,0,12,0,12
1400000US53033001600,53033001600,"Census Tract 16, King County, Washington",0,12,0,12,0,12,0,12,0,12
1400000US53033001701,53033001701,"Census Tract 17.01, King County, Washington",19,27,0,12,19,27,0,12,0,12
1400000US53033001702,53033001702,"Census Tract 17.02, King County, Washington",0,12,0,12,0,12,0,12,0,12
1400000US53033001800,53033001800,"Census Tract 18, King County, Washington",13,21,0,17,13,21,0,17,0,17
1400000US53033001900,53033001900,"Census Tract 19, King County, Washington",13,30,0,12,13,30,0,12,0,12
1400000US53033002000,53033002000,"Census Tract 20, King County, Washington",0,12,0,12,0,12,0,12,0,12
1400000US53033002100,53033002100,"Census Tract 21, King County, Washington",0,12,0,12,0,12,0,12,0,12
1400000US53033002200,53033002200,"Census Tract 22, King County, Washington",13,21,0,17,13,21,0,17,0,17
1400000US53033002400,53033002400,"Census Tract 24, King County, Washington",8,12,8,12,0,12,0,12,0,12
1400000US53033002500,53033002500,"Census Tract 25, King County, Washington",0,12,0,12,0,12,0,12,0,12
1400000US53033002600,53033002600,"Census Tract 26, King County, Washington",0,17,0,17,0,17,0,17,0,17
1400000US53033002700,53033002700,"Census Tract 27, King County, Washington",0,17,0,17,0,17,0,17,0,17
1400000US53033002800,53033002800,"Census Tract 28, King County, Washington",0,12,0,12,0,12,0,12,0,12
1400000US53033002900,53033002900,"Census Tract 29, King County, Washington",12,13,6,10,6,9,0,12,0,12
1400000US53033003000,53033003000,"Census Tract 30, King County, Washington",22,35,0,17,0,17,22,35,0,17
1400000US53033003100,53033003100,"Census Tract 31, King County, Washington",0,17,0,17,0,17,0,17,0,17
1400000US53033003200,53033003200,"Census Tract 32, King County, Washington",0,17,0,17,0,17,0,17,0,17
1400000US53033003300,53033003300,"Census Tract 33, King County, Washington",0,17,0,17,0,17,0,17,0,17
1400000US53033003400,53033003400,"Census Tract 34, King County, Washington",0,12,0,12,0,12,0,12,0,12
1400000US53033003500,53033003500,"Census Tract 35, King County, Washington",11,17,0,12,11,17,0,12,0,12
1400000US53033003600,53033003600,"Census Tract 36, King County, Washington",0,17,0,17,0,17,0,17,0,17
1400000US53033003800,53033003800,"Census Tract 38, King County, Washington",0,12,0,12,0,12,0,12,0,12
1400000US53033003900,53033003900,"Census Tract 39, King County, Washington",0,12,0,12,0,12,0,12,0,12
1400000US53033004000,53033004000,"Census Tract 40, King County, Washington",0,12,0,12,0,12,0,12,0,12
1400000US53033004100,53033004100,"Census Tract 41, King County, Washington",16,29,0,17,16,29,0,17,0,17
1400000US53033004200,53033004200,"Census Tract 42, King County, Washington",89,132,0,17,0,17,0,17,89,132
1400000US53033004301,53033004301,"Census Tract 43.01, King County, Washington",0,12,0,12,0,12,0,12,0,12
1400000US53033004302,53033004302,"Census Tract 43.02, King County, Washington",0,12,0,12,0,12,0,12,0,12
1400000US53033004400,53033004400,"Census Tract 44, King County, Washington",0,17,0,17,0,17,0,17,0,17
1400000US53033004500,53033004500,"Census Tract 45, King County, Washington",0,12,0,12,0,12,0,12,0,12
1400000US53033004600,53033004600,"Census Tract 46, King County, Washington",0,12,0,12,0,12,0,12,0,12
1400000US53033004700,53033004700,"Census Tract 47, King County, Washington",0,17,0,17,0,17,0,17,0,17
1400000US53033004800,53033004800,"Census Tract 48, King County, Washington",0,17,0,17,0,17,0,17,0,17
1400000US53033004900,53033004900,"Census Tract 49, King County, Washington",0,17,0,17,0,17,0,17,0,17
1400000US53033005000,53033005000,"Census Tract 50, King County, Washington",29,44,29,44,0,12,0,12,0,12
1400000US53033005100,53033005100,"Census Tract 51, King County, Washington",0,12,0,12,0,12,0,12,0,12
1400000US53033005200,53033005200,"Census Tract 52, King County, Washington",19,46,19,46,0,17,0,17,0,17
1400000US53033005301,53033005301,"Census Tract 53.01, King County, Washington",30,28,16,22,0,17,4,7,10,14
1400000US53033005302,53033005302,"Census Tract 53.02, King County, Washington",27,33,0,12,13,26,7,15,7,14
1400000US53033005400,53033005400,"Census Tract 54, King County, Washington",0,17,0,17,0,17,0,17,0,17
1400000US53033005600,53033005600,"Census Tract 56, King County, Washington",70,115,29,48,0,17,29,51,12,18
1400000US53033005700,53033005700,"Census Tract 57, King County, Washington",0,17,0,17,0,17,0,17,0,17
1400000US53033005801,53033005801,"Census Tract 58.01, King County, Washington",0,17,0,17,0,17,0,17,0,17
1400000US53033005802,53033005802,"Census Tract 58.02, King County, Washington",22,36,0,17,0,17,22,36,0,17
1400000US53033005900,53033005900,"Census Tract 59, King County, Washington",0,17,0,17,0,17,0,17,0,17
1400000US53033006000,53033006000,"Census Tract 60, King County, Washington",1,13,0,17,1,13,0,17,0,17
1400000US53033006100,53033006100,"Census Tract 61, King County, Washington",48,80,0,17,0,17,0,17,48,80
1400000US53033006200,53033006200,"Census Tract 62, King County, Washington",0,12,0,12,0,12,0,12,0,12
1400000US53033006300,53033006300,"Census Tract 63, King County, Washington",0,17,0,17,0,17,0,17,0,17
1400000US53033006400,53033006400,"Census Tract 64, King County, Washington",17,26,0,12,17,26,0,12,0,12
1400000US53033006500,53033006500,"Census Tract 65, King County, Washington",14,22,0,12,14,22,0,12,0,12
1400000US53033006600,53033006600,"Census Tract 66, King County, Washington",0,12,0,12,0,12,0,12,0,12
1400000US53033006700,53033006700,"Census Tract 67, King County, Washington",0,17,0,17,0,17,0,17,0,17
1400000US53033006800,53033006800,"Census Tract 68, King County, Washington",0,12,0,12,0,12,0,12,0,12
1400000US53033006900,53033006900,"Census Tract 69, King County, Washington",0,12,0,12,0,12,0,12,0,12
1400000US53033007000,53033007000,"Census Tract 70, King County, Washington",60,65,0,17,60,65,0,17,0,17
1400000US53033007100,53033007100,"Census Tract 71, King County, Washington",8,18,2,7,6,12,0,12,0,12
1400000US53033007200,53033007200,"Census Tract 72, King County, Washington",0,17,0,17,0,17,0,17,0,17
1400000US53033007300,53033007300,"Census Tract 73, King County, Washington",62,76,18,29,44,70,0,17,0,17
1400000US53033007401,53033007401,"Census Tract 74.01, King County, Washington",0,17,0,17,0,17,0,17,0,17
1400000US53033007402,53033007402,"Census Tract 74.02, King County, Washington",19,28,0,17,19,28,0,17,0,17
1400000US53033007500,53033007500,"Census Tract 75, King County, Washington",0,17,0,17,0,17,0,17,0,17
1400000US53033007600,53033007600,"Census Tract 76, King County, Washington",0,12,0,12,0,12,0,12,0,12
1400000US53033007700,53033007700,"Census Tract 77, King County, Washington",0,17,0,17,0,17,0,17,0,17
1400000US53033007800,53033007800,"Census Tract 78, King County, Washington",0,17,0,17,0,17,0,17,0,17
1400000US53033007900,53033007900,"Census Tract 79, King County, Washington",8,15,0,17,7,14,0,17,1,3
1400000US53033008001,53033008001,"Census Tract 80.01, King County, Washington",0,17,0,17,0,17,0,17,0,17
1400000US53033008002,53033008002,"Census Tract 80.02, King County, Washington",0,12,0,12,0,12,0,12,0,12
1400000US53033008100,53033008100,"Census Tract 81, King County, Washington",13,15,13,15,0,12,0,12,0,12
1400000US53033008200,53033008200,"Census Tract 82, King County, Washington",0,12,0,12,0,12,0,12,0,12
1400000US53033008300,53033008300,"Census Tract 83, King County, Washington",6,11,0,12,6,11,0,12,0,12
1400000US53033008400,53033008400,"Census Tract 84, King County, Washington",46,74,0,12,46,74,0,12,0,12
1400000US53033008500,53033008500,"Census Tract 85, King County, Washington",25,30,0,12,11,21,14,22,0,12
1400000US53033008600,53033008600,"Census Tract 86, King County, Washington",33,42,18,36,15,23,0,17,0,17
1400000US53033008700,53033008700,"Census Tract 87, King County, Washington",0,12,0,12,0,12,0,12,0,12
1400000US53033008800,53033008800,"Census Tract 88, King County, Washington",138,189,54,75,23,36,51,80,10,16
1400000US53033008900,53033008900,"Census Tract 89, King County, Washington",0,17,0,17,0,17,0,17,0,17
1400000US53033009000,53033009000,"Census Tract 90, King County, Washington",11,17,11,17,0,12,0,12,0,12
1400000US53033009100,53033009100,"Census Tract 91, King County, Washington",0,12,0,12,0,12,0,12,0,12
1400000US53033009200,53033009200,"Census Tract 92, King County, Washington",4,8,0,12,4,8,0,12,0,12
1400000US53033009300,53033009300,"Census Tract 93, King County, Washington",0,12,0,12,0,12,0,12,0,12
1400000US53033009400,53033009400,"Census Tract 94, King County, Washington",15,19,0,17,15,19,0,17,0,17
1400000US53033009500,53033009500,"Census Tract 95, King County, Washington",0,17,0,17,0,17,0,17,0,17
1400000US53033009600,53033009600,"Census Tract 96, King County, Washington",0,17,0,17,0,17,0,17,0,17
1400000US53033009701,53033009701,"Census Tract 97.01, King County, Washington",0,17,0,17,0,17,0,17,0,17
1400000US53033009702,53033009702,"Census Tract 97.02, King County, Washington",0,17,0,17,0,17,0,17,0,17
1400000US53033009800,53033009800,"Census Tract 98, King County, Washington",0,17,0,17,0,17,0,17,0,17
1400000US53033009900,53033009900,"Census Tract 99, King County, Washington",0,17,0,17,0,17,0,17,0,17
1400000US53033010001,53033010001,"Census Tract 100.01, King County, Washington",0,12,0,12,0,12,0,12,0,12
1400000US53033010002,53033010002,"Census Tract 100.02, King County, Washington",14,21,0,12,0,12,14,21,0,12
1400000US53033010100,53033010100,"Census Tract 101, King County, Washington",88,101,59,94,0,17,0,17,29,44
1400000US53033010200,53033010200,"Census Tract 102, King County, Washington",0,12,0,12,0,12,0,12,0,12
1400000US53033010300,53033010300,"Census Tract 103, King County, Washington",0,17,0,17,0,17,0,17,0,17
1400000US53033010401,53033010401,"Census Tract 104.01, King County, Washington",0,12,0,12,0,12,0,12,0,12
1400000US53033010402,53033010402,"Census Tract 104.02, King County, Washington",0,12,0,12,0,12,0,12,0,12
1400000US53033010500,53033010500,"Census Tract 105, King County, Washington",0,17,0,17,0,17,0,17,0,17
1400000US53033010600,53033010600,"Census Tract 106, King County, Washington",16,25,0,17,16,25,0,17,0,17
1400000US53033010701,53033010701,"Census Tract 107.01, King County, Washington",127,137,81,91,0,12,8,14,38,42
1400000US53033010702,53033010702,"Census Tract 107.02, King County, Washington",0,12,0,12,0,12,0,12,0,12
1400000US53033010800,53033010800,"Census Tract 108, King County, Washington",109,150,50,104,9,17,39,47,11,19
1400000US53033010900,53033010900,"Census Tract 109, King County, Washington",18,27,0,12,18,27,0,12,0,12
1400000US53033011001,53033011001,"Census Tract 110.01, King County, Washington",22,50,0,12,11,25,0,12,11,25
1400000US53033011002,53033011002,"Census Tract 110.02, King County, Washington",37,61,13,20,0,12,0,12,24,42
1400000US53033011101,53033011101,"Census Tract 111.01, King County, Washington",49,56,0,17,17,20,32,52,0,17
1400000US53033011102,53033011102,"Census Tract 111.02, King County, Washington",0,12,0,12,0,12,0,12,0,12
1400000US53033011200,53033011200,"Census Tract 112, King County, Washington",156,102,46,54,13,23,97,60,0,12
1400000US53033011300,53033011300,"Census Tract 113, King County, Washington",18,31,17,29,1,4,0,17,0,17
1400000US53033011401,53033011401,"Census Tract 114.01, King County, Washington",7,12,0,12,7,12,0,12,0,12
1400000US53033011402,53033011402,"Census Tract 114.02, King County, Washington",116,94,27,35,0,12,26,47,63,66
1400000US53033011500,53033011500,"Census Tract 115, King County, Washington",0,12,0,12,0,12,0,12,0,12
1400000US53033011600,53033011600,"Census Tract 116, King County, Washington",0,17,0,17,0,17,0,17,0,17
1400000US53033011700,53033011700,"Census Tract 117, King County, Washington",225,219,80,76,23,31,122,142,0,17
1400000US53033011800,53033011800,"Census Tract 118, King County, Washington",0,17,0,17,0,17,0,17,0,17
1400000US53033011900,53033011900,"Census Tract 119, King County, Washington",281,354,0,17,257,356,0,17,24,39
1400000US53033012000,53033012000,"Census Tract 120, King County, Washington",23,38,0,12,23,38,0,12,0,12
1400000US53033012100,53033012100,"Census Tract 121, King County, Washington",117,161,0,12,0,12,117,161,0,12
1400000US53033020100,53033020100,"Census Tract 201, King County, Washington",0,12,0,12,0,12,0,12,0,12
1400000US53033020200,53033020200,"Census Tract 202, King County, Washington",0,17,0,17,0,17,0,17,0,17
1400000US53033020300,53033020300,"Census Tract 203, King County, Washington",0,17,0,17,0,17,0,17,0,17
1400000US53033020401,53033020401,"Census Tract 204.01, King County, Washington",0,12,0,12,0,12,0,12,0,12
1400000US53033020402,53033020402,"Census Tract 204.02, King County, Washington",0,17,0,17,0,17,0,17,0,17
1400000US53033020500,53033020500,"Census Tract 205, King County, Washington",43,48,0,17,25,39,18,28,0,17
1400000US53033020600,53033020600,"Census Tract 206, King County, Washington",31,43,10,19,9,15,0,12,12,22
1400000US53033020700,53033020700,"Census Tract 207, King County, Washington",0,12,0,12,0,12,0,12,0,12
1400000US53033020800,53033020800,"Census Tract 208, King County, Washington",0,12,0,12,0,12,0,12,0,12
1400000US53033020900,53033020900,"Census Tract 209, King County, Washington",13,34,0,12,13,34,0,12,0,12
1400000US53033021000,53033021000,"Census Tract 210, King County, Washington",31,44,0,17,4,14,0,17,27,43
1400000US53033021100,53033021100,"Census Tract 211, King County, Washington",5,12,0,12,5,12,0,12,0,12
1400000US53033021300,53033021300,"Census Tract 213, King County, Washington",0,12,0,12,0,12,0,12,0,12
1400000US53033021400,53033021400,"Census Tract 214, King County, Washington",11,19,0,12,0,12,0,12,11,19
1400000US53033021500,53033021500,"Census Tract 215, King County, Washington",9,15,0,12,9,15,0,12,0,12
1400000US53033021600,53033021600,"Census Tract 216, King County, Washington",73,60,13,20,13,21,47,60,0,17
1400000US53033021700,53033021700,"Census Tract 217, King County, Washington",27,29,14,23,13,19,0,17,0,17
1400000US53033021802,53033021802,"Census Tract 218.02, King County, Washington",0,17,0,17,0,17,0,17,0,17
1400000US53033021803,53033021803,"Census Tract 218.03, King County, Washington",0,12,0,12,0,12,0,12,0,12
1400000US53033021804,53033021804,"Census Tract 218.04, King County, Washington",0,17,0,17,0,17,0,17,0,17
1400000US53033021903,53033021903,"Census Tract 219.03, King County, Washington",0,17,0,17,0,17,0,17,0,17
1400000US53033021904,53033021904,"Census Tract 219.04, King County, Washington",0,12,0,12,0,12,0,12,0,12
1400000US53033021905,53033021905,"Census Tract 219.05, King County, Washington",0,17,0,17,0,17,0,17,0,17
1400000US53033021906,53033021906,"Census Tract 219.06, King County, Washington",0,12,0,12,0,12,0,12,0,12
1400000US53033022001,53033022001,"Census Tract 220.01, King County, Washington",49,77,0,17,49,77,0,17,0,17
1400000US53033022003,53033022003,"Census Tract 220.03, King County, Washington",11,19,0,12,11,19,0,12,0,12
1400000US53033022005,53033022005,"Census Tract 220.05, King County, Washington",0,17,0,17,0,17,0,17,0,17
1400000US53033022006,53033022006,"Census Tract 220.06, King County, Washington",0,12,0,12,0,12,0,12,0,12
1400000US53033022101,53033022101,"Census Tract 221.01, King County, Washington",0,12,0,12,0,12,0,12,0,12
1400000US53033022102,53033022102,"Census Tract 221.02, King County, Washington",0,17,0,17,0,17,0,17,0,17
1400000US53033022201,53033022201,"Census Tract 222.01, King County, Washington",5,8,0,12,0,12,1,2,4,8
1400000US53033022202,53033022202,"Census Tract 222.02, King County, Washington",0,17,0,17,0,17,0,17,0,17
1400000US53033022203,53033022203,"Census Tract 222.03, King County, Washington",0,17,0,17,0,17,0,17,0,17
1400000US53033022300,53033022300,"Census Tract 223, King County, Washington",0,12,0,12,0,12,0,12,0,12
1400000US53033022400,53033022400,"Census Tract 224, King County, Washington",0,17,0,17,0,17,0,17,0,17
1400000US53033022500,53033022500,"Census Tract 225, King County, Washington",0,17,0,17,0,17,0,17,0,17
1400000US53033022603,53033022603,"Census Tract 226.03, King County, Washington",0,17,0,17,0,17,0,17,0,17
1400000US53033022604,53033022604,"Census Tract 226.04, King County, Washington",15,24,0,12,0,12,0,12,15,24
1400000US53033022605,53033022605,"Census Tract 226.05, King County, Washington",0,17,0,17,0,17,0,17,0,17
1400000US53033022606,53033022606,"Census Tract 226.06, King County, Washington",0,17,0,17,0,17,0,17,0,17
1400000US53033022701,53033022701,"Census Tract 227.01, King County, Washington",0,12,0,12,0,12,0,12,0,12
1400000US53033022702,53033022702,"Census Tract 227.02, King County, Washington",29,43,19,28,0,12,0,12,10,15
1400000US53033022703,53033022703,"Census Tract 227.03, King County, Washington",0,12,0,12,0,12,0,12,0,12
1400000US53033022801,53033022801,"Census Tract 228.01, King County, Washington",0,17,0,17,0,17,0,17,0,17
1400000US53033022802,53033022802,"Census Tract 228.02, King County, Washington",3,6,0,17,0,17,0,17,3,6
1400000US53033022803,53033022803,"Census Tract 228.03, King County, Washington",109,127,36,56,32,52,13,23,28,46
1400000US53033022901,53033022901,"Census Tract 229.01, King County, Washington",0,12,0,12,0,12,0,12,0,12
1400000US53033022902,53033022902,"Census Tract 229.02, King County, Washington",0,17,0,17,0,17,0,17,0,17
1400000US53033023000,53033023000,"Census Tract 230, King County, Washington",1,3,0,17,1,3,0,17,0,17
1400000US53033023100,53033023100,"Census Tract 231, King County, Washington",0,12,0,12,0,12,0,12,0,12
1400000US53033023201,53033023201,"Census Tract 232.01, King County, Washington",0,17,0,17,0,17,0,17,0,17
1400000US53033023202,53033023202,"Census Tract 232.02, King County, Washington",0,12,0,12,0,12,0,12,0,12
1400000US53033023300,53033023300,"Census Tract 233, King County, Washington",0,17,0,17,0,17,0,17,0,17
1400000US53033023401,53033023401,"Census Tract 234.01, King County, Washington",23,30,16,25,0,12,0,12,7,16
1400000US53033023403,53033023403,"Census Tract 234.03, King County, Washington",15,24,0,12,0,12,0,12,15,24
1400000US53033023404,53033023404,"Census Tract 234.04, King County, Washington",0,12,0,12,0,12,0,12,0,12
1400000US53033023500,53033023500,"Census Tract 235, King County, Washington",0,12,0,12,0,12,0,12,0,12
1400000US53033023601,53033023601,"Census Tract 236.01, King County, Washington",0,12,0,12,0,12,0,12,0,12
1400000US53033023603,53033023603,"Census Tract 236.03, King County, Washington",0,17,0,17,0,17,0,17,0,17
1400000US53033023604,53033023604,"Census Tract 236.04, King County, Washington",217,198,105,112,74,78,38,43,0,17
1400000US53033023700,53033023700,"Census Tract 237, King County, Washington",0,12,0,12,0,12,0,12,0,12
1400000US53033023801,53033023801,"Census Tract 238.01, King County, Washington",117,169,0,12,60,87,57,83,0,12
1400000US53033023803,53033023803,"Census Tract 238.03, King County, Washington",0,17,0,17,0,17,0,17,0,17
1400000US53033023804,53033023804,"Census Tract 238.04, King County, Washington",0,17,0,17,0,17,0,17,0,17
1400000US53033023900,53033023900,"Census Tract 239, King County, Washington",0,17,0,17,0,17,0,17,0,17
1400000US53033024000,53033024000,"Census Tract 240, King County, Washington",0,17,0,17,0,17,0,17,0,17
1400000US53033024100,53033024100,"Census Tract 241, King County, Washington",0,12,0,12,0,12,0,12,0,12
1400000US53033024200,53033024200,"Census Tract 242, King County, Washington",0,12,0,12,0,12,0,12,0,12
1400000US53033024300,53033024300,"Census Tract 243, King County, Washington",17,27,0,17,17,27,0,17,0,17
1400000US53033024400,53033024400,"Census Tract 244, King County, Washington",0,12,0,12,0,12,0,12,0,12
1400000US53033024500,53033024500,"Census Tract 245, King County, Washington",0,12,0,12,0,12,0,12,0,12
1400000US53033024601,53033024601,"Census Tract 246.01, King County, Washington",0,12,0,12,0,12,0,12,0,12
1400000US53033024602,53033024602,"Census Tract 246.02, King County, Washington",0,12,0,12,0,12,0,12,0,12
1400000US53033024701,53033024701,"Census Tract 247.01, King County, Washington",13,22,0,12,0,12,0,12,13,22
1400000US53033024702,53033024702,"Census Tract 247.02, King County, Washington",0,17,0,17,0,17,0,17,0,17
1400000US53033024800,53033024800,"Census Tract 248, King County, Washington",0,17,0,17,0,17,0,17,0,17
1400000US53033024901,53033024901,"Census Tract 249.01, King County, Washington",0,17,0,17,0,17,0,17,0,17
1400000US53033024902,53033024902,"Census Tract 249.02, King County, Washington",0,12,0,12,0,12,0,12,0,12
1400000US53033024903,53033024903,"Census Tract 249.03, King County, Washington",0,17,0,17,0,17,0,17,0,17
1400000US53033025001,53033025001,"Census Tract 250.01, King County, Washington",0,17,0,17,0,17,0,17,0,17
1400000US53033025003,53033025003,"Census Tract 250.03, King County, Washington",28,33,0,17,25,32,0,17,3,7
1400000US53033025005,53033025005,"Census Tract 250.05, King County, Washington",0,12,0,12,0,12,0,12,0,12
1400000US53033025006,53033025006,"Census Tract 250.06, King County, Washington",0,17,0,17,0,17,0,17,0,17
1400000US53033025101,53033025101,"Census Tract 251.01, King County, Washington",18,28,0,17,0,17,18,28,0,17
1400000US53033025102,53033025102,"Census Tract 251.02, King County, Washington",29,48,0,17,0,17,0,17,29,48
1400000US53033025200,53033025200,"Census Tract 252, King County, Washington",47,57,22,37,25,39,0,17,0,17
1400000US53033025301,53033025301,"Census Tract 253.01, King County, Washington",0,17,0,17,0,17,0,17,0,17
1400000US53033025302,53033025302,"Census Tract 253.02, King County, Washington",271,372,34,49,190,264,47,62,0,17
1400000US53033025400,53033025400,"Census Tract 254, King County, Washington",0,17,0,17,0,17,0,17,0,17
1400000US53033025500,53033025500,"Census Tract 255, King County, Washington",0,12,0,12,0,12,0,12,0,12
1400000US53033025601,53033025601,"Census Tract 256.01, King County, Washington",231,342,162,248,39,48,0,17,30,50
1400000US53033025602,53033025602,"Census Tract 256.02, King County, Washington",0,17,0,17,0,17,0,17,0,17
1400000US53033025701,53033025701,"Census Tract 257.01, King County, Washington",125,112,0,17,77,88,0,17,48,76
1400000US53033025702,53033025702,"Census Tract 257.02, King County, Washington",46,72,24,37,22,34,0,12,0,12
1400000US53033025803,53033025803,"Census Tract 258.03, King County, Washington",53,54,8,13,20,34,15,23,10,18
1400000US53033025804,53033025804,"Census Tract 258.04, King County, Washington",16,23,0,12,0,12,0,12,16,23
1400000US53033025805,53033025805,"Census Tract 258.05, King County, Washington",119,173,79,127,34,47,0,17,6,12
1400000US53033025806,53033025806,"Census Tract 258.06, King County, Washington",224,230,84,89,46,54,10,17,84,113
1400000US53033026001,53033026001,"Census Tract 260.01, King County, Washington",0,17,0,17,0,17,0,17,0,17
1400000US53033026002,53033026002,"Census Tract 260.02, King County, Washington",4,10,0,17,0,17,0,17,4,10
1400000US53033026100,53033026100,"Census Tract 261, King County, Washington",73,115,9,15,0,17,0,17,64,100
1400000US53033026200,53033026200,"Census Tract 262, King County, Washington",17,36,17,36,0,17,0,17,0,17
1400000US53033026300,53033026300,"Census Tract 263, King County, Washington",226,118,97,54,85,52,10,16,34,28
1400000US53033026400,53033026400,"Census Tract 264, King County, Washington",193,237,54,69,0,17,0,17,139,169
1400000US53033026500,53033026500,"Census Tract 265, King County, Washington",110,148,0,12,44,58,66,92,0,12
1400000US53033026600,53033026600,"Census Tract 266, King County, Washington",7,11,0,12,7,11,0,12,0,12
1400000US53033026700,53033026700,"Census Tract 267, King County, Washington",268,312,174,216,46,51,35,47,13,24
1400000US53033026801,53033026801,"Census Tract 268.01, King County, Washington",384,295,81,80,163,196,140,188,0,17
1400000US53033026802,53033026802,"Census Tract 268.02, King County, Washington",277,206,110,81,0,17,0,17,167,142
1400000US53033027000,53033027000,"Census Tract 270, King County, Washington",25,31,0,12,16,27,0,12,9,13
1400000US53033027100,53033027100,"Census Tract 271, King County, Washington",62,71,24,31,31,40,7,11,0,12
1400000US53033027200,53033027200,"Census Tract 272, King County, Washington",38,38,5,7,4,8,27,29,2,5
1400000US53033027300,53033027300,"Census Tract 273, King County, Washington",0,17,0,17,0,17,0,17,0,17
1400000US53033027400,53033027400,"Census Tract 274, King County, Washington",27,27,5,12,10,15,0,12,12,21
1400000US53033027500,53033027500,"Census Tract 275, King County, Washington",20,22,0,12,0,12,12,19,8,11
1400000US53033027600,53033027600,"Census Tract 276, King County, Washington",0,12,0,12,0,12,0,12,0,12
1400000US53033027701,53033027701,"Census Tract 277.01, King County, Washington",0,12,0,12,0,12,0,12,0,12
1400000US53033027702,53033027702,"Census Tract 277.02, King County, Washington",0,12,0,12,0,12,0,12,0,12
1400000US53033027800,53033027800,"Census Tract 278, King County, Washington",25,39,0,12,25,39,0,12,0,12
1400000US53033027900,53033027900,"Census Tract 279, King County, Washington",0,17,0,17,0,17,0,17,0,17
1400000US53033028000,53033028000,"Census Tract 280, King County, Washington",141,175,10,18,0,12,87,114,44,61
1400000US53033028100,53033028100,"Census Tract 281, King County, Washington",47,45,7,12,0,12,23,22,17,27
1400000US53033028200,53033028200,"Census Tract 282, King County, Washington",146,208,29,53,39,41,52,117,26,59
1400000US53033028300,53033028300,"Census Tract 283, King County, Washington",0,17,0,17,0,17,0,17,0,17
1400000US53033028402,53033028402,"Census Tract 284.02, King County, Washington",0,17,0,17,0,17,0,17,0,17
1400000US53033028403,53033028403,"Census Tract 284.03, King County, Washington",381,387,124,134,53,53,147,211,57,76
1400000US53033028500,53033028500,"Census Tract 285, King County, Washington",0,12,0,12,0,12,0,12,0,12
1400000US53033028600,53033028600,"Census Tract 286, King County, Washington",0,17,0,17,0,17,0,17,0,17
1400000US53033028700,53033028700,"Census Tract 287, King County, Washington",163,119,53,54,47,48,35,52,28,42
1400000US53033028801,53033028801,"Census Tract 288.01, King County, Washington",124,164,0,12,0,12,97,138,27,30
1400000US53033028802,53033028802,"Census Tract 288.02, King County, Washington",269,310,131,192,41,55,30,47,67,126
1400000US53033028901,53033028901,"Census Tract 289.01, King County, Washington",53,47,8,8,0,12,7,13,38,39
1400000US53033028902,53033028902,"Census Tract 289.02, King County, Washington",380,329,185,158,0,17,60,57,135,128
1400000US53033029001,53033029001,"Census Tract 290.01, King County, Washington",59,75,14,23,0,12,0,12,45,72
1400000US53033029003,53033029003,"Census Tract 290.03, King County, Washington",0,17,0,17,0,17,0,17,0,17
1400000US53033029004,53033029004,"Census Tract 290.04, King County, Washington",117,150,105,148,0,12,11,17,1,2
1400000US53033029101,53033029101,"Census Tract 291.01, King County, Washington",12,18,0,12,0,12,12,18,0,12
1400000US53033029102,53033029102,"Census Tract 291.02, King County, Washington",22,25,12,19,10,17,0,12,0,12
1400000US53033029203,53033029203,"Census Tract 292.03, King County, Washington",75,62,12,18,11,22,11,22,41,45
1400000US53033029204,53033029204,"Census Tract 292.04, King County, Washington",0,17,0,17,0,17,0,17,0,17
1400000US53033029205,53033029205,"Census Tract 292.05, King County, Washington",59,71,23,37,0,12,22,33,14,21
1400000US53033029206,53033029206,"Census Tract 292.06, King County, Washington",359,217,70,66,0,12,229,191,60,95
1400000US53033029303,53033029303,"Census Tract 293.03, King County, Washington",212,276,26,37,70,105,0,17,116,158
1400000US53033029304,53033029304,"Census Tract 293.04, King County, Washington",55,82,13,20,0,17,42,63,0,17
1400000US53033029305,53033029305,"Census Tract 293.05, King County, Washington",257,292,26,35,10,16,25,39,196,255
1400000US53033029306,53033029306,"Census Tract 293.06, King County, Washington",76,116,26,39,0,12,50,78,0,12
1400000US53033029307,53033029307,"Census Tract 293.07, King County, Washington",5,11,0,12,0,12,0,12,5,11
1400000US53033029403,53033029403,"Census Tract 294.03, King County, Washington",42,64,26,40,0,17,16,25,0,17
1400000US53033029405,53033029405,"Census Tract 294.05, King County, Washington",125,201,0,17,0,17,0,17,125,201
1400000US53033029406,53033029406,"Census Tract 294.06, King County, Washington",0,17,0,17,0,17,0,17,0,17
1400000US53033029407,53033029407,"Census Tract 294.07, King County, Washington",58,85,52,84,0,12,6,12,0,12
1400000US53033029408,53033029408,"Census Tract 294.08, King County, Washington",54,67,10,17,8,12,0,12,36,41
1400000US53033029502,53033029502,"Census Tract 295.02, King County, Washington",400,343,306,285,71,68,0,17,23,35
1400000US53033029503,53033029503,"Census Tract 295.03, King County, Washington",175,182,112,121,63,67,0,17,0,17
1400000US53033029504,53033029504,"Census Tract 295.04, King County, Washington",0,17,0,17,0,17,0,17,0,17
1400000US53033029601,53033029601,"Census Tract 296.01, King County, Washington",0,17,0,17,0,17,0,17,0,17
1400000US53033029602,53033029602,"Census Tract 296.02, King County, Washington",53,70,20,33,0,17,33,40,0,17
1400000US53033029700,53033029700,"Census Tract 297, King County, Washington",0,17,0,17,0,17,0,17,0,17
1400000US53033029801,53033029801,"Census Tract 298.01, King County, Washington",238,214,27,51,188,201,0,17,23,27
1400000US53033029802,53033029802,"Census Tract 298.02, King County, Washington",202,164,94,87,27,42,54,73,27,34
1400000US53033029901,53033029901,"Census Tract 299.01, King County, Washington",0,12,0,12,0,12,0,12,0,12
1400000US53033029902,53033029902,"Census Tract 299.02, King County, Washington",54,55,0,12,0,12,31,46,23,34
1400000US53033030003,53033030003,"Census Tract 300.03, King County, Washington",152,200,100,132,0,17,52,69,0,17
1400000US53033030004,53033030004,"Census Tract 300.04, King County, Washington",757,469,80,96,128,134,501,344,48,70
1400000US53033030005,53033030005,"Census Tract 300.05, King County, Washington",179,232,0,17,51,55,128,182,0,17
1400000US53033030006,53033030006,"Census Tract 300.06, King County, Washington",190,149,61,70,58,55,65,64,6,12
1400000US53033030100,53033030100,"Census Tract 301, King County, Washington",160,179,0,17,106,119,54,62,0,17
1400000US53033030201,53033030201,"Census Tract 302.01, King County, Washington",9,14,0,17,9,14,0,17,0,17
1400000US53033030202,53033030202,"Census Tract 302.02, King County, Washington",44,45,0,17,12,21,0,17,32,40
1400000US53033030304,53033030304,"Census Tract 303.04, King County, Washington",0,12,0,12,0,12,0,12,0,12
1400000US53033030305,53033030305,"Census Tract 303.05, King County, Washington",1,4,0,17,1,4,0,17,0,17
1400000US53033030306,53033030306,"Census Tract 303.06, King County, Washington",0,17,0,17,0,17,0,17,0,17
1400000US53033030308,53033030308,"Census Tract 303.08, King County, Washington",459,295,148,148,211,181,43,42,57,81
1400000US53033030309,53033030309,"Census Tract 303.09, King County, Washington",17,30,0,17,17,30,0,17,0,17
1400000US53033030310,53033030310,"Census Tract 303.10, King County, Washington",0,17,0,17,0,17,0,17,0,17
1400000US53033030311,53033030311,"Census Tract 303.11, King County, Washington",59,43,21,24,19,31,19,29,0,17
1400000US53033030312,53033030312,"Census Tract 303.12, King County, Washington",132,156,63,76,22,25,30,36,17,20
1400000US53033030313,53033030313,"Census Tract 303.13, King County, Washington",184,101,25,41,41,33,118,93,0,12
1400000US53033030314,53033030314,"Census Tract 303.14, King County, Washington",0,12,0,12,0,12,0,12,0,12
1400000US53033030401,53033030401,"Census Tract 304.01, King County, Washington",135,188,0,17,135,188,0,17,0,17
1400000US53033030403,53033030403,"Census Tract 304.03, King County, Washington",0,12,0,12,0,12,0,12,0,12
1400000US53033030404,53033030404,"Census Tract 304.04, King County, Washington",0,12,0,12,0,12,0,12,0,12
1400000US53033030501,53033030501,"Census Tract 305.01, King County, Washington",181,140,65,62,9,13,62,46,45,50
1400000US53033030503,53033030503,"Census Tract 305.03, King County, Washington",150,189,34,38,116,153,0,17,0,17
1400000US53033030504,53033030504,"Census Tract 305.04, King County, Washington",64,62,0,12,50,58,14,20,0,12
1400000US53033030600,53033030600,"Census Tract 306, King County, Washington",74,87,50,70,11,17,0,17,13,21
1400000US53033030700,53033030700,"Census Tract 307, King County, Washington",47,65,0,12,0,12,17,33,30,53
1400000US53033030801,53033030801,"Census Tract 308.01, King County, Washington",289,346,54,74,0,17,0,17,235,274
1400000US53033030802,53033030802,"Census Tract 308.02, King County, Washington",611,352,80,96,84,66,0,12,447,239
1400000US53033030901,53033030901,"Census Tract 309.01, King County, Washington",11,13,0,12,0,12,7,12,4,6
1400000US53033030902,53033030902,"Census Tract 309.02, King County, Washington",285,417,70,106,24,39,51,53,140,286
1400000US53033031000,53033031000,"Census Tract 310, King County, Washington",0,12,0,12,0,12,0,12,0,12
1400000US53033031100,53033031100,"Census Tract 311, King County, Washington",360,280,83,89,137,157,21,16,119,119
1400000US53033031202,53033031202,"Census Tract 312.02, King County, Washington",38,48,0,17,5,8,33,48,0,17
1400000US53033031204,53033031204,"Census Tract 312.04, King County, Washington",0,17,0,17,0,17,0,17,0,17
1400000US53033031205,53033031205,"Census Tract 312.05, King County, Washington",73,119,73,119,0,17,0,17,0,17
1400000US53033031206,53033031206,"Census Tract 312.06, King County, Washington",0,17,0,17,0,17,0,17,0,17
1400000US53033031301,53033031301,"Census Tract 313.01, King County, Washington",16,26,0,12,0,12,0,12,16,26
1400000US53033031302,53033031302,"Census Tract 313.02, King County, Washington",0,12,0,12,0,12,0,12,0,12
1400000US53033031400,53033031400,"Census Tract 314, King County, Washington",0,17,0,17,0,17,0,17,0,17
1400000US53033031501,53033031501,"Census Tract 315.01, King County, Washington",74,63,0,12,41,66,33,55,0,12
1400000US53033031502,53033031502,"Census Tract 315.02, King County, Washington",46,55,24,38,22,40,0,12,0,12
1400000US53033031601,53033031601,"Census Tract 316.01, King County, Washington",34,31,0,17,13,20,9,16,12,18
1400000US53033031603,53033031603,"Census Tract 316.03, King County, Washington",0,17,0,17,0,17,0,17,0,17
1400000US53033031604,53033031604,"Census Tract 316.04, King County, Washington",0,17,0,17,0,17,0,17,0,17
1400000US53033031605,53033031605,"Census Tract 316.05, King County, Washington",0,12,0,12,0,12,0,12,0,12
1400000US53033031703,53033031703,"Census Tract 317.03, King County, Washington",0,17,0,17,0,17,0,17,0,17
1400000US53033031704,53033031704,"Census Tract 317.04, King County, Washington",126,141,69,101,10,16,23,36,24,28
1400000US53033031705,53033031705,"Census Tract 317.05, King County, Washington",22,35,0,12,13,21,9,14,0,12
1400000US53033031706,53033031706,"Census Tract 317.06, King County, Washington",2,4,0,17,2,4,0,17,0,17
1400000US53033031800,53033031800,"Census Tract 318, King County, Washington",190,212,46,57,134,155,0,12,10,16
1400000US53033031903,53033031903,"Census Tract 319.03, King County, Washington",0,17,0,17,0,17,0,17,0,17
1400000US53033031904,53033031904,"Census Tract 319.04, King County, Washington",0,12,0,12,0,12,0,12,0,12
1400000US53033031906,53033031906,"Census Tract 319.06, King County, Washington",0,12,0,12,0,12,0,12,0,12
1400000US53033031907,53033031907,"Census Tract 319.07, King County, Washington",45,50,26,41,0,17,19,32,0,17
1400000US53033031908,53033031908,"Census Tract 319.08, King County, Washington",51,52,0,12,30,42,0,12,21,34
1400000US53033031909,53033031909,"Census Tract 319.09, King County, Washington",0,12,0,12,0,12,0,12,0,12
1400000US53033032002,53033032002,"Census Tract 320.02, King County, Washington",0,12,0,12,0,12,0,12,0,12
1400000US53033032003,53033032003,"Census Tract 320.03, King County, Washington",0,17,0,17,0,17,0,17,0,17
1400000US53033032005,53033032005,"Census Tract 320.05, King County, Washington",27,46,0,17,0,17,27,46,0,17
1400000US53033032006,53033032006,"Census Tract 320.06, King County, Washington",28,46,15,25,0,17,13,22,0,17
1400000US53033032007,53033032007,"Census Tract 320.07, King County, Washington",44,43,30,36,14,22,0,12,0,12
1400000US53033032008,53033032008,"Census Tract 320.08, King County, Washington",0,12,0,12,0,12,0,12,0,12
1400000US53033032010,53033032010,"Census Tract 320.10, King County, Washington",0,17,0,17,0,17,0,17,0,17
1400000US53033032011,53033032011,"Census Tract 320.11, King County, Washington",0,12,0,12,0,12,0,12,0,12
1400000US53033032102,53033032102,"Census Tract 321.02, King County, Washington",0,17,0,17,0,17,0,17,0,17
1400000US53033032103,53033032103,"Census Tract 321.03, King County, Washington",0,12,0,12,0,12,0,12,0,12
1400000US53033032104,53033032104,"Census Tract 321.04, King County, Washington",0,17,0,17,0,17,0,17,0,17
1400000US53033032203,53033032203,"Census Tract 322.03, King County, Washington",0,17,0,17,0,17,0,17,0,17
1400000US53033032207,53033032207,"Census Tract 322.07, King County, Washington",0,12,0,12,0,12,0,12,0,12
1400000US53033032208,53033032208,"Census Tract 322.08, King County, Washington",0,17,0,17,0,17,0,17,0,17
1400000US53033032210,53033032210,"Census Tract 322.10, King County, Washington",2,4,0,19,2,4,0,19,0,19
1400000US53033032211,53033032211,"Census Tract 322.11, King County, Washington",32,38,9,14,23,26,0,17,0,17
1400000US53033032212,53033032212,"Census Tract 322.12, King County, Washington",0,17,0,17,0,17,0,17,0,17
1400000US53033032213,53033032213,"Census Tract 322.13, King County, Washington",0,12,0,12,0,12,0,12,0,12
1400000US53033032214,53033032214,"Census Tract 322.14, King County, Washington",21,25,13,22,8,14,0,17,0,17
1400000US53033032215,53033032215,"Census Tract 322.15, King County, Washington",0,17,0,17,0,17,0,17,0,17
1400000US53033032307,53033032307,"Census Tract 323.07, King County, Washington",45,55,18,27,15,23,0,17,12,23
1400000US53033032309,53033032309,"Census Tract 323.09, King County, Washington",0,17,0,17,0,17,0,17,0,17
1400000US53033032311,53033032311,"Census Tract 323.11, King County, Washington",0,17,0,17,0,17,0,17,0,17
1400000US53033032313,53033032313,"Census Tract 323.13, King County, Washington",0,17,0,17,0,17,0,17,0,17
1400000US53033032315,53033032315,"Census Tract 323.15, King County, Washington",12,19,0,17,0,17,0,17,12,19
1400000US53033032316,53033032316,"Census Tract 323.16, King County, Washington",23,35,0,17,14,22,9,13,0,17
1400000US53033032317,53033032317,"Census Tract 323.17, King County, Washington",0,17,0,17,0,17,0,17,0,17
1400000US53033032318,53033032318,"Census Tract 323.18, King County, Washington",0,17,0,17,0,17,0,17,0,17
1400000US53033032319,53033032319,"Census Tract 323.19, King County, Washington",29,50,0,17,29,50,0,17,0,17
1400000US53033032320,53033032320,"Census Tract 323.20, King County, Washington",27,40,0,12,27,40,0,12,0,12
1400000US53033032321,53033032321,"Census Tract 323.21, King County, Washington",12,19,0,17,12,19,0,17,0,17
1400000US53033032322,53033032322,"Census Tract 323.22, King County, Washington",0,12,0,12,0,12,0,12,0,12
1400000US53033032323,53033032323,"Census Tract 323.23, King County, Washington",0,17,0,17,0,17,0,17,0,17
1400000US53033032324,53033032324,"Census Tract 323.24, King County, Washington",0,17,0,17,0,17,0,17,0,17
1400000US53033032325,53033032325,"Census Tract 323.25, King County, Washington",0,17,0,17,0,17,0,17,0,17
1400000US53033032326,53033032326,"Census Tract 323.26, King County, Washington",0,12,0,12,0,12,0,12,0,12
1400000US53033032327,53033032327,"Census Tract 323.27, King County, Washington",0,12,0,12,0,12,0,12,0,12
1400000US53033032328,53033032328,"Census Tract 323.28, King County, Washington",0,12,0,12,0,12,0,12,0,12
1400000US53033032329,53033032329,"Census Tract 323.29, King County, Washington",0,17,0,17,0,17,0,17,0,17
1400000US53033032401,53033032401,"Census Tract 324.01, King County, Washington",0,17,0,17,0,17,0,17,0,17
1400000US53033032402,53033032402,"Census Tract 324.02, King County, Washington",0,17,0,17,0,17,0,17,0,17
1400000US53033032500,53033032500,"Census Tract 325, King County, Washington",32,40,0,17,32,40,0,17,0,17
1400000US53033032601,53033032601,"Census Tract 326.01, King County, Washington",0,12,0,12,0,12,0,12,0,12
1400000US53033032602,53033032602,"Census Tract 326.02, King County, Washington",0,19,0,19,0,19,0,19,0,19
1400000US53033032702,53033032702,"Census Tract 327.02, King County, Washington",3,6,3,6,0,17,0,17,0,17
1400000US53033032703,53033032703,"Census Tract 327.03, King County, Washington",0,12,0,12,0,12,0,12,0,12
1400000US53033032704,53033032704,"Census Tract 327.04, King County, Washington",0,17,0,17,0,17,0,17,0,17
1400000US53033032800,53033032800,"Census Tract 328, King County, Washington",0,12,0,12,0,12,0,12,0,12
1400000US53033990100,53033990100,"Census Tract 9901, King County, Washington",0,12,0,12,0,12,0,12,0,12
1600000US5300100,5300100,"Aberdeen city, Washington",176,60,105,49,34,33,6,12,31,34
1600000US5300135,5300135,"Aberdeen Gardens CDP, Washington",0,12,0,12,0,12,0,12,0,12
1600000US5300275,5300275,"Acme CDP, Washington",0,12,0,12,0,12,0,12,0,12
1600000US5300380,5300380,"Addy CDP, Washington",0,12,0,12,0,12,0,12,0,12
1600000US5300800,5300800,"Ahtanum CDP, Washington",0,12,0,12,0,12,0,12,0,12
1600000US5300905,5300905,"Airway Heights city, Washington",25,39,0,17,25,39,0,17,0,17
1600000US5301010,5301010,"Albion town, Washington",0,12,0,12,0,12,0,12,0,12
1600000US5301045,5301045,"Alder CDP, Washington",0,12,0,12,0,12,0,12,0,12
1600000US5301150,5301150,"Alderton CDP, Washington",0,12,0,12,0,12,0,12,0,12
1600000US5301185,5301185,"Alderwood Manor CDP, Washington",25,42,0,17,0,17,0,17,25,42
1600000US5301255,5301255,"Alger CDP, Washington",0,12,0,12,0,12,0,12,0,12
1600000US5301290,5301290,"Algona city, Washington",11,13,0,12,0,12,7,12,4,6
1600000US5301430,5301430,"Allyn CDP, Washington",0,12,0,12,0,12,0,12,0,12
1600000US5301500,5301500,"Almira town, Washington",0,12,0,12,0,12,0,12,0,12
1600000US5301745,5301745,"Altoona CDP, Washington",0,12,0,12,0,12,0,12,0,12
1600000US5301780,5301780,"Amanda Park CDP, Washington",0,12,0,12,0,12,0,12,0,12
1600000US5301850,5301850,"Amboy CDP, Washington",0,12,0,12,0,12,0,12,0,12
1600000US5301920,5301920,"Ames Lake CDP, Washington",12,19,0,12,0,12,0,12,12,19
1600000US5301990,5301990,"Anacortes city, Washington",21,13,1,2,9,9,9,8,2,3
1600000US5302060,5302060,"Anderson Island CDP, Washington",0,12,0,12,0,12,0,12,0,12
1600000US5302585,5302585,"Arlington city, Washington",33,42,18,19,15,27,0,19,0,19
1600000US5302620,5302620,"Arlington Heights CDP, Washington",0,12,0,12,0,12,0,12,0,12
1600000US5302910,5302910,"Artondale CDP, Washington",25,24,0,19,25,24,0,19,0,19
1600000US5303005,5303005,"Ashford CDP, Washington",0,12,0,12,0,12,0,12,0,12
1600000US5303075,5303075,"Asotin city, Washington",5,7,0,12,5,7,0,12,0,12
1600000US5303180,5303180,"Auburn city, Washington",1992,582,439,217,423,243,218,91,912,375
1600000US5303736,5303736,"Bainbridge Island city, Washington",22,27,18,25,0,22,4,9,0,22
1600000US5304100,5304100,"Bangor Base CDP, Washington",37,44,0,17,15,23,22,31,0,17
1600000US5304125,5304125,"Banks Lake South CDP, Washington",0,12,0,12,0,12,0,12,0,12
1600000US5304195,5304195,"Barberton CDP, Washington",2,5,0,17,2,5,0,17,0,17
1600000US5304300,5304300,"Baring CDP, Washington",0,12,0,12,0,12,0,12,0,12
1600000US5304347,5304347,"Barney's Junction CDP, Washington",0,12,0,12,0,12,0,12,0,12
1600000US5304370,5304370,"Barstow CDP, Washington",0,12,0,12,0,12,0,12,0,12
1600000US5304405,5304405,"Basin City CDP, Washington",0,12,0,12,0,12,0,12,0,12
1600000US5304475,5304475,"Battle Ground city, Washington",36,43,0,19,21,35,0,19,15,23
1600000US5304615,5304615,"Bay Center CDP, Washington",0,12,0,12,0,12,0,12,0,12
1600000US5304790,5304790,"Bay View CDP, Washington",0,12,0,12,0,12,0,12,0,12
1600000US5304895,5304895,"Beaux Arts Village town, Washington",0,12,0,12,0,12,0,12,0,12
1600000US5305140,5305140,"Belfair CDP, Washington",28,46,0,12,28,46,0,12,0,12
1600000US5305210,5305210,"Bellevue city, Washington",414,265,121,115,160,118,95,99,38,37
1600000US5305245,5305245,"Bell Hill CDP, Washington",0,12,0,12,0,12,0,12,0,12
1600000US5305280,5305280,"Bellingham city, Washington",172,71,63,41,68,44,18,22,23,30
1600000US5305560,5305560,"Benton City city, Washington",0,12,0,12,0,12,0,12,0,12
1600000US5305735,5305735,"Bethel CDP, Washington",0,12,0,12,0,12,0,12,0,12
1600000US5305980,5305980,"Bickleton CDP, Washington",0,12,0,12,0,12,0,12,0,12
1600000US5306050,5306050,"Big Lake CDP, Washington",0,12,0,12,0,12,0,12,0,12
1600000US5306085,5306085,"Bingen city, Washington",0,12,0,12,0,12,0,12,0,12
1600000US5306190,5306190,"Birch Bay CDP, Washington",13,21,0,17,13,21,0,17,0,17
1600000US5306330,5306330,"Black Diamond city, Washington",0,12,0,12,0,12,0,12,0,12
1600000US5306505,5306505,"Blaine city, Washington",47,58,18,23,20,31,8,14,1,6
1600000US5306855,5306855,"Blyn CDP, Washington",0,12,0,12,0,12,0,12,0,12
1600000US5307170,5307170,"Bonney Lake city, Washington",101,127,0,19,101,127,0,19,0,19
1600000US5307380,5307380,"Bothell city, Washington",58,79,9,18,49,77,0,25,0,25
1600000US5307390,5307390,"Bothell East CDP, Washington",60,90,0,19,60,90,0,19,0,19
1600000US5307395,5307395,"Bothell West CDP, Washington",6,9,0,22,0,22,6,9,0,22
1600000US5307397,5307397,"Boulevard Park CDP, Washington",0,12,0,12,0,12,0,12,0,12
1600000US5307485,5307485,"Boyds CDP, Washington",0,12,0,12,0,12,0,12,0,12
1600000US5307590,5307590,"Brady CDP, Washington",0,12,0,12,0,12,0,12,0,12
1600000US5307695,5307695,"Bremerton city, Washington",265,133,49,57,92,93,92,60,32,41
1600000US5307835,5307835,"Brewster city, Washington",0,12,0,12,0,12,0,12,0,12
1600000US5307870,5307870,"Bridgeport city, Washington",0,12,0,12,0,12,0,12,0,12
1600000US5307940,5307940,"Brier city, Washington",16,25,0,17,16,25,0,17,0,17
1600000US5308080,5308080,"Brinnon CDP, Washington",0,12,0,12,0,12,0,12,0,12
1600000US5308325,5308325,"Browns Point CDP, Washington",16,13,0,12,12,10,4,4,0,12
1600000US5308465,5308465,"Brush Prairie CDP, Washington",0,12,0,12,0,12,0,12,0,12
1600000US5308500,5308500,"Bryant CDP, Washington",0,12,0,12,0,12,0,12,0,12
1600000US5308552,5308552,"Bryn Mawr-Skyway CDP, Washington",73,115,9,15,0,19,0,19,64,100
1600000US5308570,5308570,"Buckley city, Washington",9,16,0,12,9,16,0,12,0,12
1600000US5308605,5308605,"Bucoda town, Washington",0,12,0,12,0,12,0,12,0,12
1600000US5308640,5308640,"Buena CDP, Washington",0,12,0,12,0,12,0,12,0,12
1600000US5308770,5308770,"Bunk Foss CDP, Washington",0,12,0,12,0,12,0,12,0,12
1600000US5308780,5308780,"Burbank CDP, Washington",0,12,0,12,0,12,0,12,0,12
1600000US5308850,5308850,"Burien city, Washington",682,345,177,114,99,67,106,117,300,182
1600000US5308885,5308885,"Burley CDP, Washington",125,152,22,36,12,19,91,133,0,12
1600000US5308920,5308920,"Burlington city, Washington",93,103,0,17,93,103,0,17,0,17
1600000US5309365,5309365,"Camano CDP, Washington",23,26,9,16,5,9,9,15,0,19
1600000US5309480,5309480,"Camas city, Washington",0,22,0,22,0,22,0,22,0,22
1600000US5309810,5309810,"Canterwood CDP, Washington",0,12,0,12,0,12,0,12,0,12
1600000US5309820,5309820,"Canyon Creek CDP, Washington",0,12,0,12,0,12,0,12,0,12
1600000US5309970,5309970,"Carbonado town, Washington",0,12,0,12,0,12,0,12,0,12
1600000US5310075,5310075,"Carlsborg CDP, Washington",0,12,0,12,0,12,0,12,0,12
1600000US5310215,5310215,"Carnation city, Washington",6,7,0,12,6,7,0,12,0,12
1600000US5310320,5310320,"Carson CDP, Washington",0,12,0,12,0,12,0,12,0,12
1600000US5310455,5310455,"Cascade Valley CDP, Washington",0,12,0,12,0,12,0,12,0,12
1600000US5310495,5310495,"Cashmere city, Washington",0,12,0,12,0,12,0,12,0,12
1600000US5310565,5310565,"Castle Rock city, Washington",0,12,0,12,0,12,0,12,0,12
1600000US5310600,5310600,"Cathcart CDP, Washington",0,12,0,12,0,12,0,12,0,12
1600000US5310635,5310635,"Cathlamet town, Washington",1,4,0,12,0,12,1,4,0,12
1600000US5310645,5310645,"Cavalero CDP, Washington",0,17,0,17,0,17,0,17,0,17
1600000US5311090,5311090,"Centerville CDP, Washington",0,12,0,12,0,12,0,12,0,12
1600000US5311160,5311160,"Centralia city, Washington",30,44,0,19,30,44,0,19,0,19
1600000US5311195,5311195,"Central Park CDP, Washington",0,12,0,12,0,12,0,12,0,12
1600000US5311325,5311325,"Chain Lake CDP, Washington",19,29,0,12,19,29,0,12,0,12
1600000US5311475,5311475,"Chehalis city, Washington",0,17,0,17,0,17,0,17,0,17
1600000US5311615,5311615,"Chelan city, Washington",0,12,0,12,0,12,0,12,0,12
1600000US5311685,5311685,"Chelan Falls CDP, Washington",0,12,0,12,0,12,0,12,0,12
1600000US5311825,5311825,"Cheney city, Washington",43,42,9,18,12,17,22,35,0,19
1600000US5312015,5312015,"Cherry Grove CDP, Washington",1,2,0,12,0,12,0,12,1,2
1600000US5312140,5312140,"Chewelah city, Washington",0,12,0,12,0,12,0,12,0,12
1600000US5312175,5312175,"Chico CDP, Washington",19,30,13,20,6,11,0,12,0,12
1600000US5312315,5312315,"Chinook CDP, Washington",0,12,0,12,0,12,0,12,0,12
1600000US5312525,5312525,"Clallam Bay CDP, Washington",0,12,0,12,0,12,0,12,0,12
1600000US5312630,5312630,"Clarkston city, Washington",3,7,0,17,0,17,3,7,0,17
1600000US5312680,5312680,"Clarkston Heights-Vineland CDP, Washington",21,30,0,17,0,17,21,30,0,17
1600000US5312735,5312735,"Clayton CDP, Washington",0,12,0,12,0,12,0,12,0,12
1600000US5312820,5312820,"Clear Lake CDP (Pierce County), Washington",14,21,0,12,14,21,0,12,0,12
1600000US5312840,5312840,"Clear Lake CDP (Skagit County), Washington",0,12,0,12,0,12,0,12,0,12
1600000US5312875,5312875,"Clearview CDP, Washington",0,12,0,12,0,12,0,12,0,12
1600000US5312945,5312945,"Cle Elum city, Washington",0,12,0,12,0,12,0,12,0,12
1600000US5313015,5313015,"Cliffdell CDP, Washington",0,12,0,12,0,12,0,12,0,12
1600000US5313155,5313155,"Clinton CDP, Washington",0,12,0,12,0,12,0,12,0,12
1600000US5313215,5313215,"Clover Creek CDP, Washington",128,139,12,18,0,17,93,117,23,37
1600000US5313365,5313365,"Clyde Hill city, Washington",0,12,0,12,0,12,0,12,0,12
1600000US5313595,5313595,"Cohassett Beach CDP, Washington",0,12,0,12,0,12,0,12,0,12
1600000US5313785,5313785,"Colfax city, Washington",0,12,0,12,0,12,0,12,0,12
1600000US5313855,5313855,"College Place city, Washington",18,24,0,17,1,2,7,13,10,20
1600000US5313890,5313890,"Colton town, Washington",0,12,0,12,0,12,0,12,0,12
1600000US5314170,5314170,"Colville city, Washington",0,12,0,12,0,12,0,12,0,12
1600000US5314310,5314310,"Conconully town, Washington",0,12,0,12,0,12,0,12,0,12
1600000US5314380,5314380,"Concrete town, Washington",6,11,0,12,0,12,6,11,0,12
1600000US5314485,5314485,"Connell city, Washington",26,24,26,24,0,17,0,17,0,17
1600000US5314520,5314520,"Conway CDP, Washington",0,12,0,12,0,12,0,12,0,12
1600000US5314660,5314660,"Copalis Beach CDP, Washington",0,12,0,12,0,12,0,12,0,12
1600000US5314870,5314870,"Cosmopolis city, Washington",0,12,0,12,0,12,0,12,0,12
1600000US5314940,5314940,"Cottage Lake CDP, Washington",84,73,18,27,54,50,0,22,12,23
1600000US5315080,5315080,"Coulee City town, Washington",0,12,0,12,0,12,0,12,0,12
1600000US5315115,5315115,"Coulee Dam town, Washington",0,12,0,12,0,12,0,12,0,12
1600000US5315150,5315150,"Country Homes CDP, Washington",18,24,14,21,4,10,0,17,0,17
1600000US5315185,5315185,"Coupeville town, Washington",7,9,0,12,4,7,3,5,0,12
1600000US5315290,5315290,"Covington city, Washington",65,60,0,19,29,28,36,49,0,19
1600000US5315325,5315325,"Cowiche CDP, Washington",0,12,0,12,0,12,0,12,0,12
1600000US5315710,5315710,"Creston town, Washington",1,2,0,12,0,12,1,2,0,12
1600000US5315780,5315780,"Crocker CDP, Washington",0,12,0,12,0,12,0,12,0,12
1600000US5316165,5316165,"Curlew CDP, Washington",0,12,0,12,0,12,0,12,0,12
1600000US5316170,5316170,"Curlew Lake CDP, Washington",0,12,0,12,0,12,0,12,0,12
1600000US5316340,5316340,"Cusick town, Washington",0,12,0,12,0,12,0,12,0,12
1600000US5316375,5316375,"Custer CDP, Washington",0,12,0,12,0,12,0,12,0,12
1600000US5316550,5316550,"Dallesport CDP, Washington",0,12,0,12,0,12,0,12,0,12
1600000US5316585,5316585,"Danville CDP, Washington",0,12,0,12,0,12,0,12,0,12
1600000US5316690,5316690,"Darrington town, Washington",0,12,0,12,0,12,0,12,0,12
1600000US5316760,5316760,"Dash Point CDP, Washington",0,12,0,12,0,12,0,12,0,12
1600000US5316795,5316795,"Davenport city, Washington",3,5,3,5,0,12,0,12,0,12
1600000US5316970,5316970,"Dayton city, Washington",0,12,0,12,0,12,0,12,0,12
1600000US5317215,5317215,"Deep River CDP, Washington",0,12,0,12,0,12,0,12,0,12
1600000US5317320,5317320,"Deer Park city, Washington",27,47,0,12,27,47,0,12,0,12
1600000US5317495,5317495,"Deming CDP, Washington",0,12,0,12,0,12,0,12,0,12
1600000US5317617,5317617,"Desert Aire CDP, Washington",0,12,0,12,0,12,0,12,0,12
1600000US5317635,5317635,"Des Moines city, Washington",922,408,360,196,47,48,251,167,264,164
1600000US5317880,5317880,"Disautel CDP, Washington",0,12,0,12,0,12,0,12,0,12
1600000US5318055,5318055,"Dixie CDP, Washington",0,12,0,12,0,12,0,12,0,12
1600000US5318198,5318198,"Dollars Corner CDP, Washington",65,89,0,12,65,89,0,12,0,12
1600000US5318265,5318265,"Donald CDP, Washington",0,12,0,12,0,12,0,12,0,12
1600000US5318775,5318775,"Duluth CDP, Washington",0,12,0,12,0,12,0,12,0,12
1600000US5318965,5318965,"DuPont city, Washington",167,134,15,24,0,17,70,69,82,91
1600000US5319035,5319035,"Duvall city, Washington",0,17,0,17,0,17,0,17,0,17
1600000US5319290,5319290,"East Cathlamet CDP, Washington",0,12,0,12,0,12,0,12,0,12
1600000US5319630,5319630,"Eastmont CDP, Washington",62,79,20,33,0,22,42,48,0,22
1600000US5319700,5319700,"Easton CDP, Washington",0,12,0,12,0,12,0,12,0,12
1600000US5319770,5319770,"East Port Orchard CDP, Washington",151,163,151,163,0,17,0,17,0,17
1600000US5319857,5319857,"East Renton Highlands CDP, Washington",0,19,0,19,0,19,0,19,0,19
1600000US5320155,5320155,"East Wenatchee city, Washington",28,31,7,10,0,19,21,29,0,19
1600000US5320260,5320260,"Eatonville town, Washington",12,18,0,12,0,12,0,12,12,18
1600000US5320645,5320645,"Edgewood city, Washington",0,19,0,19,0,19,0,19,0,19
1600000US5320680,5320680,"Edison CDP, Washington",0,12,0,12,0,12,0,12,0,12
1600000US5320750,5320750,"Edmonds city, Washington",220,184,53,45,45,66,0,25,122,97
1600000US5320890,5320890,"Elbe CDP, Washington",0,12,0,12,0,12,0,12,0,12
1600000US5321030,5321030,"Electric City city, Washington",16,25,0,12,16,25,0,12,0,12
1600000US5321205,5321205,"Elk Plain CDP, Washington",120,138,11,18,109,135,0,19,0,19
1600000US5321240,5321240,"Ellensburg city, Washington",87,69,30,33,38,48,8,14,11,24
1600000US5321450,5321450,"Elma city, Washington",0,12,0,12,0,12,0,12,0,12
1600000US5321485,5321485,"Elmer City town, Washington",15,22,0,12,0,12,15,22,0,12
1600000US5321730,5321730,"Endicott town, Washington",0,12,0,12,0,12,0,12,0,12
1600000US5321800,5321800,"Enetai CDP, Washington",11,18,0,12,0,12,11,18,0,12
1600000US5322010,5322010,"Entiat city, Washington",8,13,8,13,0,12,0,12,0,12
1600000US5322045,5322045,"Enumclaw city, Washington",16,26,0,19,0,19,0,19,16,26
1600000US5322080,5322080,"Ephrata city, Washington",10,20,0,17,10,20,0,17,0,17
1600000US5322118,5322118,"Erlands Point-Kitsap Lake CDP, Washington",53,51,0,12,53,51,0,12,0,12
1600000US5322150,5322150,"Eschbach CDP, Washington",0,12,0,12,0,12,0,12,0,12
1600000US5322255,5322255,"Esperance CDP, Washington",0,12,0,12,0,12,0,12,0,12
1600000US5322640,5322640,"Everett city, Washington",1379,594,332,290,151,113,69,133,827,472
1600000US5322745,5322745,"Everson city, Washington",17,21,0,12,3,5,4,7,10,16
1600000US5322955,5322955,"Fairchild AFB CDP, Washington",0,12,0,12,0,12,0,12,0,12
1600000US5322990,5322990,"Fairfield town, Washington",0,12,0,12,0,12,0,12,0,12
1600000US5323160,5323160,"Fairwood CDP (King County), Washington",96,70,26,41,30,42,19,32,21,34
1600000US5323165,5323165,"Fairwood CDP (Spokane County), Washington",0,17,0,17,0,17,0,17,0,17
1600000US5323200,5323200,"Fall City CDP, Washington",0,12,0,12,0,12,0,12,0,12
1600000US5323340,5323340,"Farmington town, Washington",0,12,0,12,0,12,0,12,0,12
1600000US5323515,5323515,"Federal Way city, Washington",2191,584,398,226,675,270,958,390,160,110
1600000US5323550,5323550,"Felida CDP, Washington",0,17,0,17,0,17,0,17,0,17
1600000US5323620,5323620,"Ferndale city, Washington",5,10,0,19,5,10,0,19,0,19
1600000US5323690,5323690,"Fern Prairie CDP, Washington",0,12,0,12,0,12,0,12,0,12
1600000US5323795,5323795,"Fife city, Washington",457,205,108,74,78,60,154,94,117,106
1600000US5323830,5323830,"Fife Heights CDP, Washington",0,12,0,12,0,12,0,12,0,12
1600000US5323865,5323865,"Finley CDP, Washington",7,11,0,17,0,17,7,11,0,17
1600000US5323970,5323970,"Fircrest city, Washington",78,80,0,17,78,80,0,17,0,17
1600000US5324188,5324188,"Five Corners CDP, Washington",8,13,0,19,8,13,0,19,0,19
1600000US5324425,5324425,"Fobes Hill CDP, Washington",50,57,0,12,31,48,0,12,19,32
1600000US5324565,5324565,"Fords Prairie CDP, Washington",0,12,0,12,0,12,0,12,0,12
1600000US5324810,5324810,"Forks city, Washington",0,12,0,12,0,12,0,12,0,12
1600000US5324915,5324915,"Fort Lewis CDP, Washington",355,272,16,27,136,117,132,176,71,67
1600000US5325300,5325300,"Four Lakes CDP, Washington",0,12,0,12,0,12,0,12,0,12
1600000US5325370,5325370,"Fox Island CDP, Washington",0,12,0,12,0,12,0,12,0,12
1600000US5325475,5325475,"Frederickson CDP, Washington",368,272,44,39,129,112,178,175,17,29
1600000US5325510,5325510,"Freeland CDP, Washington",39,41,0,12,26,38,0,12,13,21
1600000US5325615,5325615,"Friday Harbor town, Washington",0,12,0,12,0,12,0,12,0,12
1600000US5326140,5326140,"Garfield town, Washington",0,12,0,12,0,12,0,12,0,12
1600000US5326245,5326245,"Garrett CDP, Washington",0,12,0,12,0,12,0,12,0,12
1600000US5326420,5326420,"Geneva CDP, Washington",0,12,0,12,0,12,0,12,0,12
1600000US5326455,5326455,"George city, Washington",0,12,0,12,0,12,0,12,0,12
1600000US5326735,5326735,"Gig Harbor city, Washington",12,30,0,17,0,17,12,30,0,17
1600000US5326875,5326875,"Glacier CDP, Washington",0,12,0,12,0,12,0,12,0,12
1600000US5326945,5326945,"Gleed CDP, Washington",0,12,0,12,0,12,0,12,0,12
1600000US5327225,5327225,"Glenwood CDP, Washington",0,12,0,12,0,12,0,12,0,12
1600000US5327365,5327365,"Gold Bar city, Washington",5,10,0,12,0,12,0,12,5,10
1600000US5327435,5327435,"Goldendale city, Washington",0,12,0,12,0,12,0,12,0,12
1600000US5327680,5327680,"Gorst CDP, Washington",0,12,0,12,0,12,0,12,0,12
1600000US5327785,5327785,"Graham CDP, Washington",308,296,0,22,237,230,70,68,1,3
1600000US5327855,5327855,"Grand Coulee city, Washington",0,12,0,12,0,12,0,12,0,12
1600000US5327890,5327890,"Grand Mound CDP, Washington",0,12,0,12,0,12,0,12,0,12
1600000US5327925,5327925,"Grandview city, Washington",0,19,0,19,0,19,0,19,0,19
1600000US5327960,5327960,"Granger city, Washington",0,12,0,12,0,12,0,12,0,12
1600000US5327995,5327995,"Granite Falls city, Washington",0,12,0,12,0,12,0,12,0,12
1600000US5328135,5328135,"Grapeview CDP, Washington",32,42,0,12,32,42,0,12,0,12
1600000US5328345,5328345,"Grayland CDP, Washington",0,12,0,12,0,12,0,12,0,12
1600000US5328450,5328450,"Grays River CDP, Washington",0,12,0,12,0,12,0,12,0,12
1600000US5328590,5328590,"Green Bluff CDP, Washington",0,12,0,12,0,12,0,12,0,12
1600000US5328695,5328695,"Greenwater CDP, Washington",0,12,0,12,0,12,0,12,0,12
1600000US5329255,5329255,"Hamilton town, Washington",3,4,0,12,3,4,0,12,0,12
1600000US5329430,5329430,"Hansville CDP, Washington",0,12,0,12,0,12,0,12,0,12
1600000US5329710,5329710,"Harrah town, Washington",0,12,0,12,0,12,0,12,0,12
1600000US5329745,5329745,"Harrington city, Washington",0,12,0,12,0,12,0,12,0,12
1600000US5329920,5329920,"Hartline town, Washington",0,12,0,12,0,12,0,12,0,12
1600000US5330030,5330030,"Hat Island CDP, Washington",0,12,0,12,0,12,0,12,0,12
1600000US5330060,5330060,"Hatton town, Washington",0,12,0,12,0,12,0,12,0,12
1600000US5330305,5330305,"Hazel Dell CDP, Washington",91,89,80,87,11,18,0,22,0,22
1600000US5330690,5330690,"Herron Island CDP, Washington",0,12,0,12,0,12,0,12,0,12
1600000US5330750,5330750,"High Bridge CDP, Washington",0,12,0,12,0,12,0,12,0,12
1600000US5331495,5331495,"Hobart CDP, Washington",0,17,0,17,0,17,0,17,0,17
1600000US5331530,5331530,"Hockinson CDP, Washington",13,20,1,4,0,17,12,19,0,17
1600000US5331540,5331540,"Hogans Corner CDP, Washington",0,12,0,12,0,12,0,12,0,12
1600000US5331985,5331985,"Home CDP, Washington",0,12,0,12,0,12,0,12,0,12
1600000US5332125,5332125,"Hoodsport CDP, Washington",0,12,0,12,0,12,0,12,0,12
1600000US5332300,5332300,"Hoquiam city, Washington",0,17,0,17,0,17,0,17,0,17
1600000US5332650,5332650,"Humptulips CDP, Washington",0,12,0,12,0,12,0,12,0,12
1600000US5332755,5332755,"Hunts Point town, Washington",0,12,0,12,0,12,0,12,0,12
1600000US5333000,5333000,"Ilwaco city, Washington",0,12,0,12,0,12,0,12,0,12
1600000US5333105,5333105,"Inchelium CDP, Washington",9,12,0,12,5,6,4,7,0,12
1600000US5333175,5333175,"Index town, Washington",0,12,0,12,0,12,0,12,0,12
1600000US5333280,5333280,"Indianola CDP, Washington",15,13,0,12,2,3,13,13,0,12
1600000US5333560,5333560,"Ione town, Washington",0,12,0,12,0,12,0,12,0,12
1600000US5333805,5333805,"Issaquah city, Washington",0,25,0,25,0,25,0,25,0,25
1600000US5333890,5333890,"Jamestown CDP, Washington",0,12,0,12,0,12,0,12,0,12
1600000US5334470,5334470,"Junction City CDP, Washington",0,12,0,12,0,12,0,12,0,12
1600000US5334575,5334575,"Kahlotus city, Washington",0,12,0,12,0,12,0,12,0,12
1600000US5334645,5334645,"Kalama city, Washington",0,12,0,12,0,12,0,12,0,12
1600000US5334890,5334890,"Kapowsin CDP, Washington",0,12,0,12,0,12,0,12,0,12
1600000US5334915,5334915,"Kayak Point CDP, Washington",0,12,0,12,0,12,0,12,0,12
1600000US5334960,5334960,"Keller CDP, Washington",15,21,0,12,0,12,0,12,15,21
1600000US5335065,5335065,"Kelso city, Washington",51,67,51,67,0,19,0,19,0,19
1600000US5335135,5335135,"Kendall CDP, Washington",0,12,0,12,0,12,0,12,0,12
1600000US5335170,5335170,"Kenmore city, Washington",100,62,27,31,26,28,47,60,0,22
1600000US5335275,5335275,"Kennewick city, Washington",113,84,12,23,57,76,28,40,16,17
1600000US5335415,5335415,"Kent city, Washington",2204,579,904,324,505,287,438,225,357,244
1600000US5335450,5335450,"Ketron Island CDP, Washington",0,12,0,12,0,12,0,12,0,12
1600000US5335485,5335485,"Kettle Falls city, Washington",0,12,0,12,0,12,0,12,0,12
1600000US5335555,5335555,"Key Center CDP, Washington",25,33,0,12,0,12,16,25,9,13
1600000US5335625,5335625,"Keyport CDP, Washington",0,12,0,12,0,12,0,12,0,12
1600000US5335870,5335870,"Kingston CDP, Washington",2,9,0,12,0,12,0,12,2,9
1600000US5335940,5335940,"Kirkland city, Washington",60,52,19,28,11,19,1,2,29,30
1600000US5336045,5336045,"Kittitas city, Washington",0,12,0,12,0,12,0,12,0,12
1600000US5336115,5336115,"Klickitat CDP, Washington",0,12,0,12,0,12,0,12,0,12
1600000US5336395,5336395,"Krupp town, Washington",0,12,0,12,0,12,0,12,0,12
1600000US5336710,5336710,"La Center city, Washington",0,12,0,12,0,12,0,12,0,12
1600000US5336745,5336745,"Lacey city, Washington",840,373,159,130,330,234,190,162,161,161
1600000US5336780,5336780,"La Conner town, Washington",0,12,0,12,0,12,0,12,0,12
1600000US5336850,5336850,"LaCrosse town, Washington",0,12,0,12,0,12,0,12,0,12
1600000US5336920,5336920,"La Grande CDP, Washington",0,12,0,12,0,12,0,12,0,12
1600000US5337077,5337077,"Lake Bosworth CDP, Washington",0,12,0,12,0,12,0,12,0,12
1600000US5337100,5337100,"Lake Cassidy CDP, Washington",0,12,0,12,0,12,0,12,0,12
1600000US5337105,5337105,"Lake Cavanaugh CDP, Washington",0,12,0,12,0,12,0,12,0,12
1600000US5337270,5337270,"Lake Forest Park city, Washington",20,23,0,19,9,15,0,19,11,19
1600000US5337287,5337287,"Lake Goodwin CDP, Washington",0,12,0,12,0,12,0,12,0,12
1600000US5337345,5337345,"Lake Holm CDP, Washington",0,12,0,12,0,12,0,12,0,12
1600000US5337415,5337415,"Lake Ketchum CDP, Washington",0,12,0,12,0,12,0,12,0,12
1600000US5337420,5337420,"Lakeland North CDP, Washington",202,164,94,87,27,42,54,73,27,34
1600000US5337430,5337430,"Lakeland South CDP, Washington",135,188,0,19,135,188,0,19,0,19
1600000US5337526,5337526,"Lake McMurray CDP, Washington",0,12,0,12,0,12,0,12,0,12
1600000US5337538,5337538,"Lake Marcel-Stillwater CDP, Washington",0,12,0,12,0,12,0,12,0,12
1600000US5337567,5337567,"Lake Morton-Berrydale CDP, Washington",34,31,0,19,13,20,9,16,12,18
1600000US5337672,5337672,"Lake Roesiger CDP, Washington",0,12,0,12,0,12,0,12,0,12
1600000US5337830,5337830,"Lake Shore CDP, Washington",19,22,0,17,7,12,11,20,1,2
1600000US5337900,5337900,"Lake Stevens city, Washington",118,108,0,25,75,94,36,43,7,12
1600000US5337917,5337917,"Lake Stickney CDP, Washington",20,38,20,38,0,17,0,17,0,17
1600000US5337920,5337920,"Lake Tapps CDP, Washington",0,19,0,19,0,19,0,19,0,19
1600000US5337926,5337926,"Lakeview CDP, Washington",0,12,0,12,0,12,0,12,0,12
1600000US5338038,5338038,"Lakewood city, Washington",1805,410,407,171,576,175,671,191,151,153
1600000US5338215,5338215,"Lamont town, Washington",0,12,0,12,0,12,0,12,0,12
1600000US5338355,5338355,"Langley city, Washington",0,12,0,12,0,12,0,12,0,12
1600000US5338420,5338420,"Larch Way CDP, Washington",0,12,0,12,0,12,0,12,0,12
1600000US5338495,5338495,"Latah town, Washington",0,12,0,12,0,12,0,12,0,12
1600000US5338705,5338705,"Laurier CDP, Washington",0,12,0,12,0,12,0,12,0,12
1600000US5338845,5338845,"Leavenworth city, Washington",0,12,0,12,0,12,0,12,0,12
1600000US5338880,5338880,"Lebam CDP, Washington",0,12,0,12,0,12,0,12,0,12
1600000US5339212,5339212,"Lewisville CDP, Washington",0,12,0,12,0,12,0,12,0,12
1600000US5339335,5339335,"Liberty Lake city, Washington",0,17,0,17,0,17,0,17,0,17
1600000US5339510,5339510,"Lind town, Washington",0,12,0,12,0,12,0,12,0,12
1600000US5339860,5339860,"Lochsloy CDP, Washington",0,12,0,12,0,12,0,12,0,12
1600000US5339930,5339930,"Lofall CDP, Washington",0,12,0,12,0,12,0,12,0,12
1600000US5340070,5340070,"Long Beach city, Washington",0,12,0,12,0,12,0,12,0,12
1600000US5340105,5340105,"Longbranch CDP, Washington",0,12,0,12,0,12,0,12,0,12
1600000US5340245,5340245,"Longview city, Washington",117,93,50,64,34,56,0,25,33,54
1600000US5340270,5340270,"Longview Heights CDP, Washington",0,12,0,12,0,12,0,12,0,12
1600000US5340350,5340350,"Loomis CDP, Washington",0,12,0,12,0,12,0,12,0,12
1600000US5340385,5340385,"Loon Lake CDP, Washington",0,12,0,12,0,12,0,12,0,12
1600000US5340570,5340570,"Lower Elochoman CDP, Washington",0,12,0,12,0,12,0,12,0,12
1600000US5340735,5340735,"Lyle CDP, Washington",0,12,0,12,0,12,0,12,0,12
1600000US5340770,5340770,"Lyman town, Washington",0,12,0,12,0,12,0,12,0,12
1600000US5340805,5340805,"Lynden city, Washington",20,32,0,19,20,32,0,19,0,19
1600000US5340840,5340840,"Lynnwood city, Washington",225,228,0,25,157,216,14,22,54,61
1600000US5340980,5340980,"Mabton city, Washington",0,12,0,12,0,12,0,12,0,12
1600000US5341155,5341155,"McChord AFB CDP, Washington",86,117,4,6,30,29,46,78,6,11
1600000US5341225,5341225,"McCleary city, Washington",0,12,0,12,0,12,0,12,0,12
1600000US5341470,5341470,"Machias CDP, Washington",0,12,0,12,0,12,0,12,0,12
1600000US5341645,5341645,"McKenna CDP, Washington",0,12,0,12,0,12,0,12,0,12
1600000US5341785,5341785,"McMillin CDP, Washington",0,12,0,12,0,12,0,12,0,12
1600000US5342275,5342275,"Malden town, Washington",0,12,0,12,0,12,0,12,0,12
1600000US5342310,5342310,"Malo CDP, Washington",0,12,0,12,0,12,0,12,0,12
1600000US5342345,5342345,"Malone CDP, Washington",0,12,0,12,0,12,0,12,0,12
1600000US5342380,5342380,"Malott CDP, Washington",0,12,0,12,0,12,0,12,0,12
1600000US5342415,5342415,"Maltby CDP, Washington",4,6,0,19,0,19,4,6,0,19
1600000US5342450,5342450,"Manchester CDP, Washington",74,70,0,17,50,59,24,39,0,17
1600000US5342800,5342800,"Mansfield town, Washington",0,12,0,12,0,12,0,12,0,12
1600000US5342835,5342835,"Manson CDP, Washington",32,55,16,28,16,28,0,12,0,12
1600000US5343010,5343010,"Maple Falls CDP, Washington",0,12,0,12,0,12,0,12,0,12
1600000US5343062,5343062,"Maple Heights-Lake Desire CDP, Washington",0,12,0,12,0,12,0,12,0,12
1600000US5343150,5343150,"Maple Valley city, Washington",28,46,15,25,0,22,13,22,0,22
1600000US5343255,5343255,"Maplewood CDP, Washington",0,17,0,17,0,17,0,17,0,17
1600000US5343325,5343325,"Marblemount CDP, Washington",0,12,0,12,0,12,0,12,0,12
1600000US5343395,5343395,"Marcus town, Washington",0,12,0,12,0,12,0,12,0,12
1600000US5343491,5343491,"Marietta-Alderwood CDP, Washington",39,53,0,12,39,53,0,12,0,12
1600000US5343640,5343640,"Markham CDP, Washington",0,12,0,12,0,12,0,12,0,12
1600000US5343762,5343762,"Marrowstone CDP, Washington",0,12,0,12,0,12,0,12,0,12
1600000US5343815,5343815,"Martha Lake CDP, Washington",193,208,0,19,9,13,136,140,48,75
1600000US5343885,5343885,"Maryhill CDP, Washington",0,12,0,12,0,12,0,12,0,12
1600000US5343955,5343955,"Marysville city, Washington",375,196,119,99,50,41,122,94,84,81
1600000US5344165,5344165,"Mattawa city, Washington",0,12,0,12,0,12,0,12,0,12
1600000US5344260,5344260,"May Creek CDP, Washington",0,12,0,12,0,12,0,12,0,12
1600000US5344480,5344480,"Mead CDP, Washington",0,17,0,17,0,17,0,17,0,17
1600000US5344585,5344585,"Meadowdale CDP, Washington",32,53,20,33,0,12,0,12,12,22
1600000US5344620,5344620,"Meadow Glade CDP, Washington",0,12,0,12,0,12,0,12,0,12
1600000US5344690,5344690,"Medical Lake city, Washington",0,12,0,12,0,12,0,12,0,12
1600000US5344725,5344725,"Medina city, Washington",0,12,0,12,0,12,0,12,0,12
1600000US5345005,5345005,"Mercer Island city, Washington",17,27,0,22,17,27,0,22,0,22
1600000US5345180,5345180,"Mesa city, Washington",0,12,0,12,0,12,0,12,0,12
1600000US5345285,5345285,"Metaline town, Washington",3,5,0,12,3,5,0,12,0,12
1600000US5345320,5345320,"Metaline Falls town, Washington",0,12,0,12,0,12,0,12,0,12
1600000US5345355,5345355,"Methow CDP, Washington",0,12,0,12,0,12,0,12,0,12
1600000US5345495,5345495,"Midland CDP, Washington",78,97,0,17,0,17,16,29,62,96
1600000US5345865,5345865,"Mill Creek city, Washington",0,19,0,19,0,19,0,19,0,19
1600000US5345870,5345870,"Mill Creek East CDP, Washington",29,45,0,22,20,31,0,22,9,15
1600000US5345985,5345985,"Millwood city, Washington",2,3,0,12,0,12,0,12,2,3
1600000US5346020,5346020,"Milton city, Washington",68,90,6,12,0,17,62,80,0,17
1600000US5346090,5346090,"Mineral CDP, Washington",0,12,0,12,0,12,0,12,0,12
1600000US5346125,5346125,"Minnehaha CDP, Washington",227,324,161,232,0,19,0,19,66,94
1600000US5346215,5346215,"Mirrormont CDP, Washington",0,12,0,12,0,12,0,12,0,12
1600000US5346405,5346405,"Moclips CDP, Washington",0,12,0,12,0,12,0,12,0,12
1600000US5346685,5346685,"Monroe city, Washington",18,37,0,19,0,19,9,19,9,19
1600000US5346725,5346725,"Monroe North CDP, Washington",0,12,0,12,0,12,0,12,0,12
1600000US5346895,5346895,"Montesano city, Washington",0,12,0,12,0,12,0,12,0,12
1600000US5347175,5347175,"Morton city, Washington",0,12,0,12,0,12,0,12,0,12
1600000US5347245,5347245,"Moses Lake city, Washington",0,22,0,22,0,22,0,22,0,22
1600000US5347280,5347280,"Moses Lake North CDP, Washington",25,28,21,28,4,9,0,12,0,12
1600000US5347315,5347315,"Mossyrock city, Washington",0,12,0,12,0,12,0,12,0,12
1600000US5347490,5347490,"Mountlake Terrace city, Washington",242,202,0,22,67,64,9,14,166,154
1600000US5347560,5347560,"Mount Vernon city, Washington",77,61,27,37,25,33,0,25,25,28
1600000US5347630,5347630,"Mount Vista CDP, Washington",0,17,0,17,0,17,0,17,0,17
1600000US5347665,5347665,"Moxee city, Washington",0,12,0,12,0,12,0,12,0,12
1600000US5347735,5347735,"Mukilteo city, Washington",19,26,0,22,19,26,0,22,0,22
1600000US5347805,5347805,"Naches town, Washington",0,12,0,12,0,12,0,12,0,12
1600000US5347980,5347980,"Napavine city, Washington",0,12,0,12,0,12,0,12,0,12
1600000US5348015,5348015,"Naselle CDP, Washington",0,12,0,12,0,12,0,12,0,12
1600000US5348225,5348225,"Navy Yard City CDP, Washington",36,36,0,12,0,12,36,36,0,12
1600000US5348295,5348295,"Neah Bay CDP, Washington",4,8,0,12,0,12,0,12,4,8
1600000US5348330,5348330,"Neilton CDP, Washington",0,12,0,12,0,12,0,12,0,12
1600000US5348540,5348540,"Nespelem town, Washington",0,12,0,12,0,12,0,12,0,12
1600000US5348550,5348550,"Nespelem Community CDP, Washington",0,12,0,12,0,12,0,12,0,12
1600000US5348645,5348645,"Newcastle city, Washington",0,19,0,19,0,19,0,19,0,19
1600000US5348820,5348820,"Newport city, Washington",1,5,0,12,1,5,0,12,0,12
1600000US5349030,5349030,"Nile CDP, Washington",0,12,0,12,0,12,0,12,0,12
1600000US5349193,5349193,"Nisqually Indian Community CDP, Washington",50,50,19,19,17,25,14,15,0,12
1600000US5349275,5349275,"Nooksack city, Washington",0,12,0,12,0,12,0,12,0,12
1600000US5349415,5349415,"Normandy Park city, Washington",0,17,0,17,0,17,0,17,0,17
1600000US5349485,5349485,"North Bend city, Washington",0,17,0,17,0,17,0,17,0,17
1600000US5349555,5349555,"North Bonneville city, Washington",0,12,0,12,0,12,0,12,0,12
1600000US5349765,5349765,"North Fort Lewis CDP, Washington",69,58,0,17,23,25,42,56,4,8
1600000US5349940,5349940,"North Lynnwood CDP, Washington",158,114,11,19,34,46,79,92,34,42
1600000US5349992,5349992,"North Marysville CDP, Washington",0,12,0,12,0,12,0,12,0,12
1600000US5350007,5350007,"North Omak CDP, Washington",0,12,0,12,0,12,0,12,0,12
1600000US5350045,5350045,"Northport town, Washington",0,12,0,12,0,12,0,12,0,12
1600000US5350115,5350115,"North Puyallup CDP, Washington",0,12,0,12,0,12,0,12,0,12
1600000US5350183,5350183,"North Sultan CDP, Washington",0,12,0,12,0,12,0,12,0,12
1600000US5350195,5350195,"Northwest Stanwood CDP, Washington",0,12,0,12,0,12,0,12,0,12
1600000US5350210,5350210,"North Yelm CDP, Washington",0,12,0,12,0,12,0,12,0,12
1600000US5350325,5350325,"Oakesdale town, Washington",0,12,0,12,0,12,0,12,0,12
1600000US5350360,5350360,"Oak Harbor city, Washington",151,84,87,73,21,31,9,10,34,35
1600000US5350430,5350430,"Oakville city, Washington",15,25,0,12,15,25,0,12,0,12
1600000US5350500,5350500,"Ocean City CDP, Washington",0,12,0,12,0,12,0,12,0,12
1600000US5350535,5350535,"Ocean Park CDP, Washington",0,12,0,12,0,12,0,12,0,12
1600000US5350570,5350570,"Ocean Shores city, Washington",0,17,0,17,0,17,0,17,0,17
1600000US5350745,5350745,"Odessa town, Washington",0,12,0,12,0,12,0,12,0,12
1600000US5350920,5350920,"Okanogan city, Washington",0,12,0,12,0,12,0,12,0,12
1600000US5351300,5351300,"Olympia city, Washington",109,80,13,25,47,37,9,15,40,60
1600000US5351340,5351340,"Omak city, Washington",0,12,0,12,0,12,0,12,0,12
1600000US5351410,5351410,"Onalaska CDP, Washington",0,12,0,12,0,12,0,12,0,12
1600000US5351795,5351795,"Orchards CDP, Washington",97,65,0,22,29,39,41,44,27,35
1600000US5351830,5351830,"Orient CDP, Washington",0,12,0,12,0,12,0,12,0,12
1600000US5351970,5351970,"Oroville city, Washington",0,12,0,12,0,12,0,12,0,12
1600000US5352005,5352005,"Orting city, Washington",6,10,0,17,0,17,6,10,0,17
1600000US5352110,5352110,"Oso CDP, Washington",0,12,0,12,0,12,0,12,0,12
1600000US5352215,5352215,"Othello city, Washington",0,17,0,17,0,17,0,17,0,17
1600000US5352267,5352267,"Otis Orchards-East Farms CDP, Washington",0,17,0,17,0,17,0,17,0,17
1600000US5352285,5352285,"Outlook CDP, Washington",0,12,0,12,0,12,0,12,0,12
1600000US5352378,5352378,"Oyehut CDP, Washington",0,12,0,12,0,12,0,12,0,12
1600000US5352495,5352495,"Pacific city, Washington",285,417,70,106,24,39,51,53,140,286
1600000US5352530,5352530,"Pacific Beach CDP, Washington",0,12,0,12,0,12,0,12,0,12
1600000US5352600,5352600,"Packwood CDP, Washington",0,12,0,12,0,12,0,12,0,12
1600000US5352950,5352950,"Palouse city, Washington",0,12,0,12,0,12,0,12,0,12
1600000US5353265,5353265,"Parker CDP, Washington",0,12,0,12,0,12,0,12,0,12
1600000US5353335,5353335,"Parkland CDP, Washington",1699,385,270,208,439,179,945,307,45,59
1600000US5353440,5353440,"Parkwood CDP, Washington",97,120,43,64,0,17,54,61,0,17
1600000US5353545,5353545,"Pasco city, Washington",134,88,85,62,12,18,2,5,35,54
1600000US5353720,5353720,"Pateros city, Washington",0,12,0,12,0,12,0,12,0,12
1600000US5353800,5353800,"Peaceful Valley CDP, Washington",0,12,0,12,0,12,0,12,0,12
1600000US5353930,5353930,"Pe Ell town, Washington",0,12,0,12,0,12,0,12,0,12
1600000US5354213,5354213,"Picnic Point CDP, Washington",0,17,0,17,0,17,0,17,0,17
1600000US5354405,5354405,"Pine Grove CDP, Washington",0,12,0,12,0,12,0,12,0,12
1600000US5355015,5355015,"Point Roberts CDP, Washington",0,12,0,12,0,12,0,12,0,12
1600000US5355120,5355120,"Pomeroy city, Washington",0,12,0,12,0,12,0,12,0,12
1600000US5355365,5355365,"Port Angeles city, Washington",0,19,0,19,0,19,0,19,0,19
1600000US5355400,5355400,"Port Angeles East CDP, Washington",9,17,0,12,0,12,9,17,0,12
1600000US5355540,5355540,"Porter CDP, Washington",0,12,0,12,0,12,0,12,0,12
1600000US5355612,5355612,"Port Gamble Tribal Community CDP, Washington",0,12,0,12,0,12,0,12,0,12
1600000US5355620,5355620,"Port Hadlock-Irondale CDP, Washington",0,12,0,12,0,12,0,12,0,12
1600000US5355645,5355645,"Port Ludlow CDP, Washington",0,12,0,12,0,12,0,12,0,12
1600000US5355785,5355785,"Port Orchard city, Washington",136,100,10,19,49,44,59,57,18,25
1600000US5355855,5355855,"Port Townsend city, Washington",2,5,0,17,0,17,0,17,2,5
1600000US5355995,5355995,"Poulsbo city, Washington",0,19,0,19,0,19,0,19,0,19
1600000US5356150,5356150,"Prairie Heights CDP, Washington",0,12,0,12,0,12,0,12,0,12
1600000US5356170,5356170,"Prairie Ridge CDP, Washington",0,19,0,19,0,19,0,19,0,19
1600000US5356240,5356240,"Prescott city, Washington",0,12,0,12,0,12,0,12,0,12
1600000US5356450,5356450,"Prosser city, Washington",0,17,0,17,0,17,0,17,0,17
1600000US5356555,5356555,"Puget Island CDP, Washington",0,12,0,12,0,12,0,12,0,12
1600000US5356625,5356625,"Pullman city, Washington",64,61,12,20,52,59,0,25,0,25
1600000US5356660,5356660,"Purdy CDP, Washington",0,12,0,12,0,12,0,12,0,12
1600000US5356695,5356695,"Puyallup city, Washington",78,63,0,25,17,29,13,19,48,54
1600000US5356905,5356905,"Queets CDP, Washington",2,4,2,4,0,12,0,12,0,12
1600000US5356975,5356975,"Quilcene CDP, Washington",0,12,0,12,0,12,0,12,0,12
1600000US5357030,5357030,"Qui-nai-elt Village CDP, Washington",0,12,0,12,0,12,0,12,0,12
1600000US5357115,5357115,"Quincy city, Washington",0,17,0,17,0,17,0,17,0,17
1600000US5357140,5357140,"Raft Island CDP, Washington",0,12,0,12,0,12,0,12,0,12
1600000US5357220,5357220,"Rainier city, Washington",12,21,0,12,5,9,7,13,0,12
1600000US5357395,5357395,"Ravensdale CDP, Washington",41,66,0,12,41,66,0,12,0,12
1600000US5357430,5357430,"Raymond city, Washington",0,12,0,12,0,12,0,12,0,12
1600000US5357465,5357465,"Reardan town, Washington",0,12,0,12,0,12,0,12,0,12
1600000US5357535,5357535,"Redmond city, Washington",112,127,36,56,32,52,13,23,31,47
1600000US5357745,5357745,"Renton city, Washington",1647,780,478,316,498,344,132,95,539,337
1600000US5357850,5357850,"Republic city, Washington",13,16,0,12,0,12,8,10,5,11
1600000US5358235,5358235,"Richland city, Washington",40,36,0,28,0,28,40,36,0,28
1600000US5358410,5358410,"Ridgefield city, Washington",0,17,0,17,0,17,0,17,0,17
1600000US5358725,5358725,"Ritzville city, Washington",0,12,0,12,0,12,0,12,0,12
1600000US5358742,5358742,"Riverbend CDP, Washington",0,12,0,12,0,12,0,12,0,12
1600000US5358777,5358777,"River Road CDP, Washington",0,12,0,12,0,12,0,12,0,12
1600000US5358795,5358795,"Riverside town, Washington",0,12,0,12,0,12,0,12,0,12
1600000US5359110,5359110,"Rochester CDP, Washington",0,12,0,12,0,12,0,12,0,12
1600000US5359145,5359145,"Rockford town, Washington",0,12,0,12,0,12,0,12,0,12
1600000US5359180,5359180,"Rock Island city, Washington",0,12,0,12,0,12,0,12,0,12
1600000US5359250,5359250,"Rockport CDP, Washington",0,12,0,12,0,12,0,12,0,12
1600000US5359390,5359390,"Rocky Point CDP, Washington",0,12,0,12,0,12,0,12,0,12
1600000US5359635,5359635,"Ronald CDP, Washington",0,12,0,12,0,12,0,12,0,12
1600000US5359705,5359705,"Roosevelt CDP, Washington",0,12,0,12,0,12,0,12,0,12
1600000US5359775,5359775,"Rosalia town, Washington",0,12,0,12,0,12,0,12,0,12
1600000US5359845,5359845,"Rosburg CDP, Washington",0,12,0,12,0,12,0,12,0,12
1600000US5359880,5359880,"Rosedale CDP, Washington",41,60,0,12,13,20,28,41,0,12
1600000US5360055,5360055,"Roslyn city, Washington",0,12,0,12,0,12,0,12,0,12
1600000US5360160,5360160,"Roy city, Washington",0,12,0,12,0,12,0,12,0,12
1600000US5360230,5360230,"Royal City city, Washington",0,12,0,12,0,12,0,12,0,12
1600000US5360510,5360510,"Ruston town, Washington",2,4,0,12,2,4,0,12,0,12
1600000US5360580,5360580,"Ryderwood CDP, Washington",0,12,0,12,0,12,0,12,0,12
1600000US5360860,5360860,"St. John town, Washington",0,12,0,12,0,12,0,12,0,12
1600000US5361000,5361000,"Salmon Creek CDP, Washington",101,90,26,48,75,72,0,22,0,22
1600000US5361115,5361115,"Sammamish city, Washington",76,81,22,31,45,42,9,13,0,28
1600000US5361235,5361235,"Santiago CDP, Washington",8,9,0,12,8,9,0,12,0,12
1600000US5361350,5361350,"Satsop CDP, Washington",0,12,0,12,0,12,0,12,0,12
1600000US5362120,5362120,"Seabeck CDP, Washington",0,12,0,12,0,12,0,12,0,12
1600000US5362288,5362288,"SeaTac city, Washington",706,552,262,259,94,71,200,217,150,147
1600000US5363000,5363000,"Seattle city, Washington",2675,597,686,250,892,395,714,263,383,224
1600000US5363210,5363210,"Sedro-Woolley city, Washington",134,92,7,11,104,97,0,19,23,33
1600000US5363245,5363245,"Sekiu CDP, Washington",0,12,0,12,0,12,0,12,0,12
1600000US5363280,5363280,"Selah city, Washington",0,17,0,17,0,17,0,17,0,17
1600000US5363385,5363385,"Sequim city, Washington",0,17,0,17,0,17,0,17,0,17
1600000US5363545,5363545,"Shadow Lake CDP, Washington",30,36,30,36,0,12,0,12,0,12
1600000US5363735,5363735,"Shelton city, Washington",6,10,0,17,6,10,0,17,0,17
1600000US5363960,5363960,"Shoreline city, Washington",123,87,10,19,56,53,18,28,39,49
1600000US5364190,5364190,"Silvana CDP, Washington",0,12,0,12,0,12,0,12,0,12
1600000US5364365,5364365,"Silverdale CDP, Washington",91,63,14,14,60,55,17,22,0,22
1600000US5364380,5364380,"Silver Firs CDP, Washington",83,91,67,89,16,29,0,22,0,22
1600000US5364610,5364610,"Sisco Heights CDP, Washington",16,25,0,12,16,25,0,12,0,12
1600000US5364755,5364755,"Skamokawa Valley CDP, Washington",0,12,0,12,0,12,0,12,0,12
1600000US5364775,5364775,"Skokomish CDP, Washington",16,20,13,17,3,4,0,12,0,12
1600000US5364855,5364855,"Skykomish town, Washington",0,12,0,12,0,12,0,12,0,12
1600000US5365170,5365170,"Snohomish city, Washington",0,17,0,17,0,17,0,17,0,17
1600000US5365205,5365205,"Snoqualmie city, Washington",0,19,0,19,0,19,0,19,0,19
1600000US5365275,5365275,"Snoqualmie Pass CDP, Washington",0,12,0,12,0,12,0,12,0,12
1600000US5365345,5365345,"Soap Lake city, Washington",13,20,13,20,0,12,0,12,0,12
1600000US5365625,5365625,"South Bend city, Washington",0,12,0,12,0,12,0,12,0,12
1600000US5365765,5365765,"South Cle Elum town, Washington",0,12,0,12,0,12,0,12,0,12
1600000US5365810,5365810,"South Creek CDP, Washington",0,12,0,12,0,12,0,12,0,12
1600000US5365922,5365922,"South Hill CDP, Washington",654,288,195,190,212,113,117,93,130,107
1600000US5366045,5366045,"South Prairie town, Washington",0,12,0,12,0,12,0,12,0,12
1600000US5366185,5366185,"South Wenatchee CDP, Washington",0,12,0,12,0,12,0,12,0,12
1600000US5366220,5366220,"Southworth CDP, Washington",0,12,0,12,0,12,0,12,0,12
1600000US5366255,5366255,"Spanaway CDP, Washington",1949,673,495,276,312,193,1120,441,22,31
1600000US5366290,5366290,"Spangle city, Washington",0,12,0,12,0,12,0,12,0,12
1600000US5367000,5367000,"Spokane city, Washington",1687,325,453,159,294,97,214,137,726,221
1600000US5367167,5367167,"Spokane Valley city, Washington",401,212,69,54,143,125,148,105,41,61
1600000US5367175,5367175,"Sprague city, Washington",0,12,0,12,0,12,0,12,0,12
1600000US5367210,5367210,"Springdale town, Washington",0,12,0,12,0,12,0,12,0,12
1600000US5367435,5367435,"Stansberry Lake CDP, Washington",0,12,0,12,0,12,0,12,0,12
1600000US5367455,5367455,"Stanwood city, Washington",0,17,0,17,0,17,0,17,0,17
1600000US5367490,5367490,"Starbuck town, Washington",0,12,0,12,0,12,0,12,0,12
1600000US5367595,5367595,"Startup CDP, Washington",0,12,0,12,0,12,0,12,0,12
1600000US5367770,5367770,"Steilacoom town, Washington",23,27,0,17,11,18,12,20,0,17
1600000US5367805,5367805,"Steptoe CDP, Washington",0,12,0,12,0,12,0,12,0,12
1600000US5367875,5367875,"Stevenson city, Washington",0,12,0,12,0,12,0,12,0,12
1600000US5368200,5368200,"Sudden Valley CDP, Washington",81,96,81,96,0,17,0,17,0,17
1600000US5368260,5368260,"Sultan city, Washington",45,77,0,12,0,12,34,58,11,19
1600000US5368330,5368330,"Sumas city, Washington",0,12,0,12,0,12,0,12,0,12
1600000US5368365,5368365,"Summit CDP, Washington",16,23,0,17,16,23,0,17,0,17
1600000US5368410,5368410,"Summit View CDP, Washington",143,80,114,77,10,15,19,6,0,17
1600000US5368417,5368417,"Summitview CDP, Washington",0,12,0,12,0,12,0,12,0,12
1600000US5368435,5368435,"Sumner city, Washington",10,16,10,16,0,17,0,17,0,17
1600000US5368480,5368480,"Sunday Lake CDP, Washington",0,12,0,12,0,12,0,12,0,12
1600000US5368750,5368750,"Sunnyside city, Washington",0,19,0,19,0,19,0,19,0,19
1600000US5368785,5368785,"Sunnyslope CDP, Washington",0,12,0,12,0,12,0,12,0,12
1600000US5369170,5369170,"Suquamish CDP, Washington",10,11,0,12,5,7,5,6,0,12
1600000US5369280,5369280,"Swede Heaven CDP, Washington",0,12,0,12,0,12,0,12,0,12
1600000US5370000,5370000,"Tacoma city, Washington",2655,515,595,231,546,196,1272,315,242,108
1600000US5370175,5370175,"Taholah CDP, Washington",9,10,0,12,8,10,1,3,0,12
1600000US5370245,5370245,"Tampico CDP, Washington",0,12,0,12,0,12,0,12,0,12
1600000US5370280,5370280,"Tanglewilde CDP, Washington",0,17,0,17,0,17,0,17,0,17
1600000US5370315,5370315,"Tanner CDP, Washington",0,12,0,12,0,12,0,12,0,12
1600000US5370560,5370560,"Tekoa city, Washington",0,12,0,12,0,12,0,12,0,12
1600000US5370630,5370630,"Tenino city, Washington",0,12,0,12,0,12,0,12,0,12
1600000US5370805,5370805,"Terrace Heights CDP, Washington",0,17,0,17,0,17,0,17,0,17
1600000US5371225,5371225,"Thorp CDP, Washington",0,12,0,12,0,12,0,12,0,12
1600000US5371330,5371330,"Three Lakes CDP, Washington",0,12,0,12,0,12,0,12,0,12
1600000US5371400,5371400,"Tieton city, Washington",0,12,0,12,0,12,0,12,0,12
1600000US5371680,5371680,"Tokeland CDP, Washington",0,12,0,12,0,12,0,12,0,12
1600000US5371785,5371785,"Toledo city, Washington",0,12,0,12,0,12,0,12,0,12
1600000US5371890,5371890,"Tonasket city, Washington",4,7,0,12,4,7,0,12,0,12
1600000US5371960,5371960,"Toppenish city, Washington",9,13,0,17,0,17,0,17,9,13
1600000US5371995,5371995,"Torboy CDP, Washington",0,12,0,12,0,12,0,12,0,12
1600000US5372030,5372030,"Touchet CDP, Washington",0,12,0,12,0,12,0,12,0,12
1600000US5372170,5372170,"Town and Country CDP, Washington",0,17,0,17,0,17,0,17,0,17
1600000US5372205,5372205,"Tracyton CDP, Washington",368,225,42,39,0,17,204,102,122,190
1600000US5372450,5372450,"Trout Lake CDP, Washington",0,12,0,12,0,12,0,12,0,12
1600000US5372625,5372625,"Tukwila city, Washington",427,264,148,92,128,64,89,128,62,67
1600000US5372905,5372905,"Tumwater city, Washington",119,87,0,22,55,67,23,38,41,49
1600000US5373065,5373065,"Twin Lakes CDP, Washington",14,18,0,12,0,12,14,18,0,12
1600000US5373080,5373080,"Twisp town, Washington",0,12,0,12,0,12,0,12,0,12
1600000US5373255,5373255,"Union CDP, Washington",0,12,0,12,0,12,0,12,0,12
1600000US5373290,5373290,"Union Gap city, Washington",0,17,0,17,0,17,0,17,0,17
1600000US5373307,5373307,"Union Hill-Novelty Hill CDP, Washington",0,22,0,22,0,22,0,22,0,22
1600000US5373360,5373360,"Uniontown town, Washington",0,12,0,12,0,12,0,12,0,12
1600000US5373465,5373465,"University Place city, Washington",86,112,68,106,18,30,0,25,0,25
1600000US5373580,5373580,"Upper Elochoman CDP, Washington",0,12,0,12,0,12,0,12,0,12
1600000US5373780,5373780,"Vader city, Washington",0,12,0,12,0,12,0,12,0,12
1600000US5373885,5373885,"Valley CDP, Washington",0,12,0,12,0,12,0,12,0,12
1600000US5374060,5374060,"Vancouver city, Washington",2393,325,224,104,776,225,557,240,836,288
1600000US5374200,5374200,"Vantage CDP, Washington",0,12,0,12,0,12,0,12,0,12
1600000US5374305,5374305,"Vashon CDP, Washington",0,17,0,17,0,17,0,17,0,17
1600000US5374445,5374445,"Vaughn CDP, Washington",0,12,0,12,0,12,0,12,0,12
1600000US5374585,5374585,"Venersborg CDP, Washington",5,12,0,12,5,12,0,12,0,12
1600000US5374760,5374760,"Verlot CDP, Washington",0,12,0,12,0,12,0,12,0,12
1600000US5375565,5375565,"Waitsburg city, Washington",0,12,0,12,0,12,0,12,0,12
1600000US5375775,5375775,"Walla Walla city, Washington",19,28,0,25,5,10,0,25,14,23
1600000US5375810,5375810,"Walla Walla East CDP, Washington",0,12,0,12,0,12,0,12,0,12
1600000US5375905,5375905,"Waller CDP, Washington",16,26,0,17,0,17,16,26,0,17
1600000US5375985,5375985,"Wallula CDP, Washington",0,12,0,12,0,12,0,12,0,12
1600000US5376055,5376055,"Walnut Grove CDP, Washington",40,86,13,30,17,36,10,22,0,17
1600000US5376125,5376125,"Wapato city, Washington",0,17,0,17,0,17,0,17,0,17
1600000US5376160,5376160,"Warden city, Washington",0,12,0,12,0,12,0,12,0,12
1600000US5376195,5376195,"Warm Beach CDP, Washington",0,12,0,12,0,12,0,12,0,12
1600000US5376405,5376405,"Washougal city, Washington",11,19,0,19,11,19,0,19,0,19
1600000US5376440,5376440,"Washtucna town, Washington",0,12,0,12,0,12,0,12,0,12
1600000US5376510,5376510,"Waterville town, Washington",0,12,0,12,0,12,0,12,0,12
1600000US5376615,5376615,"Wauna CDP, Washington",38,52,0,12,38,52,0,12,0,12
1600000US5376720,5376720,"Waverly town, Washington",0,12,0,12,0,12,0,12,0,12
1600000US5377105,5377105,"Wenatchee city, Washington",40,23,0,25,8,18,32,20,0,25
1600000US5377297,5377297,"West Clarkston-Highland CDP, Washington",0,17,0,17,0,17,0,17,0,17
1600000US5377612,5377612,"West Pasco CDP, Washington",0,12,0,12,0,12,0,12,0,12
1600000US5377630,5377630,"Westport city, Washington",0,12,0,12,0,12,0,12,0,12
1600000US5377665,5377665,"West Richland city, Washington",9,10,0,19,4,7,5,7,0,19
1600000US5377745,5377745,"West Side Highway CDP, Washington",0,17,0,17,0,17,0,17,0,17
1600000US5378155,5378155,"Whidbey Island Station CDP, Washington",0,12,0,12,0,12,0,12,0,12
1600000US5378225,5378225,"White Center CDP, Washington",857,526,281,255,243,214,241,204,92,139
1600000US5378330,5378330,"White Salmon city, Washington",0,12,0,12,0,12,0,12,0,12
1600000US5378365,5378365,"White Swan CDP, Washington",0,12,0,12,0,12,0,12,0,12
1600000US5378680,5378680,"Wilbur town, Washington",10,13,0,12,10,13,0,12,0,12
1600000US5378780,5378780,"Wilderness Rim CDP, Washington",0,12,0,12,0,12,0,12,0,12
1600000US5378925,5378925,"Wilkeson town, Washington",0,12,0,12,0,12,0,12,0,12
1600000US5378995,5378995,"Willapa CDP, Washington",0,12,0,12,0,12,0,12,0,12
1600000US5379135,5379135,"Wilson Creek town, Washington",0,12,0,12,0,12,0,12,0,12
1600000US5379275,5379275,"Winlock city, Washington",0,12,0,12,0,12,0,12,0,12
1600000US5379380,5379380,"Winthrop town, Washington",0,12,0,12,0,12,0,12,0,12
1600000US5379485,5379485,"Wishram CDP, Washington",0,12,0,12,0,12,0,12,0,12
1600000US5379555,5379555,"Wollochet CDP, Washington",0,17,0,17,0,17,0,17,0,17
1600000US5379590,5379590,"Woodinville city, Washington",29,50,0,19,29,50,0,19,0,19
1600000US5379625,5379625,"Woodland city, Washington",0,17,0,17,0,17,0,17,0,17
1600000US5379825,5379825,"Woods Creek CDP, Washington",0,17,0,17,0,17,0,17,0,17
1600000US5379835,5379835,"Woodway city, Washington",0,12,0,12,0,12,0,12,0,12
1600000US5379975,5379975,"Yacolt town, Washington",0,12,0,12,0,12,0,12,0,12
1600000US5380010,5380010,"Yakima city, Washington",47,51,25,40,4,8,18,25,0,28
1600000US5380150,5380150,"Yarrow Point town, Washington",0,12,0,12,0,12,0,12,0,12
1600000US5380220,5380220,"Yelm city, Washington",52,53,0,17,52,53,0,17,0,17
1600000US5380500,5380500,"Zillah city, Washington",0,12,0,12,0,12,0,12,0,12
