GEO.id,GEO.id2,GEO.display-label,HD01_VD01,HD02_VD01,HD01_VD02,HD02_VD02,HD01_VD03,HD02_VD03,HD01_VD04,HD02_VD04,HD01_VD05,HD02_VD05
Id,Id2,Geography,Estimate; Total:,Margin of Error; Total:,Estimate; Total: - Born in state of residence,Margin of Error; Total: - Born in state of residence,Estimate; Total: - Born in other state in the United States,Margin of Error; Total: - Born in other state in the United States,Estimate; Total: - Native; born outside the United States,Margin of Error; Total: - Native; born outside the United States,Estimate; Total: - Foreign born,Margin of Error; Total: - Foreign born
0500000US53033,53033,"King County, Washington",200545,*****,68282,1621,49742,1785,4488,567,78033,2101
1400000US53033000100,53033000100,"Census Tract 1, King County, Washington",917,374,407,299,168,162,9,22,333,149
1400000US53033000200,53033000200,"Census Tract 2, King County, Washington",605,321,295,256,97,84,0,17,213,197
1400000US53033000300,53033000300,"Census Tract 3, King County, Washington",145,76,15,25,102,71,13,20,15,23
1400000US53033000401,53033000401,"Census Tract 4.01, King County, Washington",532,184,93,83,157,114,16,27,266,166
1400000US53033000402,53033000402,"Census Tract 4.02, King County, Washington",314,186,16,26,84,71,0,17,214,139
1400000US53033000500,53033000500,"Census Tract 5, King County, Washington",103,77,18,29,62,38,0,12,23,26
1400000US53033000600,53033000600,"Census Tract 6, King County, Washington",840,333,216,158,222,125,72,36,330,206
1400000US53033000700,53033000700,"Census Tract 7, King County, Washington",452,265,88,86,157,110,0,12,207,159
1400000US53033000800,53033000800,"Census Tract 8, King County, Washington",1,3,1,3,0,12,0,12,0,12
1400000US53033000900,53033000900,"Census Tract 9, King County, Washington",72,44,26,27,25,20,4,6,17,14
1400000US53033001000,53033001000,"Census Tract 10, King County, Washington",79,55,37,31,29,21,0,12,13,19
1400000US53033001100,53033001100,"Census Tract 11, King County, Washington",200,114,47,49,82,60,0,12,71,80
1400000US53033001200,53033001200,"Census Tract 12, King County, Washington",703,364,291,208,252,124,0,17,160,131
1400000US53033001300,53033001300,"Census Tract 13, King County, Washington",512,97,110,65,236,91,26,47,140,51
1400000US53033001400,53033001400,"Census Tract 14, King County, Washington",164,90,58,56,47,45,32,36,27,32
1400000US53033001500,53033001500,"Census Tract 15, King County, Washington",50,36,15,23,35,29,0,12,0,12
1400000US53033001600,53033001600,"Census Tract 16, King County, Washington",134,86,42,40,73,66,0,12,19,21
1400000US53033001701,53033001701,"Census Tract 17.01, King County, Washington",234,110,88,56,103,59,0,12,43,56
1400000US53033001702,53033001702,"Census Tract 17.02, King County, Washington",298,195,23,35,124,112,0,12,151,133
1400000US53033001800,53033001800,"Census Tract 18, King County, Washington",469,439,0,17,370,358,66,86,33,35
1400000US53033001900,53033001900,"Census Tract 19, King County, Washington",202,132,78,64,64,60,0,12,60,54
1400000US53033002000,53033002000,"Census Tract 20, King County, Washington",115,74,40,39,75,58,0,12,0,12
1400000US53033002100,53033002100,"Census Tract 21, King County, Washington",206,86,49,35,77,51,0,12,80,61
1400000US53033002200,53033002200,"Census Tract 22, King County, Washington",240,140,104,86,42,57,0,17,94,78
1400000US53033002400,53033002400,"Census Tract 24, King County, Washington",82,81,40,49,10,15,0,12,32,38
1400000US53033002500,53033002500,"Census Tract 25, King County, Washington",106,72,25,27,46,37,20,22,15,18
1400000US53033002600,53033002600,"Census Tract 26, King County, Washington",240,148,114,109,78,53,0,17,48,40
1400000US53033002700,53033002700,"Census Tract 27, King County, Washington",323,223,92,119,113,106,0,17,118,149
1400000US53033002800,53033002800,"Census Tract 28, King County, Washington",196,108,54,58,112,76,30,39,0,12
1400000US53033002900,53033002900,"Census Tract 29, King County, Washington",211,111,126,83,63,48,0,12,22,25
1400000US53033003000,53033003000,"Census Tract 30, King County, Washington",446,248,113,93,65,54,39,45,229,216
1400000US53033003100,53033003100,"Census Tract 31, King County, Washington",350,262,148,163,175,113,16,27,11,19
1400000US53033003200,53033003200,"Census Tract 32, King County, Washington",770,441,162,134,325,311,47,80,236,153
1400000US53033003300,53033003300,"Census Tract 33, King County, Washington",329,150,103,67,79,65,24,39,123,94
1400000US53033003400,53033003400,"Census Tract 34, King County, Washington",82,49,18,27,55,38,0,12,9,14
1400000US53033003500,53033003500,"Census Tract 35, King County, Washington",104,65,15,18,79,55,0,12,10,17
1400000US53033003600,53033003600,"Census Tract 36, King County, Washington",266,136,75,62,67,48,35,30,89,91
1400000US53033003800,53033003800,"Census Tract 38, King County, Washington",45,35,14,18,6,8,6,9,19,20
1400000US53033003900,53033003900,"Census Tract 39, King County, Washington",159,109,38,47,10,15,13,21,98,65
1400000US53033004000,53033004000,"Census Tract 40, King County, Washington",87,58,48,47,31,29,8,13,0,12
1400000US53033004100,53033004100,"Census Tract 41, King County, Washington",117,89,35,38,32,33,0,17,50,53
1400000US53033004200,53033004200,"Census Tract 42, King County, Washington",460,209,159,100,196,121,36,45,69,71
1400000US53033004301,53033004301,"Census Tract 43.01, King County, Washington",148,90,58,70,38,25,11,17,41,47
1400000US53033004302,53033004302,"Census Tract 43.02, King County, Washington",110,53,43,35,43,28,0,12,24,27
1400000US53033004400,53033004400,"Census Tract 44, King County, Washington",562,256,222,189,190,114,16,24,134,98
1400000US53033004500,53033004500,"Census Tract 45, King County, Washington",91,64,65,49,21,23,0,12,5,10
1400000US53033004600,53033004600,"Census Tract 46, King County, Washington",89,62,15,25,59,54,6,11,9,15
1400000US53033004700,53033004700,"Census Tract 47, King County, Washington",319,128,153,141,95,93,26,41,45,77
1400000US53033004800,53033004800,"Census Tract 48, King County, Washington",121,101,0,17,84,97,0,17,37,41
1400000US53033004900,53033004900,"Census Tract 49, King County, Washington",227,105,108,66,79,59,20,34,20,31
1400000US53033005000,53033005000,"Census Tract 50, King County, Washington",221,175,32,38,111,96,0,12,78,83
1400000US53033005100,53033005100,"Census Tract 51, King County, Washington",222,151,57,74,47,44,13,21,105,121
1400000US53033005200,53033005200,"Census Tract 52, King County, Washington",241,135,73,53,99,82,52,84,17,27
1400000US53033005301,53033005301,"Census Tract 53.01, King County, Washington",313,107,146,71,112,62,25,28,30,31
1400000US53033005302,53033005302,"Census Tract 53.02, King County, Washington",371,139,160,77,128,70,58,105,25,31
1400000US53033005400,53033005400,"Census Tract 54, King County, Washington",132,92,14,23,103,85,0,17,15,25
1400000US53033005600,53033005600,"Census Tract 56, King County, Washington",278,144,128,89,95,65,0,17,55,52
1400000US53033005700,53033005700,"Census Tract 57, King County, Washington",382,181,153,101,157,97,0,17,72,59
1400000US53033005801,53033005801,"Census Tract 58.01, King County, Washington",461,190,193,130,194,111,0,17,74,61
1400000US53033005802,53033005802,"Census Tract 58.02, King County, Washington",222,153,35,40,90,71,0,17,97,92
1400000US53033005900,53033005900,"Census Tract 59, King County, Washington",255,116,89,68,118,80,0,17,48,47
1400000US53033006000,53033006000,"Census Tract 60, King County, Washington",212,99,14,23,105,73,6,12,87,83
1400000US53033006100,53033006100,"Census Tract 61, King County, Washington",103,83,20,33,66,81,0,17,17,27
1400000US53033006200,53033006200,"Census Tract 62, King County, Washington",243,129,122,80,77,47,8,13,36,32
1400000US53033006300,53033006300,"Census Tract 63, King County, Washington",70,81,38,53,14,23,0,17,18,29
1400000US53033006400,53033006400,"Census Tract 64, King County, Washington",156,94,38,35,77,45,19,21,22,30
1400000US53033006500,53033006500,"Census Tract 65, King County, Washington",219,106,66,62,112,81,0,12,41,47
1400000US53033006600,53033006600,"Census Tract 66, King County, Washington",240,147,29,39,198,140,0,12,13,18
1400000US53033006700,53033006700,"Census Tract 67, King County, Washington",251,153,0,17,111,75,0,17,140,136
1400000US53033006800,53033006800,"Census Tract 68, King County, Washington",108,54,7,11,69,36,0,12,32,35
1400000US53033006900,53033006900,"Census Tract 69, King County, Washington",114,99,12,21,102,83,0,12,0,12
1400000US53033007000,53033007000,"Census Tract 70, King County, Washington",227,163,25,41,202,155,0,17,0,17
1400000US53033007100,53033007100,"Census Tract 71, King County, Washington",544,287,14,25,163,90,16,27,351,258
1400000US53033007200,53033007200,"Census Tract 72, King County, Washington",642,272,78,114,335,197,138,154,91,88
1400000US53033007300,53033007300,"Census Tract 73, King County, Washington",702,232,66,84,321,139,10,18,305,153
1400000US53033007401,53033007401,"Census Tract 74.01, King County, Washington",359,140,107,67,185,99,15,25,52,59
1400000US53033007402,53033007402,"Census Tract 74.02, King County, Washington",227,132,16,26,118,79,0,17,93,99
1400000US53033007500,53033007500,"Census Tract 75, King County, Washington",535,215,80,76,293,134,0,17,162,134
1400000US53033007600,53033007600,"Census Tract 76, King County, Washington",342,199,65,68,221,94,0,12,56,63
1400000US53033007700,53033007700,"Census Tract 77, King County, Washington",196,94,39,46,99,66,16,26,42,43
1400000US53033007800,53033007800,"Census Tract 78, King County, Washington",273,226,129,119,47,48,0,17,97,109
1400000US53033007900,53033007900,"Census Tract 79, King County, Washington",327,139,55,53,158,79,15,25,99,75
1400000US53033008001,53033008001,"Census Tract 80.01, King County, Washington",337,173,0,17,251,152,24,40,62,68
1400000US53033008002,53033008002,"Census Tract 80.02, King County, Washington",262,115,34,31,171,92,25,42,32,39
1400000US53033008100,53033008100,"Census Tract 81, King County, Washington",306,133,12,25,162,109,21,32,111,76
1400000US53033008200,53033008200,"Census Tract 82, King County, Washington",279,281,45,76,30,35,0,12,204,250
1400000US53033008300,53033008300,"Census Tract 83, King County, Washington",230,81,28,30,114,53,0,12,88,52
1400000US53033008400,53033008400,"Census Tract 84, King County, Washington",157,108,0,12,82,76,0,12,75,65
1400000US53033008500,53033008500,"Census Tract 85, King County, Washington",351,136,122,97,148,80,22,22,59,53
1400000US53033008600,53033008600,"Census Tract 86, King County, Washington",568,236,43,39,333,119,4,7,188,224
1400000US53033008700,53033008700,"Census Tract 87, King County, Washington",536,313,65,54,130,75,27,34,314,304
1400000US53033008800,53033008800,"Census Tract 88, King County, Washington",374,230,100,96,165,89,28,41,81,89
1400000US53033008900,53033008900,"Census Tract 89, King County, Washington",293,171,113,118,116,98,34,39,30,42
1400000US53033009000,53033009000,"Census Tract 90, King County, Washington",142,84,43,57,52,49,0,12,47,43
1400000US53033009100,53033009100,"Census Tract 91, King County, Washington",99,95,29,46,32,31,0,12,38,46
1400000US53033009200,53033009200,"Census Tract 92, King County, Washington",235,105,20,22,130,83,0,12,85,62
1400000US53033009300,53033009300,"Census Tract 93, King County, Washington",170,91,23,20,73,46,5,9,69,64
1400000US53033009400,53033009400,"Census Tract 94, King County, Washington",1407,579,385,175,139,113,0,17,883,437
1400000US53033009500,53033009500,"Census Tract 95, King County, Washington",245,109,43,66,113,76,0,17,89,68
1400000US53033009600,53033009600,"Census Tract 96, King County, Washington",286,168,93,95,116,120,14,24,63,79
1400000US53033009701,53033009701,"Census Tract 97.01, King County, Washington",525,246,199,146,223,185,20,32,83,62
1400000US53033009702,53033009702,"Census Tract 97.02, King County, Washington",249,170,117,124,98,91,0,17,34,42
1400000US53033009800,53033009800,"Census Tract 98, King County, Washington",355,254,172,160,165,132,0,17,18,30
1400000US53033009900,53033009900,"Census Tract 99, King County, Washington",486,226,185,112,173,137,49,76,79,61
1400000US53033010001,53033010001,"Census Tract 100.01, King County, Washington",232,226,93,92,86,94,0,12,53,59
1400000US53033010002,53033010002,"Census Tract 100.02, King County, Washington",921,302,304,155,115,80,29,48,473,238
1400000US53033010100,53033010100,"Census Tract 101, King County, Washington",603,283,269,218,151,95,37,61,146,116
1400000US53033010200,53033010200,"Census Tract 102, King County, Washington",150,84,34,29,45,36,32,37,39,28
1400000US53033010300,53033010300,"Census Tract 103, King County, Washington",330,144,98,66,57,38,14,24,161,131
1400000US53033010401,53033010401,"Census Tract 104.01, King County, Washington",297,202,127,108,64,46,0,12,106,117
1400000US53033010402,53033010402,"Census Tract 104.02, King County, Washington",508,454,105,92,86,70,0,12,317,421
1400000US53033010500,53033010500,"Census Tract 105, King County, Washington",277,147,179,121,71,66,0,17,27,32
1400000US53033010600,53033010600,"Census Tract 106, King County, Washington",606,217,228,104,274,118,17,28,87,109
1400000US53033010701,53033010701,"Census Tract 107.01, King County, Washington",252,96,105,79,85,51,0,12,62,55
1400000US53033010702,53033010702,"Census Tract 107.02, King County, Washington",411,276,37,47,130,113,0,12,244,205
1400000US53033010800,53033010800,"Census Tract 108, King County, Washington",486,151,210,138,215,108,0,12,61,54
1400000US53033010900,53033010900,"Census Tract 109, King County, Washington",105,74,55,46,50,40,0,12,0,12
1400000US53033011001,53033011001,"Census Tract 110.01, King County, Washington",338,234,140,121,7,13,0,12,191,149
1400000US53033011002,53033011002,"Census Tract 110.02, King County, Washington",88,54,20,32,55,31,13,19,0,12
1400000US53033011101,53033011101,"Census Tract 111.01, King County, Washington",297,160,179,113,64,48,0,17,54,54
1400000US53033011102,53033011102,"Census Tract 111.02, King County, Washington",713,364,148,87,134,141,0,12,431,248
1400000US53033011200,53033011200,"Census Tract 112, King County, Washington",1285,365,480,336,508,266,27,33,270,146
1400000US53033011300,53033011300,"Census Tract 113, King County, Washington",911,380,345,229,85,68,0,17,481,268
1400000US53033011401,53033011401,"Census Tract 114.01, King County, Washington",795,349,283,125,100,67,36,43,376,194
1400000US53033011402,53033011402,"Census Tract 114.02, King County, Washington",927,268,311,120,135,75,9,13,472,195
1400000US53033011500,53033011500,"Census Tract 115, King County, Washington",177,116,23,28,42,36,0,12,112,99
1400000US53033011600,53033011600,"Census Tract 116, King County, Washington",321,170,119,96,149,86,0,17,53,53
1400000US53033011700,53033011700,"Census Tract 117, King County, Washington",528,246,255,115,105,95,0,17,168,141
1400000US53033011800,53033011800,"Census Tract 118, King County, Washington",1247,565,452,266,99,56,0,17,696,468
1400000US53033011900,53033011900,"Census Tract 119, King County, Washington",550,136,326,129,74,55,34,41,116,132
1400000US53033012000,53033012000,"Census Tract 120, King County, Washington",199,108,29,32,147,102,0,12,23,26
1400000US53033012100,53033012100,"Census Tract 121, King County, Washington",244,135,100,67,108,89,15,20,21,23
1400000US53033020100,53033020100,"Census Tract 201, King County, Washington",72,53,0,12,26,26,10,16,36,42
1400000US53033020200,53033020200,"Census Tract 202, King County, Washington",354,142,113,80,135,85,0,17,106,71
1400000US53033020300,53033020300,"Census Tract 203, King County, Washington",993,451,189,80,377,227,24,37,403,310
1400000US53033020401,53033020401,"Census Tract 204.01, King County, Washington",149,111,73,65,24,27,12,18,40,43
1400000US53033020402,53033020402,"Census Tract 204.02, King County, Washington",596,453,189,165,88,94,20,30,299,306
1400000US53033020500,53033020500,"Census Tract 205, King County, Washington",1016,509,328,196,150,105,0,17,538,288
1400000US53033020600,53033020600,"Census Tract 206, King County, Washington",149,88,82,54,37,32,0,12,30,23
1400000US53033020700,53033020700,"Census Tract 207, King County, Washington",791,326,207,109,161,143,41,66,382,177
1400000US53033020800,53033020800,"Census Tract 208, King County, Washington",132,77,49,44,58,39,7,11,18,16
1400000US53033020900,53033020900,"Census Tract 209, King County, Washington",182,131,28,28,31,35,0,12,123,131
1400000US53033021000,53033021000,"Census Tract 210, King County, Washington",561,299,313,255,42,38,10,16,196,97
1400000US53033021100,53033021100,"Census Tract 211, King County, Washington",451,326,24,23,192,217,0,12,235,223
1400000US53033021300,53033021300,"Census Tract 213, King County, Washington",338,273,92,81,187,199,0,12,59,71
1400000US53033021400,53033021400,"Census Tract 214, King County, Washington",114,80,87,72,9,16,0,12,18,20
1400000US53033021500,53033021500,"Census Tract 215, King County, Washington",122,64,33,28,33,28,1,3,55,39
1400000US53033021600,53033021600,"Census Tract 216, King County, Washington",349,159,112,75,154,72,0,17,83,64
1400000US53033021700,53033021700,"Census Tract 217, King County, Washington",991,294,534,190,111,82,16,25,330,147
1400000US53033021802,53033021802,"Census Tract 218.02, King County, Washington",486,178,175,99,39,47,0,17,272,94
1400000US53033021803,53033021803,"Census Tract 218.03, King County, Washington",366,172,57,42,129,61,20,24,160,107
1400000US53033021804,53033021804,"Census Tract 218.04, King County, Washington",699,316,270,146,86,65,10,14,333,227
1400000US53033021903,53033021903,"Census Tract 219.03, King County, Washington",443,211,245,167,151,99,0,17,47,47
1400000US53033021904,53033021904,"Census Tract 219.04, King County, Washington",329,153,81,57,24,25,33,41,191,82
1400000US53033021905,53033021905,"Census Tract 219.05, King County, Washington",1017,404,507,226,116,90,32,50,362,229
1400000US53033021906,53033021906,"Census Tract 219.06, King County, Washington",322,210,118,96,33,38,0,12,171,135
1400000US53033022001,53033022001,"Census Tract 220.01, King County, Washington",455,251,105,91,244,180,0,17,106,81
1400000US53033022003,53033022003,"Census Tract 220.03, King County, Washington",527,291,132,100,132,115,0,12,263,191
1400000US53033022005,53033022005,"Census Tract 220.05, King County, Washington",285,139,71,93,56,63,0,17,158,109
1400000US53033022006,53033022006,"Census Tract 220.06, King County, Washington",464,332,223,192,54,61,0,12,187,144
1400000US53033022101,53033022101,"Census Tract 221.01, King County, Washington",154,94,86,68,45,33,0,12,23,25
1400000US53033022102,53033022102,"Census Tract 221.02, King County, Washington",439,168,193,133,130,73,16,22,100,75
1400000US53033022201,53033022201,"Census Tract 222.01, King County, Washington",269,117,52,50,124,63,18,26,75,59
1400000US53033022202,53033022202,"Census Tract 222.02, King County, Washington",793,417,284,135,117,77,0,17,392,398
1400000US53033022203,53033022203,"Census Tract 222.03, King County, Washington",160,112,40,41,69,50,33,29,18,20
1400000US53033022300,53033022300,"Census Tract 223, King County, Washington",119,94,55,57,31,27,0,12,33,29
1400000US53033022400,53033022400,"Census Tract 224, King County, Washington",273,185,103,92,118,83,30,50,22,30
1400000US53033022500,53033022500,"Census Tract 225, King County, Washington",577,309,134,105,166,124,0,17,277,205
1400000US53033022603,53033022603,"Census Tract 226.03, King County, Washington",491,308,162,109,84,70,0,17,245,251
1400000US53033022604,53033022604,"Census Tract 226.04, King County, Washington",414,197,137,89,109,96,11,18,157,126
1400000US53033022605,53033022605,"Census Tract 226.05, King County, Washington",998,345,329,164,127,118,15,26,527,191
1400000US53033022606,53033022606,"Census Tract 226.06, King County, Washington",548,393,109,115,133,84,33,51,273,285
1400000US53033022701,53033022701,"Census Tract 227.01, King County, Washington",135,87,0,12,48,31,7,12,80,77
1400000US53033022702,53033022702,"Census Tract 227.02, King County, Washington",105,73,39,51,45,30,2,6,19,21
1400000US53033022703,53033022703,"Census Tract 227.03, King County, Washington",86,94,26,39,31,23,6,10,23,35
1400000US53033022801,53033022801,"Census Tract 228.01, King County, Washington",494,217,153,103,88,71,15,24,238,134
1400000US53033022802,53033022802,"Census Tract 228.02, King County, Washington",158,92,28,24,62,56,0,17,68,42
1400000US53033022803,53033022803,"Census Tract 228.03, King County, Washington",257,208,50,80,0,17,0,17,207,171
1400000US53033022901,53033022901,"Census Tract 229.01, King County, Washington",311,213,214,153,44,42,16,13,37,35
1400000US53033022902,53033022902,"Census Tract 229.02, King County, Washington",137,84,60,47,28,32,0,17,49,51
1400000US53033023000,53033023000,"Census Tract 230, King County, Washington",264,134,48,49,48,33,0,17,168,103
1400000US53033023100,53033023100,"Census Tract 231, King County, Washington",319,196,94,75,31,27,0,12,194,150
1400000US53033023201,53033023201,"Census Tract 232.01, King County, Washington",281,204,51,70,38,56,15,23,177,126
1400000US53033023202,53033023202,"Census Tract 232.02, King County, Washington",992,282,319,141,69,70,0,12,604,203
1400000US53033023300,53033023300,"Census Tract 233, King County, Washington",935,419,324,254,198,178,0,17,413,217
1400000US53033023401,53033023401,"Census Tract 234.01, King County, Washington",203,139,65,57,47,50,7,10,84,86
1400000US53033023403,53033023403,"Census Tract 234.03, King County, Washington",182,117,58,60,73,52,19,20,32,32
1400000US53033023404,53033023404,"Census Tract 234.04, King County, Washington",179,128,54,56,73,81,25,36,27,29
1400000US53033023500,53033023500,"Census Tract 235, King County, Washington",92,70,20,32,24,28,7,10,41,39
1400000US53033023601,53033023601,"Census Tract 236.01, King County, Washington",364,214,130,102,84,79,0,12,150,111
1400000US53033023603,53033023603,"Census Tract 236.03, King County, Washington",764,470,69,91,124,103,0,17,571,441
1400000US53033023604,53033023604,"Census Tract 236.04, King County, Washington",1315,560,270,194,267,87,0,17,778,457
1400000US53033023700,53033023700,"Census Tract 237, King County, Washington",193,127,82,81,26,41,6,11,79,50
1400000US53033023801,53033023801,"Census Tract 238.01, King County, Washington",186,101,123,91,57,37,0,12,6,10
1400000US53033023803,53033023803,"Census Tract 238.03, King County, Washington",247,154,71,95,37,46,0,17,139,112
1400000US53033023804,53033023804,"Census Tract 238.04, King County, Washington",164,84,1,4,110,77,0,17,53,46
1400000US53033023900,53033023900,"Census Tract 239, King County, Washington",447,388,17,26,9,15,70,83,351,317
1400000US53033024000,53033024000,"Census Tract 240, King County, Washington",352,198,117,88,54,48,0,17,181,152
1400000US53033024100,53033024100,"Census Tract 241, King County, Washington",81,36,11,12,30,19,0,12,40,23
1400000US53033024200,53033024200,"Census Tract 242, King County, Washington",96,66,28,21,28,24,13,19,27,32
1400000US53033024300,53033024300,"Census Tract 243, King County, Washington",142,85,0,17,37,32,18,29,87,61
1400000US53033024400,53033024400,"Census Tract 244, King County, Washington",248,131,8,13,99,70,14,23,127,107
1400000US53033024500,53033024500,"Census Tract 245, King County, Washington",218,143,101,86,28,25,0,12,89,91
1400000US53033024601,53033024601,"Census Tract 246.01, King County, Washington",59,56,34,48,11,15,0,12,14,22
1400000US53033024602,53033024602,"Census Tract 246.02, King County, Washington",65,57,9,15,22,25,25,38,9,13
1400000US53033024701,53033024701,"Census Tract 247.01, King County, Washington",184,126,37,43,115,85,16,24,16,28
1400000US53033024702,53033024702,"Census Tract 247.02, King County, Washington",301,188,116,76,112,118,0,17,73,83
1400000US53033024800,53033024800,"Census Tract 248, King County, Washington",736,242,274,164,73,66,44,67,345,136
1400000US53033024901,53033024901,"Census Tract 249.01, King County, Washington",75,61,26,24,23,27,0,17,26,29
1400000US53033024902,53033024902,"Census Tract 249.02, King County, Washington",301,131,131,82,94,68,10,17,66,73
1400000US53033024903,53033024903,"Census Tract 249.03, King County, Washington",73,95,41,64,14,24,0,17,18,29
1400000US53033025001,53033025001,"Census Tract 250.01, King County, Washington",202,107,76,52,42,33,0,17,84,65
1400000US53033025003,53033025003,"Census Tract 250.03, King County, Washington",470,217,247,125,140,102,0,17,83,75
1400000US53033025005,53033025005,"Census Tract 250.05, King County, Washington",238,122,55,54,58,40,26,30,99,69
1400000US53033025006,53033025006,"Census Tract 250.06, King County, Washington",497,423,70,68,158,172,0,17,269,249
1400000US53033025101,53033025101,"Census Tract 251.01, King County, Washington",1012,424,398,169,139,97,0,17,475,314
1400000US53033025102,53033025102,"Census Tract 251.02, King County, Washington",524,121,159,131,119,126,0,17,246,170
1400000US53033025200,53033025200,"Census Tract 252, King County, Washington",1231,387,244,124,273,115,0,17,714,345
1400000US53033025301,53033025301,"Census Tract 253.01, King County, Washington",724,311,258,200,93,69,53,58,320,197
1400000US53033025302,53033025302,"Census Tract 253.02, King County, Washington",722,448,185,178,120,111,0,17,417,254
1400000US53033025400,53033025400,"Census Tract 254, King County, Washington",1665,634,353,180,141,94,55,68,1116,485
1400000US53033025500,53033025500,"Census Tract 255, King County, Washington",1280,271,226,116,137,111,36,48,881,213
1400000US53033025601,53033025601,"Census Tract 256.01, King County, Washington",1116,427,367,143,129,95,0,17,620,308
1400000US53033025602,53033025602,"Census Tract 256.02, King County, Washington",477,200,227,152,86,60,0,17,164,85
1400000US53033025701,53033025701,"Census Tract 257.01, King County, Washington",632,360,290,194,162,120,3,10,177,153
1400000US53033025702,53033025702,"Census Tract 257.02, King County, Washington",80,52,4,18,33,25,9,15,34,30
1400000US53033025803,53033025803,"Census Tract 258.03, King County, Washington",1641,421,561,226,392,149,15,24,673,265
1400000US53033025804,53033025804,"Census Tract 258.04, King County, Washington",481,310,189,113,86,91,0,12,206,172
1400000US53033025805,53033025805,"Census Tract 258.05, King County, Washington",895,221,352,129,79,68,11,20,453,182
1400000US53033025806,53033025806,"Census Tract 258.06, King County, Washington",124,71,69,52,45,28,10,15,0,17
1400000US53033026001,53033026001,"Census Tract 260.01, King County, Washington",527,138,306,172,90,58,13,21,118,122
1400000US53033026002,53033026002,"Census Tract 260.02, King County, Washington",860,387,501,274,128,101,0,17,231,228
1400000US53033026100,53033026100,"Census Tract 261, King County, Washington",1171,734,297,219,156,157,65,101,653,615
1400000US53033026200,53033026200,"Census Tract 262, King County, Washington",792,393,205,116,254,230,67,97,266,227
1400000US53033026300,53033026300,"Census Tract 263, King County, Washington",149,85,108,65,4,8,0,12,37,52
1400000US53033026400,53033026400,"Census Tract 264, King County, Washington",1718,541,628,272,296,172,0,17,794,334
1400000US53033026500,53033026500,"Census Tract 265, King County, Washington",780,241,419,149,57,48,0,12,304,112
1400000US53033026600,53033026600,"Census Tract 266, King County, Washington",586,282,210,114,61,36,14,18,301,184
1400000US53033026700,53033026700,"Census Tract 267, King County, Washington",691,298,259,116,121,114,0,17,311,138
1400000US53033026801,53033026801,"Census Tract 268.01, King County, Washington",1816,645,466,249,285,161,0,17,1065,407
1400000US53033026802,53033026802,"Census Tract 268.02, King County, Washington",1380,366,450,200,300,148,0,17,630,231
1400000US53033027000,53033027000,"Census Tract 270, King County, Washington",741,195,204,98,183,117,10,16,344,179
1400000US53033027100,53033027100,"Census Tract 271, King County, Washington",1038,532,388,237,111,146,0,12,539,293
1400000US53033027200,53033027200,"Census Tract 272, King County, Washington",626,247,151,89,88,99,12,11,375,179
1400000US53033027300,53033027300,"Census Tract 273, King County, Washington",1325,335,354,170,240,103,7,13,724,227
1400000US53033027400,53033027400,"Census Tract 274, King County, Washington",1081,196,603,154,90,75,0,12,388,102
1400000US53033027500,53033027500,"Census Tract 275, King County, Washington",1174,387,385,207,161,140,61,62,567,269
1400000US53033027600,53033027600,"Census Tract 276, King County, Washington",1658,294,544,156,241,160,9,16,864,215
1400000US53033027701,53033027701,"Census Tract 277.01, King County, Washington",317,250,128,116,89,74,19,30,81,122
1400000US53033027702,53033027702,"Census Tract 277.02, King County, Washington",144,85,55,51,73,51,0,12,16,27
1400000US53033027800,53033027800,"Census Tract 278, King County, Washington",148,100,68,55,33,34,0,12,47,49
1400000US53033027900,53033027900,"Census Tract 279, King County, Washington",1585,633,790,369,264,187,0,17,531,298
1400000US53033028000,53033028000,"Census Tract 280, King County, Washington",1545,477,458,174,174,200,0,12,913,349
1400000US53033028100,53033028100,"Census Tract 281, King County, Washington",359,155,161,98,12,14,0,12,186,90
1400000US53033028200,53033028200,"Census Tract 282, King County, Washington",914,354,319,138,110,73,0,17,485,196
1400000US53033028300,53033028300,"Census Tract 283, King County, Washington",687,263,289,165,110,108,0,17,288,205
1400000US53033028402,53033028402,"Census Tract 284.02, King County, Washington",533,284,150,110,138,89,0,17,245,169
1400000US53033028403,53033028403,"Census Tract 284.03, King County, Washington",808,370,391,181,83,72,0,17,334,209
1400000US53033028500,53033028500,"Census Tract 285, King County, Washington",763,266,347,136,278,110,0,12,138,134
1400000US53033028600,53033028600,"Census Tract 286, King County, Washington",258,138,153,104,54,54,0,17,51,46
1400000US53033028700,53033028700,"Census Tract 287, King County, Washington",605,208,300,114,192,145,0,17,113,60
1400000US53033028801,53033028801,"Census Tract 288.01, King County, Washington",758,231,285,107,149,69,0,12,324,156
1400000US53033028802,53033028802,"Census Tract 288.02, King County, Washington",1337,452,467,218,176,189,0,17,694,310
1400000US53033028901,53033028901,"Census Tract 289.01, King County, Washington",270,176,46,35,20,23,0,12,204,159
1400000US53033028902,53033028902,"Census Tract 289.02, King County, Washington",2589,679,939,358,423,371,103,169,1124,381
1400000US53033029001,53033029001,"Census Tract 290.01, King County, Washington",509,289,200,112,78,66,0,12,231,156
1400000US53033029003,53033029003,"Census Tract 290.03, King County, Washington",1066,433,398,204,232,134,0,17,436,258
1400000US53033029004,53033029004,"Census Tract 290.04, King County, Washington",1619,337,590,218,219,106,27,40,783,264
1400000US53033029101,53033029101,"Census Tract 291.01, King County, Washington",185,120,94,90,55,47,0,12,36,41
1400000US53033029102,53033029102,"Census Tract 291.02, King County, Washington",720,192,211,105,297,180,0,12,212,93
1400000US53033029203,53033029203,"Census Tract 292.03, King County, Washington",1067,371,389,185,341,183,0,12,337,165
1400000US53033029204,53033029204,"Census Tract 292.04, King County, Washington",1345,704,457,281,340,188,10,16,538,509
1400000US53033029205,53033029205,"Census Tract 292.05, King County, Washington",1172,356,435,161,190,152,30,52,517,266
1400000US53033029206,53033029206,"Census Tract 292.06, King County, Washington",1445,332,513,149,323,163,35,44,574,189
1400000US53033029303,53033029303,"Census Tract 293.03, King County, Washington",537,276,253,286,222,107,21,30,41,41
1400000US53033029304,53033029304,"Census Tract 293.04, King County, Washington",621,258,291,156,41,59,69,72,220,122
1400000US53033029305,53033029305,"Census Tract 293.05, King County, Washington",485,339,73,76,153,126,0,12,259,182
1400000US53033029306,53033029306,"Census Tract 293.06, King County, Washington",184,125,39,41,81,59,8,14,56,49
1400000US53033029307,53033029307,"Census Tract 293.07, King County, Washington",122,146,37,58,42,55,12,19,31,31
1400000US53033029403,53033029403,"Census Tract 294.03, King County, Washington",735,235,289,148,152,120,0,17,294,179
1400000US53033029405,53033029405,"Census Tract 294.05, King County, Washington",418,144,201,90,113,98,0,17,104,74
1400000US53033029406,53033029406,"Census Tract 294.06, King County, Washington",316,90,148,50,70,54,10,17,88,52
1400000US53033029407,53033029407,"Census Tract 294.07, King County, Washington",687,268,241,86,126,93,10,18,310,145
1400000US53033029408,53033029408,"Census Tract 294.08, King County, Washington",1287,343,412,168,261,218,0,12,614,264
1400000US53033029502,53033029502,"Census Tract 295.02, King County, Washington",498,172,95,79,199,115,0,17,204,119
1400000US53033029503,53033029503,"Census Tract 295.03, King County, Washington",1666,563,490,291,317,206,56,61,803,346
1400000US53033029504,53033029504,"Census Tract 295.04, King County, Washington",1292,557,248,162,395,240,0,17,649,363
1400000US53033029601,53033029601,"Census Tract 296.01, King County, Washington",585,206,227,149,102,81,0,17,256,136
1400000US53033029602,53033029602,"Census Tract 296.02, King County, Washington",345,89,199,84,70,31,30,44,46,39
1400000US53033029700,53033029700,"Census Tract 297, King County, Washington",1142,624,399,335,232,176,56,79,455,304
1400000US53033029801,53033029801,"Census Tract 298.01, King County, Washington",1553,546,587,322,319,235,0,17,647,405
1400000US53033029802,53033029802,"Census Tract 298.02, King County, Washington",1853,872,865,579,391,235,0,17,597,326
1400000US53033029901,53033029901,"Census Tract 299.01, King County, Washington",348,134,160,113,63,60,10,16,115,38
1400000US53033029902,53033029902,"Census Tract 299.02, King County, Washington",154,109,17,26,92,61,0,12,45,50
1400000US53033030003,53033030003,"Census Tract 300.03, King County, Washington",1339,404,206,174,610,208,0,17,523,317
1400000US53033030004,53033030004,"Census Tract 300.04, King County, Washington",2548,996,920,514,658,484,0,17,970,478
1400000US53033030005,53033030005,"Census Tract 300.05, King County, Washington",2168,360,668,172,423,232,37,43,1040,233
1400000US53033030006,53033030006,"Census Tract 300.06, King County, Washington",1213,307,286,105,344,169,0,12,583,199
1400000US53033030100,53033030100,"Census Tract 301, King County, Washington",757,308,412,218,184,161,0,17,161,131
1400000US53033030201,53033030201,"Census Tract 302.01, King County, Washington",1215,535,448,218,222,160,0,17,545,259
1400000US53033030202,53033030202,"Census Tract 302.02, King County, Washington",650,273,270,134,152,94,31,38,197,131
1400000US53033030304,53033030304,"Census Tract 303.04, King County, Washington",711,355,312,216,64,51,0,12,335,244
1400000US53033030305,53033030305,"Census Tract 303.05, King County, Washington",528,198,239,96,62,62,33,46,194,163
1400000US53033030306,53033030306,"Census Tract 303.06, King County, Washington",732,201,438,166,113,69,29,35,152,93
1400000US53033030308,53033030308,"Census Tract 303.08, King County, Washington",1145,541,483,256,202,125,0,17,460,297
1400000US53033030309,53033030309,"Census Tract 303.09, King County, Washington",539,150,170,103,159,115,66,70,144,64
1400000US53033030310,53033030310,"Census Tract 303.10, King County, Washington",770,252,435,161,145,58,72,126,118,115
1400000US53033030311,53033030311,"Census Tract 303.11, King County, Washington",1598,314,565,190,364,231,12,19,657,237
1400000US53033030312,53033030312,"Census Tract 303.12, King County, Washington",676,162,470,173,70,48,0,17,136,48
1400000US53033030313,53033030313,"Census Tract 303.13, King County, Washington",829,428,292,179,158,87,0,12,379,254
1400000US53033030314,53033030314,"Census Tract 303.14, King County, Washington",656,213,302,90,34,35,0,12,320,164
1400000US53033030401,53033030401,"Census Tract 304.01, King County, Washington",1070,498,353,232,255,172,0,17,462,276
1400000US53033030403,53033030403,"Census Tract 304.03, King County, Washington",489,280,124,98,234,166,84,108,47,50
1400000US53033030404,53033030404,"Census Tract 304.04, King County, Washington",378,250,151,111,84,71,10,15,133,117
1400000US53033030501,53033030501,"Census Tract 305.01, King County, Washington",76,61,16,20,44,34,0,12,16,27
1400000US53033030503,53033030503,"Census Tract 305.03, King County, Washington",1216,525,329,169,474,450,0,17,413,207
1400000US53033030504,53033030504,"Census Tract 305.04, King County, Washington",593,230,255,200,130,82,0,12,208,119
1400000US53033030600,53033030600,"Census Tract 306, King County, Washington",1423,817,550,478,201,182,0,17,672,467
1400000US53033030700,53033030700,"Census Tract 307, King County, Washington",581,168,298,116,158,116,0,12,125,97
1400000US53033030801,53033030801,"Census Tract 308.01, King County, Washington",3111,654,1459,420,478,342,32,53,1142,309
1400000US53033030802,53033030802,"Census Tract 308.02, King County, Washington",800,319,216,130,154,115,0,12,430,214
1400000US53033030901,53033030901,"Census Tract 309.01, King County, Washington",696,241,249,143,112,94,0,12,335,188
1400000US53033030902,53033030902,"Census Tract 309.02, King County, Washington",1319,317,606,224,292,232,21,35,400,188
1400000US53033031000,53033031000,"Census Tract 310, King County, Washington",88,74,8,14,57,68,0,12,23,27
1400000US53033031100,53033031100,"Census Tract 311, King County, Washington",803,169,277,99,161,76,20,29,345,100
1400000US53033031202,53033031202,"Census Tract 312.02, King County, Washington",329,142,234,113,22,21,0,17,73,75
1400000US53033031204,53033031204,"Census Tract 312.04, King County, Washington",512,350,311,238,120,87,0,17,81,103
1400000US53033031205,53033031205,"Census Tract 312.05, King County, Washington",642,265,346,143,90,54,33,53,173,104
1400000US53033031206,53033031206,"Census Tract 312.06, King County, Washington",861,211,336,152,131,79,0,17,394,182
1400000US53033031301,53033031301,"Census Tract 313.01, King County, Washington",462,260,120,90,121,106,7,9,214,162
1400000US53033031302,53033031302,"Census Tract 313.02, King County, Washington",282,180,110,98,64,40,9,15,99,95
1400000US53033031400,53033031400,"Census Tract 314, King County, Washington",1012,674,245,214,129,135,0,17,638,467
1400000US53033031501,53033031501,"Census Tract 315.01, King County, Washington",160,107,72,64,35,32,0,12,53,83
1400000US53033031502,53033031502,"Census Tract 315.02, King County, Washington",209,159,96,106,49,49,0,12,64,44
1400000US53033031601,53033031601,"Census Tract 316.01, King County, Washington",499,306,264,205,128,79,9,14,98,89
1400000US53033031603,53033031603,"Census Tract 316.03, King County, Washington",528,294,276,242,100,81,25,34,127,52
1400000US53033031604,53033031604,"Census Tract 316.04, King County, Washington",381,102,204,109,126,78,18,27,33,31
1400000US53033031605,53033031605,"Census Tract 316.05, King County, Washington",311,268,49,58,197,164,25,37,40,49
1400000US53033031703,53033031703,"Census Tract 317.03, King County, Washington",950,337,292,123,324,266,0,17,334,175
1400000US53033031704,53033031704,"Census Tract 317.04, King County, Washington",471,173,117,68,127,47,10,16,217,144
1400000US53033031705,53033031705,"Census Tract 317.05, King County, Washington",275,191,52,66,134,89,89,119,0,12
1400000US53033031706,53033031706,"Census Tract 317.06, King County, Washington",687,367,216,132,238,132,17,28,216,216
1400000US53033031800,53033031800,"Census Tract 318, King County, Washington",163,99,70,68,82,71,0,12,11,12
1400000US53033031903,53033031903,"Census Tract 319.03, King County, Washington",500,161,138,71,269,130,21,33,72,64
1400000US53033031904,53033031904,"Census Tract 319.04, King County, Washington",258,169,147,120,59,41,0,12,52,44
1400000US53033031906,53033031906,"Census Tract 319.06, King County, Washington",40,43,0,12,0,12,0,12,40,43
1400000US53033031907,53033031907,"Census Tract 319.07, King County, Washington",648,163,302,160,222,100,99,110,25,42
1400000US53033031908,53033031908,"Census Tract 319.08, King County, Washington",410,183,177,125,133,94,6,11,94,77
1400000US53033031909,53033031909,"Census Tract 319.09, King County, Washington",83,74,41,46,41,34,0,12,1,2
1400000US53033032002,53033032002,"Census Tract 320.02, King County, Washington",147,110,104,94,0,12,0,12,43,31
1400000US53033032003,53033032003,"Census Tract 320.03, King County, Washington",176,92,52,55,104,51,0,17,20,24
1400000US53033032005,53033032005,"Census Tract 320.05, King County, Washington",398,330,175,145,115,92,0,17,108,155
1400000US53033032006,53033032006,"Census Tract 320.06, King County, Washington",205,118,100,75,76,72,0,17,29,26
1400000US53033032007,53033032007,"Census Tract 320.07, King County, Washington",241,138,138,110,68,59,13,20,22,24
1400000US53033032008,53033032008,"Census Tract 320.08, King County, Washington",387,207,145,119,130,75,9,13,103,114
1400000US53033032010,53033032010,"Census Tract 320.10, King County, Washington",231,144,66,74,106,87,0,17,59,56
1400000US53033032011,53033032011,"Census Tract 320.11, King County, Washington",173,113,91,73,0,12,0,12,82,62
1400000US53033032102,53033032102,"Census Tract 321.02, King County, Washington",82,96,58,91,24,25,0,17,0,17
1400000US53033032103,53033032103,"Census Tract 321.03, King County, Washington",549,355,308,313,82,66,2,11,157,163
1400000US53033032104,53033032104,"Census Tract 321.04, King County, Washington",530,442,43,72,113,98,23,37,351,417
1400000US53033032203,53033032203,"Census Tract 322.03, King County, Washington",131,111,0,17,46,42,54,77,31,36
1400000US53033032207,53033032207,"Census Tract 322.07, King County, Washington",135,93,69,67,55,50,0,12,11,17
1400000US53033032208,53033032208,"Census Tract 322.08, King County, Washington",430,197,120,96,232,115,0,17,78,70
1400000US53033032210,53033032210,"Census Tract 322.10, King County, Washington",1207,465,296,103,579,328,0,19,332,250
1400000US53033032211,53033032211,"Census Tract 322.11, King County, Washington",208,162,46,57,24,26,0,17,138,147
1400000US53033032212,53033032212,"Census Tract 322.12, King County, Washington",344,278,148,135,126,138,0,17,70,62
1400000US53033032213,53033032213,"Census Tract 322.13, King County, Washington",122,81,0,12,97,69,0,12,25,36
1400000US53033032214,53033032214,"Census Tract 322.14, King County, Washington",246,148,71,55,70,67,0,17,105,75
1400000US53033032215,53033032215,"Census Tract 322.15, King County, Washington",148,113,40,37,108,81,0,17,0,17
1400000US53033032307,53033032307,"Census Tract 323.07, King County, Washington",264,179,68,67,123,98,43,71,30,34
1400000US53033032309,53033032309,"Census Tract 323.09, King County, Washington",383,217,33,43,132,95,115,102,103,92
1400000US53033032311,53033032311,"Census Tract 323.11, King County, Washington",440,380,72,71,160,131,29,24,179,242
1400000US53033032313,53033032313,"Census Tract 323.13, King County, Washington",843,659,226,267,82,93,44,42,491,447
1400000US53033032315,53033032315,"Census Tract 323.15, King County, Washington",243,165,68,75,101,84,11,17,63,63
1400000US53033032316,53033032316,"Census Tract 323.16, King County, Washington",176,155,54,58,69,72,0,17,53,48
1400000US53033032317,53033032317,"Census Tract 323.17, King County, Washington",358,192,104,117,130,99,0,17,124,97
1400000US53033032318,53033032318,"Census Tract 323.18, King County, Washington",321,168,89,64,135,80,20,23,77,62
1400000US53033032319,53033032319,"Census Tract 323.19, King County, Washington",248,141,31,38,206,132,0,17,11,18
1400000US53033032320,53033032320,"Census Tract 323.20, King County, Washington",219,131,80,84,99,53,8,12,32,37
1400000US53033032321,53033032321,"Census Tract 323.21, King County, Washington",139,119,51,45,32,30,0,17,56,88
1400000US53033032322,53033032322,"Census Tract 323.22, King County, Washington",67,66,20,33,30,32,8,14,9,13
1400000US53033032323,53033032323,"Census Tract 323.23, King County, Washington",330,249,87,91,105,82,0,17,138,121
1400000US53033032324,53033032324,"Census Tract 323.24, King County, Washington",547,350,129,120,158,138,32,53,228,252
1400000US53033032325,53033032325,"Census Tract 323.25, King County, Washington",504,281,108,110,126,94,0,17,270,191
1400000US53033032326,53033032326,"Census Tract 323.26, King County, Washington",423,229,175,165,91,94,8,12,149,118
1400000US53033032327,53033032327,"Census Tract 323.27, King County, Washington",97,76,22,29,19,29,17,18,39,43
1400000US53033032328,53033032328,"Census Tract 323.28, King County, Washington",247,155,64,58,131,108,0,12,52,34
1400000US53033032329,53033032329,"Census Tract 323.29, King County, Washington",254,161,89,74,61,88,0,17,104,65
1400000US53033032401,53033032401,"Census Tract 324.01, King County, Washington",202,261,129,179,0,17,0,17,73,86
1400000US53033032402,53033032402,"Census Tract 324.02, King County, Washington",446,250,211,170,100,78,0,17,135,105
1400000US53033032500,53033032500,"Census Tract 325, King County, Washington",346,186,97,81,118,66,3,6,128,86
1400000US53033032601,53033032601,"Census Tract 326.01, King County, Washington",238,203,138,125,53,43,0,12,47,74
1400000US53033032602,53033032602,"Census Tract 326.02, King County, Washington",410,269,161,146,163,97,0,19,86,96
1400000US53033032702,53033032702,"Census Tract 327.02, King County, Washington",280,227,171,155,56,54,0,17,53,53
1400000US53033032703,53033032703,"Census Tract 327.03, King County, Washington",182,108,68,54,71,47,0,12,43,55
1400000US53033032704,53033032704,"Census Tract 327.04, King County, Washington",849,560,263,230,112,71,0,17,474,364
1400000US53033032800,53033032800,"Census Tract 328, King County, Washington",75,59,25,32,42,40,7,12,1,2
1400000US53033990100,53033990100,"Census Tract 9901, King County, Washington",0,12,0,12,0,12,0,12,0,12
1600000US5300100,5300100,"Aberdeen city, Washington",3150,409,1649,285,344,136,9,15,1148,287
1600000US5300135,5300135,"Aberdeen Gardens CDP, Washington",60,66,32,34,28,35,0,12,0,12
1600000US5300275,5300275,"Acme CDP, Washington",0,12,0,12,0,12,0,12,0,12
1600000US5300380,5300380,"Addy CDP, Washington",0,12,0,12,0,12,0,12,0,12
1600000US5300800,5300800,"Ahtanum CDP, Washington",780,371,294,146,62,59,0,12,424,303
1600000US5300905,5300905,"Airway Heights city, Washington",850,233,446,182,271,112,0,17,133,62
1600000US5301010,5301010,"Albion town, Washington",16,21,14,20,2,4,0,12,0,12
1600000US5301045,5301045,"Alder CDP, Washington",0,12,0,12,0,12,0,12,0,12
1600000US5301150,5301150,"Alderton CDP, Washington",359,243,212,166,13,14,0,12,134,96
1600000US5301185,5301185,"Alderwood Manor CDP, Washington",590,280,104,47,82,74,11,18,393,270
1600000US5301255,5301255,"Alger CDP, Washington",0,12,0,12,0,12,0,12,0,12
1600000US5301290,5301290,"Algona city, Washington",609,241,191,95,57,42,0,12,361,195
1600000US5301430,5301430,"Allyn CDP, Washington",121,149,0,12,88,108,0,12,33,46
1600000US5301500,5301500,"Almira town, Washington",16,20,4,6,12,18,0,12,0,12
1600000US5301745,5301745,"Altoona CDP, Washington",0,12,0,12,0,12,0,12,0,12
1600000US5301780,5301780,"Amanda Park CDP, Washington",27,20,11,10,4,5,0,12,12,12
1600000US5301850,5301850,"Amboy CDP, Washington",19,21,10,16,9,14,0,12,0,12
1600000US5301920,5301920,"Ames Lake CDP, Washington",55,61,16,27,20,32,11,17,8,14
1600000US5301990,5301990,"Anacortes city, Washington",675,138,212,64,271,59,17,9,175,67
1600000US5302060,5302060,"Anderson Island CDP, Washington",36,63,0,12,36,63,0,12,0,12
1600000US5302585,5302585,"Arlington city, Washington",1650,449,838,307,446,154,24,31,342,189
1600000US5302620,5302620,"Arlington Heights CDP, Washington",2,4,0,12,0,12,0,12,2,4
1600000US5302910,5302910,"Artondale CDP, Washington",571,183,192,99,240,106,24,37,115,85
1600000US5303005,5303005,"Ashford CDP, Washington",0,12,0,12,0,12,0,12,0,12
1600000US5303075,5303075,"Asotin city, Washington",20,21,10,16,10,12,0,12,0,12
1600000US5303180,5303180,"Auburn city, Washington",11185,1267,4495,746,2519,694,115,94,4056,723
1600000US5303736,5303736,"Bainbridge Island city, Washington",931,424,156,89,607,362,17,21,151,92
1600000US5304100,5304100,"Bangor Base CDP, Washington",1256,267,168,79,987,254,101,111,0,17
1600000US5304125,5304125,"Banks Lake South CDP, Washington",0,12,0,12,0,12,0,12,0,12
1600000US5304195,5304195,"Barberton CDP, Washington",288,240,116,121,66,67,0,17,106,112
1600000US5304300,5304300,"Baring CDP, Washington",0,12,0,12,0,12,0,12,0,12
1600000US5304347,5304347,"Barney's Junction CDP, Washington",0,12,0,12,0,12,0,12,0,12
1600000US5304370,5304370,"Barstow CDP, Washington",0,12,0,12,0,12,0,12,0,12
1600000US5304405,5304405,"Basin City CDP, Washington",1253,521,509,298,83,88,0,12,661,281
1600000US5304475,5304475,"Battle Ground city, Washington",1492,470,431,185,676,239,21,25,364,234
1600000US5304615,5304615,"Bay Center CDP, Washington",19,22,0,12,19,22,0,12,0,12
1600000US5304790,5304790,"Bay View CDP, Washington",7,12,7,12,0,12,0,12,0,12
1600000US5304895,5304895,"Beaux Arts Village town, Washington",4,5,2,3,2,4,0,12,0,12
1600000US5305140,5305140,"Belfair CDP, Washington",908,505,392,251,93,107,0,12,423,283
1600000US5305210,5305210,"Bellevue city, Washington",10063,1061,3000,510,1939,338,225,135,4899,816
1600000US5305245,5305245,"Bell Hill CDP, Washington",0,12,0,12,0,12,0,12,0,12
1600000US5305280,5305280,"Bellingham city, Washington",7060,803,2974,496,2226,382,154,113,1706,418
1600000US5305560,5305560,"Benton City city, Washington",884,257,398,168,214,128,0,12,272,99
1600000US5305735,5305735,"Bethel CDP, Washington",389,253,160,145,140,102,30,36,59,53
1600000US5305980,5305980,"Bickleton CDP, Washington",0,12,0,12,0,12,0,12,0,12
1600000US5306050,5306050,"Big Lake CDP, Washington",180,141,113,122,50,50,7,12,10,19
1600000US5306085,5306085,"Bingen city, Washington",242,155,85,74,50,51,0,12,107,73
1600000US5306190,5306190,"Birch Bay CDP, Washington",167,109,0,17,67,59,23,53,77,71
1600000US5306330,5306330,"Black Diamond city, Washington",446,293,226,229,108,85,0,12,112,63
1600000US5306505,5306505,"Blaine city, Washington",292,236,168,199,65,96,18,30,41,69
1600000US5306855,5306855,"Blyn CDP, Washington",0,12,0,12,0,12,0,12,0,12
1600000US5307170,5307170,"Bonney Lake city, Washington",1368,390,662,230,554,168,19,31,133,75
1600000US5307380,5307380,"Bothell city, Washington",4673,728,1597,349,926,271,138,88,2012,457
1600000US5307390,5307390,"Bothell East CDP, Washington",659,182,138,92,315,116,37,46,169,134
1600000US5307395,5307395,"Bothell West CDP, Washington",1785,483,401,179,524,287,39,36,821,313
1600000US5307397,5307397,"Boulevard Park CDP, Washington",860,349,351,188,126,113,0,12,383,185
1600000US5307485,5307485,"Boyds CDP, Washington",28,41,14,20,14,20,0,12,0,12
1600000US5307590,5307590,"Brady CDP, Washington",0,12,0,12,0,12,0,12,0,12
1600000US5307695,5307695,"Bremerton city, Washington",3480,584,1204,262,1345,240,109,87,822,339
1600000US5307835,5307835,"Brewster city, Washington",1739,422,680,214,231,110,12,20,816,234
1600000US5307870,5307870,"Bridgeport city, Washington",2038,216,908,150,136,65,0,12,994,156
1600000US5307940,5307940,"Brier city, Washington",399,203,109,120,160,99,0,17,130,119
1600000US5308080,5308080,"Brinnon CDP, Washington",18,27,0,12,18,27,0,12,0,12
1600000US5308325,5308325,"Browns Point CDP, Washington",91,90,49,46,22,20,0,12,20,33
1600000US5308465,5308465,"Brush Prairie CDP, Washington",246,216,42,52,195,199,0,12,9,13
1600000US5308500,5308500,"Bryant CDP, Washington",132,181,88,137,18,29,0,12,26,41
1600000US5308552,5308552,"Bryn Mawr-Skyway CDP, Washington",1894,732,634,286,295,187,78,103,887,604
1600000US5308570,5308570,"Buckley city, Washington",34,45,27,39,7,11,0,12,0,12
1600000US5308605,5308605,"Bucoda town, Washington",26,35,12,21,8,14,0,12,6,10
1600000US5308640,5308640,"Buena CDP, Washington",1200,690,759,534,0,12,0,12,441,221
1600000US5308770,5308770,"Bunk Foss CDP, Washington",257,179,150,113,85,55,0,12,22,29
1600000US5308780,5308780,"Burbank CDP, Washington",473,299,322,187,22,23,0,12,129,126
1600000US5308850,5308850,"Burien city, Washington",12342,1232,4603,612,2082,426,80,66,5577,830
1600000US5308885,5308885,"Burley CDP, Washington",39,57,12,18,27,40,0,12,0,12
1600000US5308920,5308920,"Burlington city, Washington",2331,465,1365,297,334,120,11,16,621,234
1600000US5309365,5309365,"Camano CDP, Washington",874,311,503,258,220,99,16,19,135,88
1600000US5309480,5309480,"Camas city, Washington",1100,346,205,106,753,263,9,15,133,80
1600000US5309810,5309810,"Canterwood CDP, Washington",209,142,76,82,56,61,0,12,77,63
1600000US5309820,5309820,"Canyon Creek CDP, Washington",87,54,24,22,40,40,0,12,23,27
1600000US5309970,5309970,"Carbonado town, Washington",47,50,35,39,12,13,0,12,0,12
1600000US5310075,5310075,"Carlsborg CDP, Washington",14,24,0,12,14,24,0,12,0,12
1600000US5310215,5310215,"Carnation city, Washington",280,176,83,79,76,52,3,6,118,85
1600000US5310320,5310320,"Carson CDP, Washington",307,110,111,75,43,63,0,12,153,78
1600000US5310455,5310455,"Cascade Valley CDP, Washington",469,341,199,182,88,75,0,12,182,171
1600000US5310495,5310495,"Cashmere city, Washington",696,210,328,141,102,93,11,26,255,94
1600000US5310565,5310565,"Castle Rock city, Washington",119,95,24,24,85,91,0,12,10,13
1600000US5310600,5310600,"Cathcart CDP, Washington",0,12,0,12,0,12,0,12,0,12
1600000US5310635,5310635,"Cathlamet town, Washington",194,66,72,62,116,69,0,12,6,11
1600000US5310645,5310645,"Cavalero CDP, Washington",193,154,144,115,13,19,21,38,15,21
1600000US5311090,5311090,"Centerville CDP, Washington",0,12,0,12,0,12,0,12,0,12
1600000US5311160,5311160,"Centralia city, Washington",2953,445,1217,382,675,264,5,8,1056,371
1600000US5311195,5311195,"Central Park CDP, Washington",204,172,47,38,16,26,77,97,64,72
1600000US5311325,5311325,"Chain Lake CDP, Washington",75,76,15,17,44,39,0,12,16,27
1600000US5311475,5311475,"Chehalis city, Washington",889,373,548,279,169,79,0,17,172,102
1600000US5311615,5311615,"Chelan city, Washington",1507,458,634,265,137,77,0,12,736,320
1600000US5311685,5311685,"Chelan Falls CDP, Washington",0,12,0,12,0,12,0,12,0,12
1600000US5311825,5311825,"Cheney city, Washington",1147,232,684,203,175,66,29,31,259,154
1600000US5312015,5312015,"Cherry Grove CDP, Washington",105,166,60,94,0,12,0,12,45,72
1600000US5312140,5312140,"Chewelah city, Washington",47,53,21,37,15,16,0,12,11,20
1600000US5312175,5312175,"Chico CDP, Washington",181,119,34,31,70,54,0,12,77,76
1600000US5312315,5312315,"Chinook CDP, Washington",40,56,0,12,0,12,0,12,40,56
1600000US5312525,5312525,"Clallam Bay CDP, Washington",54,51,37,42,17,28,0,12,0,12
1600000US5312630,5312630,"Clarkston city, Washington",466,202,20,25,359,183,72,94,15,20
1600000US5312680,5312680,"Clarkston Heights-Vineland CDP, Washington",135,116,46,53,61,61,0,17,28,51
1600000US5312735,5312735,"Clayton CDP, Washington",18,25,0,12,18,25,0,12,0,12
1600000US5312820,5312820,"Clear Lake CDP (Pierce County), Washington",27,28,13,20,12,19,0,12,2,4
1600000US5312840,5312840,"Clear Lake CDP (Skagit County), Washington",10,15,0,12,10,15,0,12,0,12
1600000US5312875,5312875,"Clearview CDP, Washington",313,209,90,97,79,92,0,12,144,134
1600000US5312945,5312945,"Cle Elum city, Washington",176,126,59,57,17,19,0,12,100,77
1600000US5313015,5313015,"Cliffdell CDP, Washington",0,12,0,12,0,12,0,12,0,12
1600000US5313155,5313155,"Clinton CDP, Washington",56,59,1,2,44,59,0,12,11,15
1600000US5313215,5313215,"Clover Creek CDP, Washington",728,310,114,90,354,181,24,39,236,160
1600000US5313365,5313365,"Clyde Hill city, Washington",62,30,8,11,25,17,0,12,29,20
1600000US5313595,5313595,"Cohassett Beach CDP, Washington",132,205,107,170,25,37,0,12,0,12
1600000US5313785,5313785,"Colfax city, Washington",52,38,29,29,23,26,0,12,0,12
1600000US5313855,5313855,"College Place city, Washington",1559,512,585,287,343,196,8,16,623,273
1600000US5313890,5313890,"Colton town, Washington",3,5,0,12,3,5,0,12,0,12
1600000US5314170,5314170,"Colville city, Washington",326,134,151,98,112,85,0,12,63,55
1600000US5314310,5314310,"Conconully town, Washington",12,18,12,18,0,12,0,12,0,12
1600000US5314380,5314380,"Concrete town, Washington",16,21,13,20,3,5,0,12,0,12
1600000US5314485,5314485,"Connell city, Washington",2391,375,1195,288,351,160,0,17,845,247
1600000US5314520,5314520,"Conway CDP, Washington",0,12,0,12,0,12,0,12,0,12
1600000US5314660,5314660,"Copalis Beach CDP, Washington",13,22,13,22,0,12,0,12,0,12
1600000US5314870,5314870,"Cosmopolis city, Washington",108,92,70,60,30,32,0,12,8,13
1600000US5314940,5314940,"Cottage Lake CDP, Washington",1115,465,320,161,422,163,88,84,285,253
1600000US5315080,5315080,"Coulee City town, Washington",7,10,0,12,7,10,0,12,0,12
1600000US5315115,5315115,"Coulee Dam town, Washington",86,53,64,42,17,15,0,12,5,7
1600000US5315150,5315150,"Country Homes CDP, Washington",298,104,74,45,194,92,16,23,14,15
1600000US5315185,5315185,"Coupeville town, Washington",325,201,115,90,185,126,0,12,25,29
1600000US5315290,5315290,"Covington city, Washington",1423,499,491,199,489,195,106,123,337,257
1600000US5315325,5315325,"Cowiche CDP, Washington",663,603,144,166,161,185,0,12,358,332
1600000US5315710,5315710,"Creston town, Washington",1,2,0,12,1,2,0,12,0,12
1600000US5315780,5315780,"Crocker CDP, Washington",140,130,66,52,74,83,0,12,0,12
1600000US5316165,5316165,"Curlew CDP, Washington",0,12,0,12,0,12,0,12,0,12
1600000US5316170,5316170,"Curlew Lake CDP, Washington",0,12,0,12,0,12,0,12,0,12
1600000US5316340,5316340,"Cusick town, Washington",5,7,3,5,2,4,0,12,0,12
1600000US5316375,5316375,"Custer CDP, Washington",0,12,0,12,0,12,0,12,0,12
1600000US5316550,5316550,"Dallesport CDP, Washington",0,12,0,12,0,12,0,12,0,12
1600000US5316585,5316585,"Danville CDP, Washington",0,12,0,12,0,12,0,12,0,12
1600000US5316690,5316690,"Darrington town, Washington",10,17,0,12,0,12,10,17,0,12
1600000US5316760,5316760,"Dash Point CDP, Washington",22,20,7,10,11,13,0,12,4,5
1600000US5316795,5316795,"Davenport city, Washington",43,31,16,17,27,21,0,12,0,12
1600000US5316970,5316970,"Dayton city, Washington",266,35,138,44,19,19,17,22,92,47
1600000US5317215,5317215,"Deep River CDP, Washington",0,12,0,12,0,12,0,12,0,12
1600000US5317320,5317320,"Deer Park city, Washington",245,178,122,112,123,91,0,12,0,12
1600000US5317495,5317495,"Deming CDP, Washington",0,12,0,12,0,12,0,12,0,12
1600000US5317617,5317617,"Desert Aire CDP, Washington",2111,968,1149,645,64,77,0,12,898,415
1600000US5317635,5317635,"Des Moines city, Washington",5670,891,1948,452,1274,463,103,169,2345,503
1600000US5317880,5317880,"Disautel CDP, Washington",0,12,0,12,0,12,0,12,0,12
1600000US5318055,5318055,"Dixie CDP, Washington",0,12,0,12,0,12,0,12,0,12
1600000US5318198,5318198,"Dollars Corner CDP, Washington",0,12,0,12,0,12,0,12,0,12
1600000US5318265,5318265,"Donald CDP, Washington",0,12,0,12,0,12,0,12,0,12
1600000US5318775,5318775,"Duluth CDP, Washington",16,40,5,12,0,12,0,12,11,28
1600000US5318965,5318965,"DuPont city, Washington",721,348,113,108,435,291,60,60,113,81
1600000US5319035,5319035,"Duvall city, Washington",517,351,285,240,47,42,0,17,185,126
1600000US5319290,5319290,"East Cathlamet CDP, Washington",0,12,0,12,0,12,0,12,0,12
1600000US5319630,5319630,"Eastmont CDP, Washington",2019,889,677,420,568,278,131,62,643,446
1600000US5319700,5319700,"Easton CDP, Washington",10,16,0,12,10,16,0,12,0,12
1600000US5319770,5319770,"East Port Orchard CDP, Washington",709,263,259,182,439,180,2,15,9,16
1600000US5319857,5319857,"East Renton Highlands CDP, Washington",862,324,296,190,308,148,0,19,258,198
1600000US5320155,5320155,"East Wenatchee city, Washington",4178,476,1982,381,625,238,60,53,1511,263
1600000US5320260,5320260,"Eatonville town, Washington",213,145,79,77,35,41,9,15,90,73
1600000US5320645,5320645,"Edgewood city, Washington",795,394,309,206,423,329,13,21,50,38
1600000US5320680,5320680,"Edison CDP, Washington",0,12,0,12,0,12,0,12,0,12
1600000US5320750,5320750,"Edmonds city, Washington",2199,579,904,297,675,175,34,39,586,373
1600000US5320890,5320890,"Elbe CDP, Washington",0,12,0,12,0,12,0,12,0,12
1600000US5321030,5321030,"Electric City city, Washington",53,65,28,46,25,29,0,12,0,12
1600000US5321205,5321205,"Elk Plain CDP, Washington",1450,371,777,244,513,253,0,19,160,90
1600000US5321240,5321240,"Ellensburg city, Washington",2162,303,938,173,581,192,29,39,614,226
1600000US5321450,5321450,"Elma city, Washington",110,108,46,66,13,18,0,12,51,46
1600000US5321485,5321485,"Elmer City town, Washington",16,14,10,13,6,7,0,12,0,12
1600000US5321730,5321730,"Endicott town, Washington",4,4,4,4,0,12,0,12,0,12
1600000US5321800,5321800,"Enetai CDP, Washington",57,83,23,38,7,12,15,25,12,20
1600000US5322010,5322010,"Entiat city, Washington",250,112,160,84,48,37,0,12,42,32
1600000US5322045,5322045,"Enumclaw city, Washington",1436,722,375,240,284,162,9,15,768,475
1600000US5322080,5322080,"Ephrata city, Washington",1602,559,819,346,233,133,13,22,537,250
1600000US5322118,5322118,"Erlands Point-Kitsap Lake CDP, Washington",266,248,90,122,105,77,0,12,71,87
1600000US5322150,5322150,"Eschbach CDP, Washington",22,58,10,24,0,12,0,12,12,34
1600000US5322255,5322255,"Esperance CDP, Washington",68,50,41,41,0,12,0,12,27,31
1600000US5322640,5322640,"Everett city, Washington",15965,1488,5240,763,4625,659,522,245,5578,847
1600000US5322745,5322745,"Everson city, Washington",924,216,413,124,108,61,17,21,386,128
1600000US5322955,5322955,"Fairchild AFB CDP, Washington",382,168,82,71,200,94,95,84,5,8
1600000US5322990,5322990,"Fairfield town, Washington",8,9,6,7,2,4,0,12,0,12
1600000US5323160,5323160,"Fairwood CDP (King County), Washington",1843,416,767,259,465,146,132,122,479,218
1600000US5323165,5323165,"Fairwood CDP (Spokane County), Washington",672,376,353,235,241,210,0,17,78,107
1600000US5323200,5323200,"Fall City CDP, Washington",230,202,130,125,53,43,0,12,47,74
1600000US5323340,5323340,"Farmington town, Washington",3,5,0,12,3,5,0,12,0,12
1600000US5323515,5323515,"Federal Way city, Washington",17181,1636,6891,825,3457,684,280,165,6553,974
1600000US5323550,5323550,"Felida CDP, Washington",373,183,45,51,201,133,56,62,71,46
1600000US5323620,5323620,"Ferndale city, Washington",1832,495,998,376,274,127,83,94,477,233
1600000US5323690,5323690,"Fern Prairie CDP, Washington",172,113,83,84,66,59,0,12,23,34
1600000US5323795,5323795,"Fife city, Washington",1684,202,711,122,330,81,51,43,592,119
1600000US5323830,5323830,"Fife Heights CDP, Washington",241,118,87,59,110,64,3,4,41,29
1600000US5323865,5323865,"Finley CDP, Washington",1190,483,694,330,156,121,0,17,340,192
1600000US5323970,5323970,"Fircrest city, Washington",362,133,159,130,161,62,22,40,20,31
1600000US5324188,5324188,"Five Corners CDP, Washington",1381,288,230,102,857,254,0,19,294,169
1600000US5324425,5324425,"Fobes Hill CDP, Washington",80,83,20,25,60,70,0,12,0,12
1600000US5324565,5324565,"Fords Prairie CDP, Washington",290,336,37,61,52,89,0,12,201,239
1600000US5324810,5324810,"Forks city, Washington",681,357,312,171,44,49,0,12,325,234
1600000US5324915,5324915,"Fort Lewis CDP, Washington",2522,383,410,127,1723,327,287,186,102,66
1600000US5325300,5325300,"Four Lakes CDP, Washington",2,5,0,12,2,5,0,12,0,12
1600000US5325370,5325370,"Fox Island CDP, Washington",31,50,22,35,0,12,9,16,0,12
1600000US5325475,5325475,"Frederickson CDP, Washington",2349,648,928,335,680,287,87,90,654,421
1600000US5325510,5325510,"Freeland CDP, Washington",8,11,0,12,8,11,0,12,0,12
1600000US5325615,5325615,"Friday Harbor town, Washington",305,91,65,34,140,46,3,4,97,42
1600000US5326140,5326140,"Garfield town, Washington",27,24,14,15,8,10,0,12,5,7
1600000US5326245,5326245,"Garrett CDP, Washington",419,331,218,234,81,111,0,12,120,105
1600000US5326420,5326420,"Geneva CDP, Washington",83,64,1,3,20,33,13,21,49,55
1600000US5326455,5326455,"George city, Washington",611,208,285,122,22,18,0,12,304,104
1600000US5326735,5326735,"Gig Harbor city, Washington",372,152,116,94,166,76,0,17,90,81
1600000US5326875,5326875,"Glacier CDP, Washington",0,12,0,12,0,12,0,12,0,12
1600000US5326945,5326945,"Gleed CDP, Washington",247,172,101,90,35,45,7,15,104,113
1600000US5327225,5327225,"Glenwood CDP, Washington",0,12,0,12,0,12,0,12,0,12
1600000US5327365,5327365,"Gold Bar city, Washington",104,78,25,25,25,19,0,12,54,59
1600000US5327435,5327435,"Goldendale city, Washington",125,124,16,26,85,91,0,12,24,38
1600000US5327680,5327680,"Gorst CDP, Washington",0,12,0,12,0,12,0,12,0,12
1600000US5327785,5327785,"Graham CDP, Washington",1940,509,909,318,754,308,112,130,165,104
1600000US5327855,5327855,"Grand Coulee city, Washington",98,88,68,73,22,18,0,12,8,14
1600000US5327890,5327890,"Grand Mound CDP, Washington",754,383,455,213,108,90,44,67,147,176
1600000US5327925,5327925,"Grandview city, Washington",9165,299,4886,425,851,255,41,47,3387,468
1600000US5327960,5327960,"Granger city, Washington",3101,207,1818,228,222,90,0,12,1061,192
1600000US5327995,5327995,"Granite Falls city, Washington",0,12,0,12,0,12,0,12,0,12
1600000US5328135,5328135,"Grapeview CDP, Washington",0,12,0,12,0,12,0,12,0,12
1600000US5328345,5328345,"Grayland CDP, Washington",66,82,40,57,26,30,0,12,0,12
1600000US5328450,5328450,"Grays River CDP, Washington",9,16,0,12,9,16,0,12,0,12
1600000US5328590,5328590,"Green Bluff CDP, Washington",0,12,0,12,0,12,0,12,0,12
1600000US5328695,5328695,"Greenwater CDP, Washington",0,12,0,12,0,12,0,12,0,12
1600000US5329255,5329255,"Hamilton town, Washington",7,10,0,12,4,8,0,12,3,5
1600000US5329430,5329430,"Hansville CDP, Washington",149,118,50,62,99,99,0,12,0,12
1600000US5329710,5329710,"Harrah town, Washington",426,75,219,47,52,27,2,6,153,39
1600000US5329745,5329745,"Harrington city, Washington",1,2,0,12,1,2,0,12,0,12
1600000US5329920,5329920,"Hartline town, Washington",0,12,0,12,0,12,0,12,0,12
1600000US5330030,5330030,"Hat Island CDP, Washington",0,12,0,12,0,12,0,12,0,12
1600000US5330060,5330060,"Hatton town, Washington",34,35,24,28,3,4,0,12,7,8
1600000US5330305,5330305,"Hazel Dell CDP, Washington",3298,882,1064,408,998,284,73,75,1163,385
1600000US5330690,5330690,"Herron Island CDP, Washington",0,12,0,12,0,12,0,12,0,12
1600000US5330750,5330750,"High Bridge CDP, Washington",147,111,72,87,24,26,20,24,31,36
1600000US5331495,5331495,"Hobart CDP, Washington",263,118,118,87,104,51,0,17,41,33
1600000US5331530,5331530,"Hockinson CDP, Washington",84,65,22,33,37,31,0,17,25,23
1600000US5331540,5331540,"Hogans Corner CDP, Washington",0,12,0,12,0,12,0,12,0,12
1600000US5331985,5331985,"Home CDP, Washington",1,2,0,12,0,12,0,12,1,2
1600000US5332125,5332125,"Hoodsport CDP, Washington",0,12,0,12,0,12,0,12,0,12
1600000US5332300,5332300,"Hoquiam city, Washington",640,237,346,151,171,99,38,58,85,58
1600000US5332650,5332650,"Humptulips CDP, Washington",13,17,0,12,10,17,0,12,3,4
1600000US5332755,5332755,"Hunts Point town, Washington",4,5,3,4,0,12,0,12,1,2
1600000US5333000,5333000,"Ilwaco city, Washington",18,22,5,10,13,14,0,12,0,12
1600000US5333105,5333105,"Inchelium CDP, Washington",8,11,8,11,0,12,0,12,0,12
1600000US5333175,5333175,"Index town, Washington",0,12,0,12,0,12,0,12,0,12
1600000US5333280,5333280,"Indianola CDP, Washington",187,48,78,28,62,23,6,6,41,19
1600000US5333560,5333560,"Ione town, Washington",5,5,1,2,4,4,0,12,0,12
1600000US5333805,5333805,"Issaquah city, Washington",3043,853,792,343,1024,371,50,54,1177,564
1600000US5333890,5333890,"Jamestown CDP, Washington",34,57,20,34,14,25,0,12,0,12
1600000US5334470,5334470,"Junction City CDP, Washington",0,12,0,12,0,12,0,12,0,12
1600000US5334575,5334575,"Kahlotus city, Washington",16,16,4,7,4,8,0,12,8,12
1600000US5334645,5334645,"Kalama city, Washington",176,113,110,109,34,30,18,29,14,18
1600000US5334890,5334890,"Kapowsin CDP, Washington",0,12,0,12,0,12,0,12,0,12
1600000US5334915,5334915,"Kayak Point CDP, Washington",46,50,27,32,0,12,0,12,19,23
1600000US5334960,5334960,"Keller CDP, Washington",0,12,0,12,0,12,0,12,0,12
1600000US5335065,5335065,"Kelso city, Washington",1669,435,875,235,392,224,0,19,402,220
1600000US5335135,5335135,"Kendall CDP, Washington",0,12,0,12,0,12,0,12,0,12
1600000US5335170,5335170,"Kenmore city, Washington",1687,334,849,220,404,113,16,22,418,160
1600000US5335275,5335275,"Kennewick city, Washington",21217,880,11133,934,3529,626,74,56,6481,846
1600000US5335415,5335415,"Kent city, Washington",20152,1580,6559,760,4931,692,252,140,8410,1073
1600000US5335450,5335450,"Ketron Island CDP, Washington",0,12,0,12,0,12,0,12,0,12
1600000US5335485,5335485,"Kettle Falls city, Washington",64,60,16,19,34,38,0,12,14,19
1600000US5335555,5335555,"Key Center CDP, Washington",160,134,53,44,95,113,12,19,0,12
1600000US5335625,5335625,"Keyport CDP, Washington",29,33,0,12,29,33,0,12,0,12
1600000US5335870,5335870,"Kingston CDP, Washington",33,52,0,12,33,52,0,12,0,12
1600000US5335940,5335940,"Kirkland city, Washington",6108,865,2020,386,1435,270,140,81,2513,650
1600000US5336045,5336045,"Kittitas city, Washington",224,130,100,59,16,20,15,26,93,70
1600000US5336115,5336115,"Klickitat CDP, Washington",0,12,0,12,0,12,0,12,0,12
1600000US5336395,5336395,"Krupp town, Washington",5,10,0,12,0,12,0,12,5,10
1600000US5336710,5336710,"La Center city, Washington",223,106,67,35,99,53,4,6,53,37
1600000US5336745,5336745,"Lacey city, Washington",5237,734,1610,372,2124,433,647,323,856,327
1600000US5336780,5336780,"La Conner town, Washington",60,78,34,51,26,29,0,12,0,12
1600000US5336850,5336850,"LaCrosse town, Washington",3,5,0,12,3,5,0,12,0,12
1600000US5336920,5336920,"La Grande CDP, Washington",0,12,0,12,0,12,0,12,0,12
1600000US5337077,5337077,"Lake Bosworth CDP, Washington",0,12,0,12,0,12,0,12,0,12
1600000US5337100,5337100,"Lake Cassidy CDP, Washington",255,219,89,88,76,55,0,12,90,123
1600000US5337105,5337105,"Lake Cavanaugh CDP, Washington",0,12,0,12,0,12,0,12,0,12
1600000US5337270,5337270,"Lake Forest Park city, Washington",712,454,241,141,219,201,1,3,251,266
1600000US5337287,5337287,"Lake Goodwin CDP, Washington",164,120,93,89,34,40,37,55,0,12
1600000US5337345,5337345,"Lake Holm CDP, Washington",116,109,44,50,72,78,0,12,0,12
1600000US5337415,5337415,"Lake Ketchum CDP, Washington",154,154,105,103,0,12,0,12,49,56
1600000US5337420,5337420,"Lakeland North CDP, Washington",2032,794,944,564,366,203,10,16,712,329
1600000US5337430,5337430,"Lakeland South CDP, Washington",1684,601,508,237,467,219,83,107,626,308
1600000US5337526,5337526,"Lake McMurray CDP, Washington",0,12,0,12,0,12,0,12,0,12
1600000US5337538,5337538,"Lake Marcel-Stillwater CDP, Washington",54,65,36,59,0,12,0,12,18,28
1600000US5337567,5337567,"Lake Morton-Berrydale CDP, Washington",955,446,528,309,211,85,9,14,207,142
1600000US5337672,5337672,"Lake Roesiger CDP, Washington",14,22,0,12,14,22,0,12,0,12
1600000US5337830,5337830,"Lake Shore CDP, Washington",979,513,183,122,499,368,10,16,287,225
1600000US5337900,5337900,"Lake Stevens city, Washington",3828,567,1804,388,860,238,92,63,1072,368
1600000US5337917,5337917,"Lake Stickney CDP, Washington",1847,602,740,294,272,169,74,81,761,430
1600000US5337920,5337920,"Lake Tapps CDP, Washington",762,321,290,195,291,146,108,146,73,57
1600000US5337926,5337926,"Lakeview CDP, Washington",259,145,46,52,67,68,0,12,146,123
1600000US5338038,5338038,"Lakewood city, Washington",9543,1084,3783,565,2959,623,355,130,2446,418
1600000US5338215,5338215,"Lamont town, Washington",0,12,0,12,0,12,0,12,0,12
1600000US5338355,5338355,"Langley city, Washington",64,51,24,31,34,24,6,8,0,12
1600000US5338420,5338420,"Larch Way CDP, Washington",269,172,165,159,76,88,9,14,19,31
1600000US5338495,5338495,"Latah town, Washington",9,13,0,12,9,13,0,12,0,12
1600000US5338705,5338705,"Laurier CDP, Washington",0,12,0,12,0,12,0,12,0,12
1600000US5338845,5338845,"Leavenworth city, Washington",180,144,21,27,105,95,0,12,54,54
1600000US5338880,5338880,"Lebam CDP, Washington",0,12,0,12,0,12,0,12,0,12
1600000US5339212,5339212,"Lewisville CDP, Washington",57,76,5,8,22,25,10,18,20,43
1600000US5339335,5339335,"Liberty Lake city, Washington",281,168,118,107,163,116,0,17,0,17
1600000US5339510,5339510,"Lind town, Washington",55,62,35,38,3,4,0,12,17,25
1600000US5339860,5339860,"Lochsloy CDP, Washington",129,103,52,51,47,62,0,12,30,56
1600000US5339930,5339930,"Lofall CDP, Washington",155,133,74,66,51,50,10,16,20,30
1600000US5340070,5340070,"Long Beach city, Washington",220,135,8,11,127,93,0,12,85,61
1600000US5340105,5340105,"Longbranch CDP, Washington",65,71,10,17,17,25,18,25,20,32
1600000US5340245,5340245,"Longview city, Washington",4069,542,1711,317,1315,318,71,44,972,237
1600000US5340270,5340270,"Longview Heights CDP, Washington",265,195,35,45,122,115,0,12,108,98
1600000US5340350,5340350,"Loomis CDP, Washington",19,33,6,10,11,20,0,12,2,5
1600000US5340385,5340385,"Loon Lake CDP, Washington",30,31,16,22,9,15,0,12,5,9
1600000US5340570,5340570,"Lower Elochoman CDP, Washington",0,12,0,12,0,12,0,12,0,12
1600000US5340735,5340735,"Lyle CDP, Washington",194,233,0,12,130,177,0,12,64,62
1600000US5340770,5340770,"Lyman town, Washington",16,20,0,12,0,12,13,20,3,5
1600000US5340805,5340805,"Lynden city, Washington",977,307,342,156,283,147,10,17,342,197
1600000US5340840,5340840,"Lynnwood city, Washington",4971,1007,1774,471,988,378,60,75,2149,796
1600000US5340980,5340980,"Mabton city, Washington",1966,315,940,204,210,93,10,15,806,203
1600000US5341155,5341155,"McChord AFB CDP, Washington",930,264,147,85,601,185,64,51,118,76
1600000US5341225,5341225,"McCleary city, Washington",116,80,88,66,20,22,0,12,8,13
1600000US5341470,5341470,"Machias CDP, Washington",35,52,27,51,0,12,0,12,8,12
1600000US5341645,5341645,"McKenna CDP, Washington",241,271,65,107,176,225,0,12,0,12
1600000US5341785,5341785,"McMillin CDP, Washington",36,55,36,55,0,12,0,12,0,12
1600000US5342275,5342275,"Malden town, Washington",0,12,0,12,0,12,0,12,0,12
1600000US5342310,5342310,"Malo CDP, Washington",0,12,0,12,0,12,0,12,0,12
1600000US5342345,5342345,"Malone CDP, Washington",0,12,0,12,0,12,0,12,0,12
1600000US5342380,5342380,"Malott CDP, Washington",381,235,109,123,71,52,0,12,201,144
1600000US5342415,5342415,"Maltby CDP, Washington",562,358,267,237,119,63,60,85,116,91
1600000US5342450,5342450,"Manchester CDP, Washington",361,221,149,122,145,141,0,17,67,66
1600000US5342800,5342800,"Mansfield town, Washington",4,6,0,12,4,6,0,12,0,12
1600000US5342835,5342835,"Manson CDP, Washington",837,577,145,119,506,390,0,12,186,221
1600000US5343010,5343010,"Maple Falls CDP, Washington",0,12,0,12,0,12,0,12,0,12
1600000US5343062,5343062,"Maple Heights-Lake Desire CDP, Washington",40,43,0,12,0,12,0,12,40,43
1600000US5343150,5343150,"Maple Valley city, Washington",1432,334,614,228,439,150,65,48,314,170
1600000US5343255,5343255,"Maplewood CDP, Washington",112,114,44,67,49,36,0,17,19,36
1600000US5343325,5343325,"Marblemount CDP, Washington",0,12,0,12,0,12,0,12,0,12
1600000US5343395,5343395,"Marcus town, Washington",7,12,0,12,7,12,0,12,0,12
1600000US5343491,5343491,"Marietta-Alderwood CDP, Washington",172,212,114,137,10,27,0,12,48,73
1600000US5343640,5343640,"Markham CDP, Washington",0,12,0,12,0,12,0,12,0,12
1600000US5343762,5343762,"Marrowstone CDP, Washington",0,12,0,12,0,12,0,12,0,12
1600000US5343815,5343815,"Martha Lake CDP, Washington",1539,415,581,240,586,240,45,45,327,164
1600000US5343885,5343885,"Maryhill CDP, Washington",73,104,0,12,17,26,0,12,56,79
1600000US5343955,5343955,"Marysville city, Washington",7368,919,3240,581,2100,446,355,261,1673,434
1600000US5344165,5344165,"Mattawa city, Washington",4445,68,1643,249,268,120,13,20,2521,237
1600000US5344260,5344260,"May Creek CDP, Washington",31,50,0,12,31,50,0,12,0,12
1600000US5344480,5344480,"Mead CDP, Washington",161,130,14,23,106,94,41,60,0,17
1600000US5344585,5344585,"Meadowdale CDP, Washington",226,128,162,101,33,26,13,22,18,18
1600000US5344620,5344620,"Meadow Glade CDP, Washington",57,53,33,30,24,33,0,12,0,12
1600000US5344690,5344690,"Medical Lake city, Washington",175,114,15,19,82,78,17,28,61,67
1600000US5344725,5344725,"Medina city, Washington",96,66,28,21,28,24,13,19,27,32
1600000US5345005,5345005,"Mercer Island city, Washington",732,225,152,96,197,78,57,51,326,170
1600000US5345180,5345180,"Mesa city, Washington",329,172,108,69,36,40,0,12,185,102
1600000US5345285,5345285,"Metaline town, Washington",6,11,0,12,6,11,0,12,0,12
1600000US5345320,5345320,"Metaline Falls town, Washington",12,14,1,2,10,14,0,12,1,2
1600000US5345355,5345355,"Methow CDP, Washington",5,7,0,12,0,12,0,12,5,7
1600000US5345495,5345495,"Midland CDP, Washington",2523,542,789,274,643,254,96,79,995,314
1600000US5345865,5345865,"Mill Creek city, Washington",910,284,392,178,294,138,11,19,213,113
1600000US5345870,5345870,"Mill Creek East CDP, Washington",1075,466,521,261,175,110,47,45,332,173
1600000US5345985,5345985,"Millwood city, Washington",34,19,13,12,21,13,0,12,0,12
1600000US5346020,5346020,"Milton city, Washington",558,159,280,118,199,153,32,26,47,37
1600000US5346090,5346090,"Mineral CDP, Washington",0,12,0,12,0,12,0,12,0,12
1600000US5346125,5346125,"Minnehaha CDP, Washington",1029,431,191,174,573,316,0,19,265,157
1600000US5346215,5346215,"Mirrormont CDP, Washington",22,24,0,12,22,24,0,12,0,12
1600000US5346405,5346405,"Moclips CDP, Washington",0,12,0,12,0,12,0,12,0,12
1600000US5346685,5346685,"Monroe city, Washington",3438,625,1130,303,672,258,31,33,1605,410
1600000US5346725,5346725,"Monroe North CDP, Washington",155,102,42,41,105,85,0,12,8,12
1600000US5346895,5346895,"Montesano city, Washington",473,228,305,158,134,96,0,12,34,48
1600000US5347175,5347175,"Morton city, Washington",146,88,85,57,9,15,0,12,52,39
1600000US5347245,5347245,"Moses Lake city, Washington",7343,897,4274,745,1535,525,15,25,1519,474
1600000US5347280,5347280,"Moses Lake North CDP, Washington",1215,373,619,293,153,92,53,63,390,253
1600000US5347315,5347315,"Mossyrock city, Washington",192,111,74,63,26,30,0,12,92,57
1600000US5347490,5347490,"Mountlake Terrace city, Washington",2173,362,838,213,506,170,72,81,757,239
1600000US5347560,5347560,"Mount Vernon city, Washington",11605,532,5016,521,1907,321,106,55,4576,579
1600000US5347630,5347630,"Mount Vista CDP, Washington",260,121,60,35,144,80,0,17,56,72
1600000US5347665,5347665,"Moxee city, Washington",1974,359,1103,221,385,184,20,23,466,137
1600000US5347735,5347735,"Mukilteo city, Washington",1218,493,339,242,420,172,70,58,389,246
1600000US5347805,5347805,"Naches town, Washington",53,34,47,32,0,12,0,12,6,10
1600000US5347980,5347980,"Napavine city, Washington",69,61,32,32,6,10,6,10,25,27
1600000US5348015,5348015,"Naselle CDP, Washington",38,56,0,12,38,56,0,12,0,12
1600000US5348225,5348225,"Navy Yard City CDP, Washington",377,203,125,116,197,115,12,19,43,63
1600000US5348295,5348295,"Neah Bay CDP, Washington",55,45,43,42,6,7,6,10,0,12
1600000US5348330,5348330,"Neilton CDP, Washington",63,63,23,21,3,5,0,12,37,48
1600000US5348540,5348540,"Nespelem town, Washington",0,12,0,12,0,12,0,12,0,12
1600000US5348550,5348550,"Nespelem Community CDP, Washington",3,5,3,5,0,12,0,12,0,12
1600000US5348645,5348645,"Newcastle city, Washington",401,169,147,93,75,47,26,30,153,82
1600000US5348820,5348820,"Newport city, Washington",43,41,23,30,19,30,0,12,1,2
1600000US5349030,5349030,"Nile CDP, Washington",0,12,0,12,0,12,0,12,0,12
1600000US5349193,5349193,"Nisqually Indian Community CDP, Washington",38,23,33,22,0,12,0,12,5,7
1600000US5349275,5349275,"Nooksack city, Washington",380,278,160,120,73,59,0,12,147,123
1600000US5349415,5349415,"Normandy Park city, Washington",251,138,153,104,54,54,0,17,44,44
1600000US5349485,5349485,"North Bend city, Washington",897,563,296,232,127,74,0,17,474,364
1600000US5349555,5349555,"North Bonneville city, Washington",4,7,0,12,0,12,0,12,4,7
1600000US5349765,5349765,"North Fort Lewis CDP, Washington",820,200,91,83,622,148,73,47,34,33
1600000US5349940,5349940,"North Lynnwood CDP, Washington",3092,838,989,428,586,318,20,33,1497,405
1600000US5349992,5349992,"North Marysville CDP, Washington",13,22,0,12,13,22,0,12,0,12
1600000US5350007,5350007,"North Omak CDP, Washington",51,69,28,35,0,12,0,12,23,35
1600000US5350045,5350045,"Northport town, Washington",0,12,0,12,0,12,0,12,0,12
1600000US5350115,5350115,"North Puyallup CDP, Washington",94,46,34,29,46,33,0,12,14,21
1600000US5350183,5350183,"North Sultan CDP, Washington",0,12,0,12,0,12,0,12,0,12
1600000US5350195,5350195,"Northwest Stanwood CDP, Washington",0,12,0,12,0,12,0,12,0,12
1600000US5350210,5350210,"North Yelm CDP, Washington",287,224,214,150,53,74,0,12,20,34
1600000US5350325,5350325,"Oakesdale town, Washington",10,17,0,12,0,12,0,12,10,17
1600000US5350360,5350360,"Oak Harbor city, Washington",2602,446,670,222,1307,322,138,87,487,205
1600000US5350430,5350430,"Oakville city, Washington",83,80,38,42,36,43,0,12,9,12
1600000US5350500,5350500,"Ocean City CDP, Washington",0,12,0,12,0,12,0,12,0,12
1600000US5350535,5350535,"Ocean Park CDP, Washington",14,23,14,23,0,12,0,12,0,12
1600000US5350570,5350570,"Ocean Shores city, Washington",111,142,24,41,87,105,0,17,0,17
1600000US5350745,5350745,"Odessa town, Washington",57,44,18,18,39,34,0,12,0,12
1600000US5350920,5350920,"Okanogan city, Washington",363,188,187,104,26,27,0,12,150,101
1600000US5351300,5351300,"Olympia city, Washington",3687,676,1453,403,1353,264,98,86,783,344
1600000US5351340,5351340,"Omak city, Washington",937,360,362,152,136,153,0,12,439,205
1600000US5351410,5351410,"Onalaska CDP, Washington",33,51,0,12,0,12,0,12,33,51
1600000US5351795,5351795,"Orchards CDP, Washington",1846,488,533,167,696,246,38,33,579,235
1600000US5351830,5351830,"Orient CDP, Washington",0,12,0,12,0,12,0,12,0,12
1600000US5351970,5351970,"Oroville city, Washington",465,206,157,88,69,70,0,12,239,143
1600000US5352005,5352005,"Orting city, Washington",519,295,239,170,70,61,35,45,175,156
1600000US5352110,5352110,"Oso CDP, Washington",0,12,0,12,0,12,0,12,0,12
1600000US5352215,5352215,"Othello city, Washington",6039,234,2996,398,686,222,17,21,2340,298
1600000US5352267,5352267,"Otis Orchards-East Farms CDP, Washington",196,143,66,85,91,91,0,17,39,44
1600000US5352285,5352285,"Outlook CDP, Washington",300,467,134,210,93,145,0,12,73,113
1600000US5352378,5352378,"Oyehut CDP, Washington",0,12,0,12,0,12,0,12,0,12
1600000US5352495,5352495,"Pacific city, Washington",1417,362,675,262,347,244,21,35,374,192
1600000US5352530,5352530,"Pacific Beach CDP, Washington",0,12,0,12,0,12,0,12,0,12
1600000US5352600,5352600,"Packwood CDP, Washington",0,12,0,12,0,12,0,12,0,12
1600000US5352950,5352950,"Palouse city, Washington",51,37,21,17,20,22,0,12,10,12
1600000US5353265,5353265,"Parker CDP, Washington",15,24,0,12,0,12,0,12,15,24
1600000US5353335,5353335,"Parkland CDP, Washington",5464,742,2125,410,1297,420,123,80,1919,376
1600000US5353440,5353440,"Parkwood CDP, Washington",439,167,106,78,325,136,0,17,8,13
1600000US5353545,5353545,"Pasco city, Washington",38893,776,19280,892,4440,578,368,207,14805,893
1600000US5353720,5353720,"Pateros city, Washington",356,207,197,134,37,34,0,12,122,80
1600000US5353800,5353800,"Peaceful Valley CDP, Washington",816,395,427,219,154,130,0,12,235,203
1600000US5353930,5353930,"Pe Ell town, Washington",4,8,0,12,4,8,0,12,0,12
1600000US5354213,5354213,"Picnic Point CDP, Washington",418,155,178,117,111,55,0,17,129,76
1600000US5354405,5354405,"Pine Grove CDP, Washington",0,12,0,12,0,12,0,12,0,12
1600000US5355015,5355015,"Point Roberts CDP, Washington",30,29,6,9,20,25,4,8,0,12
1600000US5355120,5355120,"Pomeroy city, Washington",53,52,18,20,29,34,0,12,6,11
1600000US5355365,5355365,"Port Angeles city, Washington",1057,279,396,174,525,205,19,20,117,64
1600000US5355400,5355400,"Port Angeles East CDP, Washington",110,87,17,26,93,82,0,12,0,12
1600000US5355540,5355540,"Porter CDP, Washington",0,12,0,12,0,12,0,12,0,12
1600000US5355612,5355612,"Port Gamble Tribal Community CDP, Washington",28,20,16,14,6,8,1,2,5,5
1600000US5355620,5355620,"Port Hadlock-Irondale CDP, Washington",167,102,56,55,46,53,6,11,59,51
1600000US5355645,5355645,"Port Ludlow CDP, Washington",127,109,67,88,48,46,12,18,0,12
1600000US5355785,5355785,"Port Orchard city, Washington",1332,391,353,160,901,316,21,25,57,51
1600000US5355855,5355855,"Port Townsend city, Washington",308,139,53,65,206,103,0,17,49,56
1600000US5355995,5355995,"Poulsbo city, Washington",1235,329,469,200,378,174,6,10,382,175
1600000US5356150,5356150,"Prairie Heights CDP, Washington",799,382,375,188,140,83,16,25,268,219
1600000US5356170,5356170,"Prairie Ridge CDP, Washington",1071,371,580,257,336,161,25,39,130,88
1600000US5356240,5356240,"Prescott city, Washington",82,110,59,89,0,12,0,12,23,23
1600000US5356450,5356450,"Prosser city, Washington",2286,591,1489,417,159,156,0,17,638,261
1600000US5356555,5356555,"Puget Island CDP, Washington",0,12,0,12,0,12,0,12,0,12
1600000US5356625,5356625,"Pullman city, Washington",2177,155,897,112,916,179,7,14,357,109
1600000US5356660,5356660,"Purdy CDP, Washington",40,64,22,36,18,29,0,12,0,12
1600000US5356695,5356695,"Puyallup city, Washington",3114,736,938,308,1324,429,208,120,644,313
1600000US5356905,5356905,"Queets CDP, Washington",0,12,0,12,0,12,0,12,0,12
1600000US5356975,5356975,"Quilcene CDP, Washington",3,6,0,12,3,6,0,12,0,12
1600000US5357030,5357030,"Qui-nai-elt Village CDP, Washington",7,10,4,6,0,12,0,12,3,4
1600000US5357115,5357115,"Quincy city, Washington",5536,377,2343,432,528,238,33,68,2632,368
1600000US5357140,5357140,"Raft Island CDP, Washington",0,12,0,12,0,12,0,12,0,12
1600000US5357220,5357220,"Rainier city, Washington",216,110,155,104,54,40,0,12,7,8
1600000US5357395,5357395,"Ravensdale CDP, Washington",8,17,8,17,0,12,0,12,0,12
1600000US5357430,5357430,"Raymond city, Washington",672,187,298,143,11,19,0,12,363,100
1600000US5357465,5357465,"Reardan town, Washington",49,42,10,15,39,42,0,12,0,12
1600000US5357535,5357535,"Redmond city, Washington",4568,1142,1085,415,954,276,224,128,2305,756
1600000US5357745,5357745,"Renton city, Washington",13642,1570,4578,801,2385,443,276,132,6403,966
1600000US5357850,5357850,"Republic city, Washington",103,62,27,31,76,64,0,12,0,12
1600000US5358235,5358235,"Richland city, Washington",5917,651,3468,486,1675,373,28,32,746,185
1600000US5358410,5358410,"Ridgefield city, Washington",207,191,40,63,131,155,0,17,36,57
1600000US5358725,5358725,"Ritzville city, Washington",122,54,62,38,35,22,0,12,25,18
1600000US5358742,5358742,"Riverbend CDP, Washington",120,171,79,127,0,12,0,12,41,49
1600000US5358777,5358777,"River Road CDP, Washington",349,408,100,113,0,12,0,12,249,300
1600000US5358795,5358795,"Riverside town, Washington",21,22,17,21,0,12,0,12,4,7
1600000US5359110,5359110,"Rochester CDP, Washington",414,302,134,108,173,163,0,12,107,162
1600000US5359145,5359145,"Rockford town, Washington",23,24,16,18,7,9,0,12,0,12
1600000US5359180,5359180,"Rock Island city, Washington",599,284,348,186,46,62,0,12,205,110
1600000US5359250,5359250,"Rockport CDP, Washington",0,12,0,12,0,12,0,12,0,12
1600000US5359390,5359390,"Rocky Point CDP, Washington",23,23,0,12,23,23,0,12,0,12
1600000US5359635,5359635,"Ronald CDP, Washington",0,12,0,12,0,12,0,12,0,12
1600000US5359705,5359705,"Roosevelt CDP, Washington",45,62,12,17,0,12,0,12,33,47
1600000US5359775,5359775,"Rosalia town, Washington",68,51,32,26,29,31,1,3,6,9
1600000US5359845,5359845,"Rosburg CDP, Washington",14,19,0,12,0,12,0,12,14,19
1600000US5359880,5359880,"Rosedale CDP, Washington",182,117,69,53,31,28,0,12,82,70
1600000US5360055,5360055,"Roslyn city, Washington",4,6,4,6,0,12,0,12,0,12
1600000US5360160,5360160,"Roy city, Washington",61,51,25,22,36,39,0,12,0,12
1600000US5360230,5360230,"Royal City city, Washington",1452,419,457,152,121,80,0,12,874,286
1600000US5360510,5360510,"Ruston town, Washington",62,43,20,14,29,37,11,15,2,3
1600000US5360580,5360580,"Ryderwood CDP, Washington",0,12,0,12,0,12,0,12,0,12
1600000US5360860,5360860,"St. John town, Washington",31,25,20,18,5,9,0,12,6,7
1600000US5361000,5361000,"Salmon Creek CDP, Washington",1845,588,602,305,727,231,0,22,516,272
1600000US5361115,5361115,"Sammamish city, Washington",2463,547,737,227,1000,305,74,81,652,235
1600000US5361235,5361235,"Santiago CDP, Washington",0,12,0,12,0,12,0,12,0,12
1600000US5361350,5361350,"Satsop CDP, Washington",0,12,0,12,0,12,0,12,0,12
1600000US5362120,5362120,"Seabeck CDP, Washington",31,46,0,12,31,46,0,12,0,12
1600000US5362288,5362288,"SeaTac city, Washington",5225,662,1903,343,826,255,7,13,2489,492
1600000US5363000,5363000,"Seattle city, Washington",44505,2080,13225,1157,15418,1008,1518,322,14344,1170
1600000US5363210,5363210,"Sedro-Woolley city, Washington",1715,435,794,261,498,340,0,19,423,182
1600000US5363245,5363245,"Sekiu CDP, Washington",0,12,0,12,0,12,0,12,0,12
1600000US5363280,5363280,"Selah city, Washington",839,454,387,256,163,130,0,17,289,191
1600000US5363385,5363385,"Sequim city, Washington",604,290,162,140,318,161,0,17,124,97
1600000US5363545,5363545,"Shadow Lake CDP, Washington",179,126,112,113,67,67,0,12,0,12
1600000US5363735,5363735,"Shelton city, Washington",1883,524,748,228,221,84,13,15,901,406
1600000US5363960,5363960,"Shoreline city, Washington",5276,900,1555,378,1319,372,124,81,2278,566
1600000US5364190,5364190,"Silvana CDP, Washington",0,12,0,12,0,12,0,12,0,12
1600000US5364365,5364365,"Silverdale CDP, Washington",1798,433,577,272,833,293,104,89,284,161
1600000US5364380,5364380,"Silver Firs CDP, Washington",1577,468,740,337,509,167,20,31,308,113
1600000US5364610,5364610,"Sisco Heights CDP, Washington",121,77,62,50,59,43,0,12,0,12
1600000US5364755,5364755,"Skamokawa Valley CDP, Washington",0,12,0,12,0,12,0,12,0,12
1600000US5364775,5364775,"Skokomish CDP, Washington",32,17,13,10,19,12,0,12,0,12
1600000US5364855,5364855,"Skykomish town, Washington",0,12,0,12,0,12,0,12,0,12
1600000US5365170,5365170,"Snohomish city, Washington",917,501,328,188,113,65,94,122,382,300
1600000US5365205,5365205,"Snoqualmie city, Washington",421,217,158,114,134,78,0,19,129,97
1600000US5365275,5365275,"Snoqualmie Pass CDP, Washington",21,19,0,12,20,18,0,12,1,4
1600000US5365345,5365345,"Soap Lake city, Washington",331,201,85,85,135,85,0,12,111,90
1600000US5365625,5365625,"South Bend city, Washington",330,149,138,85,28,27,8,12,156,85
1600000US5365765,5365765,"South Cle Elum town, Washington",46,59,15,23,9,14,0,12,22,35
1600000US5365810,5365810,"South Creek CDP, Washington",66,82,50,78,16,26,0,12,0,12
1600000US5365922,5365922,"South Hill CDP, Washington",6674,1072,3316,780,1778,402,285,140,1295,453
1600000US5366045,5366045,"South Prairie town, Washington",7,11,0,12,5,8,0,12,2,3
1600000US5366185,5366185,"South Wenatchee CDP, Washington",1110,667,292,287,544,559,0,12,274,168
1600000US5366220,5366220,"Southworth CDP, Washington",116,82,13,17,87,63,2,5,14,28
1600000US5366255,5366255,"Spanaway CDP, Washington",3840,750,1760,513,1201,267,202,209,677,312
1600000US5366290,5366290,"Spangle city, Washington",3,5,0,12,3,5,0,12,0,12
1600000US5367000,5367000,"Spokane city, Washington",13100,939,6431,636,4610,646,540,228,1519,321
1600000US5367167,5367167,"Spokane Valley city, Washington",5331,748,2125,489,1854,327,46,40,1306,445
1600000US5367175,5367175,"Sprague city, Washington",28,19,13,8,10,10,0,12,5,8
1600000US5367210,5367210,"Springdale town, Washington",39,60,24,37,0,12,6,9,9,17
1600000US5367435,5367435,"Stansberry Lake CDP, Washington",253,165,111,106,142,85,0,12,0,12
1600000US5367455,5367455,"Stanwood city, Washington",614,353,149,135,420,321,24,38,21,33
1600000US5367490,5367490,"Starbuck town, Washington",0,12,0,12,0,12,0,12,0,12
1600000US5367595,5367595,"Startup CDP, Washington",0,12,0,12,0,12,0,12,0,12
1600000US5367770,5367770,"Steilacoom town, Washington",477,185,184,117,178,100,28,22,87,65
1600000US5367805,5367805,"Steptoe CDP, Washington",5,7,5,7,0,12,0,12,0,12
1600000US5367875,5367875,"Stevenson city, Washington",47,31,11,14,22,18,6,9,8,11
1600000US5368200,5368200,"Sudden Valley CDP, Washington",893,373,467,293,308,187,38,44,80,67
1600000US5368260,5368260,"Sultan city, Washington",523,116,119,71,196,112,0,12,208,100
1600000US5368330,5368330,"Sumas city, Washington",322,243,150,96,13,15,17,26,142,159
1600000US5368365,5368365,"Summit CDP, Washington",481,268,260,194,112,85,34,57,75,62
1600000US5368410,5368410,"Summit View CDP, Washington",595,344,192,143,240,118,9,14,154,242
1600000US5368417,5368417,"Summitview CDP, Washington",214,155,143,119,46,43,0,12,25,28
1600000US5368435,5368435,"Sumner city, Washington",1002,391,373,190,410,311,19,35,200,119
1600000US5368480,5368480,"Sunday Lake CDP, Washington",48,54,48,54,0,12,0,12,0,12
1600000US5368750,5368750,"Sunnyside city, Washington",14236,462,8003,563,1582,422,40,54,4611,496
1600000US5368785,5368785,"Sunnyslope CDP, Washington",244,165,136,135,97,74,0,12,11,17
1600000US5369170,5369170,"Suquamish CDP, Washington",276,81,106,36,96,36,8,8,66,29
1600000US5369280,5369280,"Swede Heaven CDP, Washington",9,14,0,12,0,12,0,12,9,14
1600000US5370000,5370000,"Tacoma city, Washington",24021,1466,9951,974,6628,652,669,166,6773,856
1600000US5370175,5370175,"Taholah CDP, Washington",74,33,72,32,0,12,0,12,2,5
1600000US5370245,5370245,"Tampico CDP, Washington",0,12,0,12,0,12,0,12,0,12
1600000US5370280,5370280,"Tanglewilde CDP, Washington",505,245,111,102,276,122,36,42,82,79
1600000US5370315,5370315,"Tanner CDP, Washington",7,12,0,12,0,12,7,12,0,12
1600000US5370560,5370560,"Tekoa city, Washington",83,58,31,29,39,37,0,12,13,20
1600000US5370630,5370630,"Tenino city, Washington",115,87,37,36,34,33,0,12,44,47
1600000US5370805,5370805,"Terrace Heights CDP, Washington",1298,311,731,240,331,184,1,2,235,188
1600000US5371225,5371225,"Thorp CDP, Washington",1,4,1,4,0,12,0,12,0,12
1600000US5371330,5371330,"Three Lakes CDP, Washington",39,36,12,18,17,26,0,12,10,15
1600000US5371400,5371400,"Tieton city, Washington",1060,368,484,225,69,52,7,11,500,179
1600000US5371680,5371680,"Tokeland CDP, Washington",0,12,0,12,0,12,0,12,0,12
1600000US5371785,5371785,"Toledo city, Washington",63,58,15,15,21,26,0,12,27,43
1600000US5371890,5371890,"Tonasket city, Washington",88,65,6,7,49,48,0,12,33,30
1600000US5371960,5371960,"Toppenish city, Washington",7547,204,4139,276,670,133,14,16,2724,235
1600000US5371995,5371995,"Torboy CDP, Washington",0,12,0,12,0,12,0,12,0,12
1600000US5372030,5372030,"Touchet CDP, Washington",96,78,33,31,33,27,0,12,30,31
1600000US5372170,5372170,"Town and Country CDP, Washington",173,107,44,39,105,65,0,17,24,23
1600000US5372205,5372205,"Tracyton CDP, Washington",379,178,134,91,144,100,10,17,91,82
1600000US5372450,5372450,"Trout Lake CDP, Washington",27,35,2,7,9,13,5,10,11,19
1600000US5372625,5372625,"Tukwila city, Washington",3007,658,969,263,526,260,79,98,1433,378
1600000US5372905,5372905,"Tumwater city, Washington",1405,333,527,259,635,171,101,60,142,88
1600000US5373065,5373065,"Twin Lakes CDP, Washington",0,12,0,12,0,12,0,12,0,12
1600000US5373080,5373080,"Twisp town, Washington",144,126,62,60,27,42,4,11,51,57
1600000US5373255,5373255,"Union CDP, Washington",0,12,0,12,0,12,0,12,0,12
1600000US5373290,5373290,"Union Gap city, Washington",3396,256,1453,252,518,185,6,10,1419,239
1600000US5373307,5373307,"Union Hill-Novelty Hill CDP, Washington",912,341,330,205,308,170,40,31,234,106
1600000US5373360,5373360,"Uniontown town, Washington",0,12,0,12,0,12,0,12,0,12
1600000US5373465,5373465,"University Place city, Washington",2599,479,1102,303,969,249,134,82,394,192
1600000US5373580,5373580,"Upper Elochoman CDP, Washington",0,12,0,12,0,12,0,12,0,12
1600000US5373780,5373780,"Vader city, Washington",106,102,61,69,10,12,0,12,35,45
1600000US5373885,5373885,"Valley CDP, Washington",0,12,0,12,0,12,0,12,0,12
1600000US5374060,5374060,"Vancouver city, Washington",21814,933,5771,698,8423,834,314,117,7306,562
1600000US5374200,5374200,"Vantage CDP, Washington",0,12,0,12,0,12,0,12,0,12
1600000US5374305,5374305,"Vashon CDP, Washington",461,264,183,125,162,81,19,30,97,126
1600000US5374445,5374445,"Vaughn CDP, Washington",17,22,1,2,0,12,0,12,16,21
1600000US5374585,5374585,"Venersborg CDP, Washington",104,122,29,46,69,79,0,12,6,10
1600000US5374760,5374760,"Verlot CDP, Washington",289,456,185,301,46,74,0,12,58,83
1600000US5375565,5375565,"Waitsburg city, Washington",58,43,35,33,14,9,0,12,9,11
1600000US5375775,5375775,"Walla Walla city, Washington",8017,588,3799,462,1452,270,50,51,2716,429
1600000US5375810,5375810,"Walla Walla East CDP, Washington",153,223,74,119,37,58,0,12,42,51
1600000US5375905,5375905,"Waller CDP, Washington",466,198,180,89,153,78,43,59,90,67
1600000US5375985,5375985,"Wallula CDP, Washington",275,279,114,173,102,112,0,12,59,86
1600000US5376055,5376055,"Walnut Grove CDP, Washington",828,302,217,120,311,196,69,71,231,119
1600000US5376125,5376125,"Wapato city, Washington",3990,290,2096,233,426,105,0,17,1468,197
1600000US5376160,5376160,"Warden city, Washington",2129,162,982,133,299,83,65,53,783,148
1600000US5376195,5376195,"Warm Beach CDP, Washington",75,117,64,100,11,17,0,12,0,12
1600000US5376405,5376405,"Washougal city, Washington",785,382,446,309,202,108,18,22,119,99
1600000US5376440,5376440,"Washtucna town, Washington",6,10,5,7,1,3,0,12,0,12
1600000US5376510,5376510,"Waterville town, Washington",10,14,10,14,0,12,0,12,0,12
1600000US5376615,5376615,"Wauna CDP, Washington",120,84,12,18,74,66,0,12,34,42
1600000US5376720,5376720,"Waverly town, Washington",0,12,0,12,0,12,0,12,0,12
1600000US5377105,5377105,"Wenatchee city, Washington",10675,1113,4803,643,2177,532,178,173,3517,711
1600000US5377297,5377297,"West Clarkston-Highland CDP, Washington",181,175,126,173,55,64,0,17,0,17
1600000US5377612,5377612,"West Pasco CDP, Washington",134,113,93,100,22,26,0,12,19,29
1600000US5377630,5377630,"Westport city, Washington",115,93,46,53,57,51,12,19,0,12
1600000US5377665,5377665,"West Richland city, Washington",1590,391,951,290,341,127,47,48,251,151
1600000US5377745,5377745,"West Side Highway CDP, Washington",265,180,75,135,141,77,0,17,49,61
1600000US5378155,5378155,"Whidbey Island Station CDP, Washington",363,106,26,31,268,93,0,12,69,54
1600000US5378225,5378225,"White Center CDP, Washington",3505,832,1263,388,445,185,14,18,1783,462
1600000US5378330,5378330,"White Salmon city, Washington",206,178,60,72,37,41,15,23,94,102
1600000US5378365,5378365,"White Swan CDP, Washington",149,92,94,58,0,12,0,12,55,44
1600000US5378680,5378680,"Wilbur town, Washington",3,4,0,12,3,4,0,12,0,12
1600000US5378780,5378780,"Wilderness Rim CDP, Washington",29,50,15,25,14,25,0,12,0,12
1600000US5378925,5378925,"Wilkeson town, Washington",0,12,0,12,0,12,0,12,0,12
1600000US5378995,5378995,"Willapa CDP, Washington",0,12,0,12,0,12,0,12,0,12
1600000US5379135,5379135,"Wilson Creek town, Washington",17,23,4,8,5,8,0,12,8,9
1600000US5379275,5379275,"Winlock city, Washington",455,221,241,111,33,28,0,12,181,117
1600000US5379380,5379380,"Winthrop town, Washington",82,113,5,8,13,25,0,12,64,88
1600000US5379485,5379485,"Wishram CDP, Washington",13,23,0,12,13,23,0,12,0,12
1600000US5379555,5379555,"Wollochet CDP, Washington",301,219,117,106,127,101,4,8,53,82
1600000US5379590,5379590,"Woodinville city, Washington",361,165,43,42,288,159,0,19,30,29
1600000US5379625,5379625,"Woodland city, Washington",1069,295,353,98,312,117,0,17,404,222
1600000US5379825,5379825,"Woods Creek CDP, Washington",518,243,256,142,136,81,0,17,126,97
1600000US5379835,5379835,"Woodway city, Washington",40,30,2,4,16,12,16,21,6,7
1600000US5379975,5379975,"Yacolt town, Washington",39,35,27,27,12,18,0,12,0,12
1600000US5380010,5380010,"Yakima city, Washington",43041,1185,21796,1140,5708,782,387,177,15150,1046
1600000US5380150,5380150,"Yarrow Point town, Washington",15,17,0,12,5,7,0,12,10,11
1600000US5380220,5380220,"Yelm city, Washington",1520,408,390,157,782,300,202,121,146,91
1600000US5380500,5380500,"Zillah city, Washington",1268,319,623,177,230,133,11,15,404,179
