GEO.id,GEO.id2,GEO.display-label,HD01_VD01,HD02_VD01,HD01_VD02,HD02_VD02,HD01_VD03,HD02_VD03,HD01_VD04,HD02_VD04,HD01_VD05,HD02_VD05
Id,Id2,Geography,Estimate; Total:,Margin of Error; Total:,Estimate; Total: - Born in state of residence,Margin of Error; Total: - Born in state of residence,Estimate; Total: - Born in other state in the United States,Margin of Error; Total: - Born in other state in the United States,Estimate; Total: - Native; born outside the United States,Margin of Error; Total: - Native; born outside the United States,Estimate; Total: - Foreign born,Margin of Error; Total: - Foreign born
0500000US53033,53033,"King County, Washington",129688,2639,76281,2378,37857,1597,5597,564,9953,1102
1400000US53033000100,53033000100,"Census Tract 1, King County, Washington",658,316,468,308,114,67,76,64,0,17
1400000US53033000200,53033000200,"Census Tract 2, King County, Washington",539,209,214,113,122,70,133,112,70,60
1400000US53033000300,53033000300,"Census Tract 3, King County, Washington",181,126,77,97,74,57,16,24,14,20
1400000US53033000401,53033000401,"Census Tract 4.01, King County, Washington",490,297,150,105,266,186,74,120,0,17
1400000US53033000402,53033000402,"Census Tract 4.02, King County, Washington",270,169,84,65,91,67,32,53,63,88
1400000US53033000500,53033000500,"Census Tract 5, King County, Washington",151,101,92,82,27,26,0,12,32,28
1400000US53033000600,53033000600,"Census Tract 6, King County, Washington",424,205,228,132,196,106,0,17,0,17
1400000US53033000700,53033000700,"Census Tract 7, King County, Washington",170,99,47,50,101,98,22,32,0,12
1400000US53033000800,53033000800,"Census Tract 8, King County, Washington",164,97,96,60,60,50,8,14,0,12
1400000US53033000900,53033000900,"Census Tract 9, King County, Washington",58,34,49,33,2,6,0,12,7,11
1400000US53033001000,53033001000,"Census Tract 10, King County, Washington",117,56,73,43,44,25,0,12,0,12
1400000US53033001100,53033001100,"Census Tract 11, King County, Washington",148,79,110,69,38,31,0,12,0,12
1400000US53033001200,53033001200,"Census Tract 12, King County, Washington",547,212,299,146,128,88,33,40,87,84
1400000US53033001300,53033001300,"Census Tract 13, King County, Washington",290,129,174,90,100,86,16,25,0,12
1400000US53033001400,53033001400,"Census Tract 14, King County, Washington",594,375,251,149,92,84,0,17,251,341
1400000US53033001500,53033001500,"Census Tract 15, King County, Washington",79,57,18,20,61,45,0,12,0,12
1400000US53033001600,53033001600,"Census Tract 16, King County, Washington",336,182,171,115,165,107,0,12,0,12
1400000US53033001701,53033001701,"Census Tract 17.01, King County, Washington",320,134,216,125,68,45,28,40,8,13
1400000US53033001702,53033001702,"Census Tract 17.02, King County, Washington",344,127,230,108,60,55,0,12,54,48
1400000US53033001800,53033001800,"Census Tract 18, King County, Washington",563,220,201,119,251,169,111,118,0,17
1400000US53033001900,53033001900,"Census Tract 19, King County, Washington",236,103,72,62,113,71,16,18,35,26
1400000US53033002000,53033002000,"Census Tract 20, King County, Washington",197,97,117,66,78,49,0,12,2,8
1400000US53033002100,53033002100,"Census Tract 21, King County, Washington",110,89,60,56,9,14,13,20,28,46
1400000US53033002200,53033002200,"Census Tract 22, King County, Washington",347,137,255,132,70,70,12,18,10,19
1400000US53033002400,53033002400,"Census Tract 24, King County, Washington",201,98,84,48,109,85,0,12,8,14
1400000US53033002500,53033002500,"Census Tract 25, King County, Washington",234,152,105,81,129,102,0,12,0,12
1400000US53033002600,53033002600,"Census Tract 26, King County, Washington",286,114,148,78,122,73,0,17,16,24
1400000US53033002700,53033002700,"Census Tract 27, King County, Washington",559,268,368,195,191,141,0,17,0,17
1400000US53033002800,53033002800,"Census Tract 28, King County, Washington",341,199,168,117,96,85,77,73,0,12
1400000US53033002900,53033002900,"Census Tract 29, King County, Washington",170,113,130,104,32,29,8,13,0,12
1400000US53033003000,53033003000,"Census Tract 30, King County, Washington",399,191,248,135,151,95,0,17,0,17
1400000US53033003100,53033003100,"Census Tract 31, King County, Washington",205,135,147,104,58,48,0,17,0,17
1400000US53033003200,53033003200,"Census Tract 32, King County, Washington",351,175,142,100,98,82,22,36,89,104
1400000US53033003300,53033003300,"Census Tract 33, King County, Washington",427,190,244,130,145,85,38,45,0,17
1400000US53033003400,53033003400,"Census Tract 34, King County, Washington",182,74,118,61,35,27,11,16,18,22
1400000US53033003500,53033003500,"Census Tract 35, King County, Washington",183,116,102,68,81,61,0,12,0,12
1400000US53033003600,53033003600,"Census Tract 36, King County, Washington",320,148,203,120,84,61,15,23,18,30
1400000US53033003800,53033003800,"Census Tract 38, King County, Washington",145,60,97,48,43,31,0,12,5,7
1400000US53033003900,53033003900,"Census Tract 39, King County, Washington",179,82,139,68,40,32,0,12,0,12
1400000US53033004000,53033004000,"Census Tract 40, King County, Washington",228,97,121,78,74,56,24,24,9,14
1400000US53033004100,53033004100,"Census Tract 41, King County, Washington",353,154,236,115,117,73,0,17,0,17
1400000US53033004200,53033004200,"Census Tract 42, King County, Washington",307,143,151,85,48,47,43,48,65,59
1400000US53033004301,53033004301,"Census Tract 43.01, King County, Washington",188,96,63,59,116,71,9,14,0,12
1400000US53033004302,53033004302,"Census Tract 43.02, King County, Washington",265,110,104,57,131,75,30,35,0,12
1400000US53033004400,53033004400,"Census Tract 44, King County, Washington",349,166,160,126,156,84,0,17,33,37
1400000US53033004500,53033004500,"Census Tract 45, King County, Washington",196,84,111,60,58,49,27,38,0,12
1400000US53033004600,53033004600,"Census Tract 46, King County, Washington",95,68,50,43,45,37,0,12,0,12
1400000US53033004700,53033004700,"Census Tract 47, King County, Washington",687,315,477,289,167,117,43,70,0,17
1400000US53033004800,53033004800,"Census Tract 48, King County, Washington",317,208,87,73,230,190,0,17,0,17
1400000US53033004900,53033004900,"Census Tract 49, King County, Washington",426,193,156,90,113,73,144,124,13,20
1400000US53033005000,53033005000,"Census Tract 50, King County, Washington",225,140,150,91,75,103,0,12,0,12
1400000US53033005100,53033005100,"Census Tract 51, King County, Washington",120,72,82,64,24,24,14,16,0,12
1400000US53033005200,53033005200,"Census Tract 52, King County, Washington",456,186,198,104,202,128,6,11,50,46
1400000US53033005301,53033005301,"Census Tract 53.01, King County, Washington",797,191,352,123,345,143,31,31,69,70
1400000US53033005302,53033005302,"Census Tract 53.02, King County, Washington",527,161,278,126,212,87,11,17,26,32
1400000US53033005400,53033005400,"Census Tract 54, King County, Washington",497,192,168,99,176,124,74,59,79,70
1400000US53033005600,53033005600,"Census Tract 56, King County, Washington",370,186,155,83,174,124,19,30,22,34
1400000US53033005700,53033005700,"Census Tract 57, King County, Washington",289,168,157,96,81,74,0,17,51,63
1400000US53033005801,53033005801,"Census Tract 58.01, King County, Washington",252,133,120,75,132,117,0,17,0,17
1400000US53033005802,53033005802,"Census Tract 58.02, King County, Washington",312,133,123,106,160,110,10,17,19,30
1400000US53033005900,53033005900,"Census Tract 59, King County, Washington",558,148,309,132,204,102,45,53,0,17
1400000US53033006000,53033006000,"Census Tract 60, King County, Washington",458,176,252,127,154,98,0,17,52,59
1400000US53033006100,53033006100,"Census Tract 61, King County, Washington",247,126,74,63,135,95,0,17,38,31
1400000US53033006200,53033006200,"Census Tract 62, King County, Washington",191,87,114,67,77,55,0,12,0,12
1400000US53033006300,53033006300,"Census Tract 63, King County, Washington",308,168,172,124,62,50,19,28,55,67
1400000US53033006400,53033006400,"Census Tract 64, King County, Washington",186,113,129,104,47,48,0,12,10,16
1400000US53033006500,53033006500,"Census Tract 65, King County, Washington",311,153,135,116,132,82,29,47,15,24
1400000US53033006600,53033006600,"Census Tract 66, King County, Washington",371,206,114,122,211,156,31,37,15,24
1400000US53033006700,53033006700,"Census Tract 67, King County, Washington",551,304,266,223,106,124,0,17,179,152
1400000US53033006800,53033006800,"Census Tract 68, King County, Washington",148,89,92,66,45,43,11,17,0,12
1400000US53033006900,53033006900,"Census Tract 69, King County, Washington",220,100,209,104,11,19,0,12,0,12
1400000US53033007000,53033007000,"Census Tract 70, King County, Washington",379,200,166,119,213,162,0,17,0,17
1400000US53033007100,53033007100,"Census Tract 71, King County, Washington",227,109,82,63,46,42,40,38,59,51
1400000US53033007200,53033007200,"Census Tract 72, King County, Washington",845,566,133,100,300,142,0,17,412,539
1400000US53033007300,53033007300,"Census Tract 73, King County, Washington",428,159,122,78,247,141,42,58,17,29
1400000US53033007401,53033007401,"Census Tract 74.01, King County, Washington",369,177,220,148,117,109,0,17,32,52
1400000US53033007402,53033007402,"Census Tract 74.02, King County, Washington",515,174,107,73,385,203,6,15,17,27
1400000US53033007500,53033007500,"Census Tract 75, King County, Washington",846,389,460,256,278,221,33,59,75,122
1400000US53033007600,53033007600,"Census Tract 76, King County, Washington",186,98,59,70,112,66,0,12,15,23
1400000US53033007700,53033007700,"Census Tract 77, King County, Washington",387,216,247,140,140,98,0,17,0,17
1400000US53033007800,53033007800,"Census Tract 78, King County, Washington",727,326,444,227,273,169,0,17,10,16
1400000US53033007900,53033007900,"Census Tract 79, King County, Washington",235,120,77,68,112,74,25,39,21,34
1400000US53033008001,53033008001,"Census Tract 80.01, King County, Washington",241,135,163,111,57,68,21,34,0,17
1400000US53033008002,53033008002,"Census Tract 80.02, King County, Washington",223,139,39,41,184,133,0,12,0,12
1400000US53033008100,53033008100,"Census Tract 81, King County, Washington",282,108,75,57,190,117,17,27,0,12
1400000US53033008200,53033008200,"Census Tract 82, King County, Washington",138,80,56,54,64,54,0,12,18,27
1400000US53033008300,53033008300,"Census Tract 83, King County, Washington",69,37,40,38,29,28,0,12,0,12
1400000US53033008400,53033008400,"Census Tract 84, King County, Washington",149,95,35,38,56,47,12,20,46,56
1400000US53033008500,53033008500,"Census Tract 85, King County, Washington",335,115,246,105,89,53,0,12,0,12
1400000US53033008600,53033008600,"Census Tract 86, King County, Washington",344,132,48,40,245,112,0,17,51,47
1400000US53033008700,53033008700,"Census Tract 87, King County, Washington",464,154,202,106,218,102,44,38,0,12
1400000US53033008800,53033008800,"Census Tract 88, King County, Washington",321,137,207,98,103,68,11,17,0,12
1400000US53033008900,53033008900,"Census Tract 89, King County, Washington",663,363,426,319,150,98,87,92,0,17
1400000US53033009000,53033009000,"Census Tract 90, King County, Washington",292,104,97,64,137,63,15,26,43,46
1400000US53033009100,53033009100,"Census Tract 91, King County, Washington",155,97,50,45,75,58,30,28,0,12
1400000US53033009200,53033009200,"Census Tract 92, King County, Washington",169,83,57,51,79,45,4,10,29,36
1400000US53033009300,53033009300,"Census Tract 93, King County, Washington",277,85,137,66,123,55,17,35,0,12
1400000US53033009400,53033009400,"Census Tract 94, King County, Washington",615,203,286,170,317,132,0,17,12,19
1400000US53033009500,53033009500,"Census Tract 95, King County, Washington",412,208,145,115,125,87,77,81,65,54
1400000US53033009600,53033009600,"Census Tract 96, King County, Washington",388,193,313,174,37,43,38,47,0,17
1400000US53033009701,53033009701,"Census Tract 97.01, King County, Washington",339,180,284,181,38,43,17,29,0,17
1400000US53033009702,53033009702,"Census Tract 97.02, King County, Washington",356,213,320,211,36,46,0,17,0,17
1400000US53033009800,53033009800,"Census Tract 98, King County, Washington",395,218,283,173,61,68,0,17,51,75
1400000US53033009900,53033009900,"Census Tract 99, King County, Washington",453,178,333,155,94,96,0,17,26,29
1400000US53033010001,53033010001,"Census Tract 100.01, King County, Washington",163,74,122,67,19,23,14,16,8,12
1400000US53033010002,53033010002,"Census Tract 100.02, King County, Washington",321,147,237,110,42,34,7,10,35,37
1400000US53033010100,53033010100,"Census Tract 101, King County, Washington",575,342,311,268,126,89,105,87,33,40
1400000US53033010200,53033010200,"Census Tract 102, King County, Washington",193,88,94,69,80,51,0,12,19,29
1400000US53033010300,53033010300,"Census Tract 103, King County, Washington",409,185,153,88,242,154,0,17,14,24
1400000US53033010401,53033010401,"Census Tract 104.01, King County, Washington",151,80,88,53,58,51,5,11,0,12
1400000US53033010402,53033010402,"Census Tract 104.02, King County, Washington",334,126,206,95,80,53,7,12,41,35
1400000US53033010500,53033010500,"Census Tract 105, King County, Washington",526,235,255,155,238,112,20,33,13,21
1400000US53033010600,53033010600,"Census Tract 106, King County, Washington",527,193,375,155,138,103,14,23,0,17
1400000US53033010701,53033010701,"Census Tract 107.01, King County, Washington",144,74,125,68,19,18,0,12,0,12
1400000US53033010702,53033010702,"Census Tract 107.02, King County, Washington",306,216,195,161,111,99,0,12,0,12
1400000US53033010800,53033010800,"Census Tract 108, King County, Washington",490,167,353,146,78,75,34,47,25,31
1400000US53033010900,53033010900,"Census Tract 109, King County, Washington",65,33,24,27,41,22,0,12,0,12
1400000US53033011001,53033011001,"Census Tract 110.01, King County, Washington",98,77,27,31,60,67,11,25,0,12
1400000US53033011002,53033011002,"Census Tract 110.02, King County, Washington",69,92,60,86,9,16,0,12,0,12
1400000US53033011101,53033011101,"Census Tract 111.01, King County, Washington",410,177,289,157,113,71,8,14,0,17
1400000US53033011102,53033011102,"Census Tract 111.02, King County, Washington",445,240,190,87,65,49,83,116,107,156
1400000US53033011200,53033011200,"Census Tract 112, King County, Washington",762,418,630,350,123,104,0,12,9,15
1400000US53033011300,53033011300,"Census Tract 113, King County, Washington",1454,542,1125,390,147,91,29,34,153,215
1400000US53033011401,53033011401,"Census Tract 114.01, King County, Washington",370,164,180,96,134,94,44,33,12,19
1400000US53033011402,53033011402,"Census Tract 114.02, King County, Washington",295,140,216,127,42,44,26,25,11,16
1400000US53033011500,53033011500,"Census Tract 115, King County, Washington",230,99,113,56,94,66,8,11,15,17
1400000US53033011600,53033011600,"Census Tract 116, King County, Washington",348,216,229,178,114,76,5,11,0,17
1400000US53033011700,53033011700,"Census Tract 117, King County, Washington",765,442,507,304,183,143,0,17,75,60
1400000US53033011800,53033011800,"Census Tract 118, King County, Washington",930,428,690,326,180,114,15,27,45,61
1400000US53033011900,53033011900,"Census Tract 119, King County, Washington",368,258,196,112,172,187,0,17,0,17
1400000US53033012000,53033012000,"Census Tract 120, King County, Washington",217,110,171,100,34,30,0,12,12,19
1400000US53033012100,53033012100,"Census Tract 121, King County, Washington",141,79,84,52,57,45,0,12,0,12
1400000US53033020100,53033020100,"Census Tract 201, King County, Washington",106,63,52,50,18,21,0,12,36,29
1400000US53033020200,53033020200,"Census Tract 202, King County, Washington",366,183,220,141,79,75,26,43,41,51
1400000US53033020300,53033020300,"Census Tract 203, King County, Washington",286,165,170,123,62,95,0,17,54,47
1400000US53033020401,53033020401,"Census Tract 204.01, King County, Washington",178,90,110,54,48,52,14,21,6,10
1400000US53033020402,53033020402,"Census Tract 204.02, King County, Washington",385,204,193,108,192,182,0,17,0,17
1400000US53033020500,53033020500,"Census Tract 205, King County, Washington",308,140,166,112,103,75,14,23,25,28
1400000US53033020600,53033020600,"Census Tract 206, King County, Washington",148,83,69,50,79,61,0,12,0,12
1400000US53033020700,53033020700,"Census Tract 207, King County, Washington",158,90,73,65,72,54,0,12,13,19
1400000US53033020800,53033020800,"Census Tract 208, King County, Washington",196,145,143,143,42,32,11,18,0,12
1400000US53033020900,53033020900,"Census Tract 209, King County, Washington",157,95,81,69,76,50,0,12,0,12
1400000US53033021000,53033021000,"Census Tract 210, King County, Washington",337,239,241,188,59,60,37,56,0,17
1400000US53033021100,53033021100,"Census Tract 211, King County, Washington",413,186,162,78,234,185,17,25,0,12
1400000US53033021300,53033021300,"Census Tract 213, King County, Washington",214,134,71,53,65,50,0,12,78,76
1400000US53033021400,53033021400,"Census Tract 214, King County, Washington",371,158,232,127,81,58,27,25,31,24
1400000US53033021500,53033021500,"Census Tract 215, King County, Washington",208,118,140,94,39,39,11,16,18,20
1400000US53033021600,53033021600,"Census Tract 216, King County, Washington",335,122,212,94,50,45,0,17,73,50
1400000US53033021700,53033021700,"Census Tract 217, King County, Washington",507,263,381,254,111,74,15,25,0,17
1400000US53033021802,53033021802,"Census Tract 218.02, King County, Washington",96,62,50,38,46,45,0,17,0,17
1400000US53033021803,53033021803,"Census Tract 218.03, King County, Washington",421,166,237,142,110,53,12,20,62,51
1400000US53033021804,53033021804,"Census Tract 218.04, King County, Washington",281,159,110,76,121,88,31,42,19,30
1400000US53033021903,53033021903,"Census Tract 219.03, King County, Washington",297,174,218,154,34,37,0,17,45,45
1400000US53033021904,53033021904,"Census Tract 219.04, King County, Washington",302,136,227,130,41,28,16,24,18,20
1400000US53033021905,53033021905,"Census Tract 219.05, King County, Washington",163,92,47,48,81,78,0,17,35,39
1400000US53033021906,53033021906,"Census Tract 219.06, King County, Washington",341,152,174,83,149,113,0,12,18,21
1400000US53033022001,53033022001,"Census Tract 220.01, King County, Washington",550,247,349,205,150,130,34,40,17,28
1400000US53033022003,53033022003,"Census Tract 220.03, King County, Washington",418,167,222,101,144,69,18,21,34,43
1400000US53033022005,53033022005,"Census Tract 220.05, King County, Washington",234,139,147,99,87,89,0,17,0,17
1400000US53033022006,53033022006,"Census Tract 220.06, King County, Washington",181,84,72,53,58,38,0,12,51,47
1400000US53033022101,53033022101,"Census Tract 221.01, King County, Washington",129,77,93,59,36,34,0,12,0,12
1400000US53033022102,53033022102,"Census Tract 221.02, King County, Washington",239,129,157,85,63,59,19,29,0,17
1400000US53033022201,53033022201,"Census Tract 222.01, King County, Washington",305,139,188,91,62,56,9,14,46,38
1400000US53033022202,53033022202,"Census Tract 222.02, King County, Washington",346,194,291,151,55,66,0,17,0,17
1400000US53033022203,53033022203,"Census Tract 222.03, King County, Washington",191,87,120,63,56,41,6,10,9,14
1400000US53033022300,53033022300,"Census Tract 223, King County, Washington",122,78,92,71,20,22,0,12,10,16
1400000US53033022400,53033022400,"Census Tract 224, King County, Washington",465,263,278,154,50,45,90,111,47,56
1400000US53033022500,53033022500,"Census Tract 225, King County, Washington",410,180,267,148,127,68,16,25,0,17
1400000US53033022603,53033022603,"Census Tract 226.03, King County, Washington",347,197,271,183,60,60,0,17,16,26
1400000US53033022604,53033022604,"Census Tract 226.04, King County, Washington",323,189,148,118,117,90,27,41,31,29
1400000US53033022605,53033022605,"Census Tract 226.05, King County, Washington",147,115,49,61,82,75,0,17,16,27
1400000US53033022606,53033022606,"Census Tract 226.06, King County, Washington",100,82,21,30,58,52,21,34,0,17
1400000US53033022701,53033022701,"Census Tract 227.01, King County, Washington",182,152,18,19,111,144,21,23,32,52
1400000US53033022702,53033022702,"Census Tract 227.02, King County, Washington",227,106,182,104,31,25,0,12,14,23
1400000US53033022703,53033022703,"Census Tract 227.03, King County, Washington",99,53,67,45,32,27,0,12,0,12
1400000US53033022801,53033022801,"Census Tract 228.01, King County, Washington",263,147,121,96,59,61,0,17,83,70
1400000US53033022802,53033022802,"Census Tract 228.02, King County, Washington",150,64,103,50,41,31,6,9,0,17
1400000US53033022803,53033022803,"Census Tract 228.03, King County, Washington",302,152,139,106,90,91,0,17,73,86
1400000US53033022901,53033022901,"Census Tract 229.01, King County, Washington",78,57,62,52,4,8,0,12,12,19
1400000US53033022902,53033022902,"Census Tract 229.02, King County, Washington",205,117,83,89,62,58,0,17,60,46
1400000US53033023000,53033023000,"Census Tract 230, King County, Washington",234,95,130,72,27,41,47,50,30,28
1400000US53033023100,53033023100,"Census Tract 231, King County, Washington",232,119,171,85,44,38,17,21,0,12
1400000US53033023201,53033023201,"Census Tract 232.01, King County, Washington",238,168,86,83,45,54,0,17,107,102
1400000US53033023202,53033023202,"Census Tract 232.02, King County, Washington",164,109,164,109,0,12,0,12,0,12
1400000US53033023300,53033023300,"Census Tract 233, King County, Washington",137,111,60,61,65,87,0,17,12,21
1400000US53033023401,53033023401,"Census Tract 234.01, King County, Washington",242,109,169,97,54,48,19,20,0,12
1400000US53033023403,53033023403,"Census Tract 234.03, King County, Washington",227,116,130,78,58,38,10,16,29,46
1400000US53033023404,53033023404,"Census Tract 234.04, King County, Washington",97,76,40,40,25,36,0,12,32,31
1400000US53033023500,53033023500,"Census Tract 235, King County, Washington",244,101,226,95,18,20,0,12,0,12
1400000US53033023601,53033023601,"Census Tract 236.01, King County, Washington",316,181,92,69,216,159,8,13,0,12
1400000US53033023603,53033023603,"Census Tract 236.03, King County, Washington",204,248,187,247,0,17,0,17,17,27
1400000US53033023604,53033023604,"Census Tract 236.04, King County, Washington",291,211,215,199,29,32,0,17,47,57
1400000US53033023700,53033023700,"Census Tract 237, King County, Washington",253,138,77,44,123,102,10,17,43,37
1400000US53033023801,53033023801,"Census Tract 238.01, King County, Washington",104,55,55,38,49,43,0,12,0,12
1400000US53033023803,53033023803,"Census Tract 238.03, King County, Washington",282,157,145,85,17,27,0,17,120,123
1400000US53033023804,53033023804,"Census Tract 238.04, King County, Washington",230,137,25,27,69,57,18,29,118,110
1400000US53033023900,53033023900,"Census Tract 239, King County, Washington",338,192,139,97,106,98,0,17,93,126
1400000US53033024000,53033024000,"Census Tract 240, King County, Washington",715,225,477,209,164,102,30,36,44,53
1400000US53033024100,53033024100,"Census Tract 241, King County, Washington",187,64,110,40,57,37,3,4,17,17
1400000US53033024200,53033024200,"Census Tract 242, King County, Washington",192,85,97,49,58,41,6,9,31,21
1400000US53033024300,53033024300,"Census Tract 243, King County, Washington",256,140,90,74,89,86,52,45,25,31
1400000US53033024400,53033024400,"Census Tract 244, King County, Washington",87,71,45,50,42,49,0,12,0,12
1400000US53033024500,53033024500,"Census Tract 245, King County, Washington",297,124,125,58,172,98,0,12,0,12
1400000US53033024601,53033024601,"Census Tract 246.01, King County, Washington",215,116,68,58,112,67,24,28,11,19
1400000US53033024602,53033024602,"Census Tract 246.02, King County, Washington",52,39,15,25,34,29,0,12,3,6
1400000US53033024701,53033024701,"Census Tract 247.01, King County, Washington",166,96,81,58,63,59,14,22,8,14
1400000US53033024702,53033024702,"Census Tract 247.02, King County, Washington",225,156,137,132,88,72,0,17,0,17
1400000US53033024800,53033024800,"Census Tract 248, King County, Washington",667,344,169,153,395,248,84,94,19,33
1400000US53033024901,53033024901,"Census Tract 249.01, King County, Washington",239,119,163,95,29,26,20,30,27,32
1400000US53033024902,53033024902,"Census Tract 249.02, King County, Washington",426,159,180,88,185,90,51,51,10,15
1400000US53033024903,53033024903,"Census Tract 249.03, King County, Washington",156,103,154,103,2,5,0,17,0,17
1400000US53033025001,53033025001,"Census Tract 250.01, King County, Washington",208,81,159,70,29,26,20,23,0,17
1400000US53033025003,53033025003,"Census Tract 250.03, King County, Washington",121,72,90,69,15,25,0,17,16,25
1400000US53033025005,53033025005,"Census Tract 250.05, King County, Washington",319,111,220,82,61,32,38,34,0,12
1400000US53033025006,53033025006,"Census Tract 250.06, King County, Washington",158,91,110,73,40,60,8,12,0,17
1400000US53033025101,53033025101,"Census Tract 251.01, King County, Washington",384,260,268,191,99,86,17,25,0,17
1400000US53033025102,53033025102,"Census Tract 251.02, King County, Washington",840,301,638,256,124,86,11,17,67,70
1400000US53033025200,53033025200,"Census Tract 252, King County, Washington",489,236,306,221,116,80,48,77,19,31
1400000US53033025301,53033025301,"Census Tract 253.01, King County, Washington",504,190,310,149,118,93,42,50,34,33
1400000US53033025302,53033025302,"Census Tract 253.02, King County, Washington",247,168,83,70,144,123,0,17,20,31
1400000US53033025400,53033025400,"Census Tract 254, King County, Washington",547,323,366,276,165,151,0,17,16,27
1400000US53033025500,53033025500,"Census Tract 255, King County, Washington",88,64,39,45,49,41,0,12,0,12
1400000US53033025601,53033025601,"Census Tract 256.01, King County, Washington",478,210,293,140,129,113,0,17,56,72
1400000US53033025602,53033025602,"Census Tract 256.02, King County, Washington",370,202,309,168,44,41,6,12,11,18
1400000US53033025701,53033025701,"Census Tract 257.01, King County, Washington",561,232,395,234,113,86,53,54,0,17
1400000US53033025702,53033025702,"Census Tract 257.02, King County, Washington",127,73,52,42,62,53,13,22,0,12
1400000US53033025803,53033025803,"Census Tract 258.03, King County, Washington",442,221,357,205,60,43,16,17,9,16
1400000US53033025804,53033025804,"Census Tract 258.04, King County, Washington",282,193,202,157,56,46,24,39,0,12
1400000US53033025805,53033025805,"Census Tract 258.05, King County, Washington",476,236,293,197,87,55,0,17,96,95
1400000US53033025806,53033025806,"Census Tract 258.06, King County, Washington",559,291,411,276,37,35,44,39,67,59
1400000US53033026001,53033026001,"Census Tract 260.01, King County, Washington",328,187,218,103,45,41,0,17,65,97
1400000US53033026002,53033026002,"Census Tract 260.02, King County, Washington",1147,545,943,503,204,142,0,17,0,17
1400000US53033026100,53033026100,"Census Tract 261, King County, Washington",471,270,237,162,214,173,0,17,20,31
1400000US53033026200,53033026200,"Census Tract 262, King County, Washington",919,489,646,398,180,135,67,97,26,41
1400000US53033026300,53033026300,"Census Tract 263, King County, Washington",306,136,261,123,5,8,0,12,40,22
1400000US53033026400,53033026400,"Census Tract 264, King County, Washington",678,331,609,292,22,31,0,17,47,81
1400000US53033026500,53033026500,"Census Tract 265, King County, Washington",762,472,346,267,315,317,0,12,101,118
1400000US53033026600,53033026600,"Census Tract 266, King County, Washington",265,115,187,107,78,60,0,12,0,12
1400000US53033026700,53033026700,"Census Tract 267, King County, Washington",357,220,108,91,150,127,9,18,90,111
1400000US53033026801,53033026801,"Census Tract 268.01, King County, Washington",652,335,373,222,119,104,0,17,160,148
1400000US53033026802,53033026802,"Census Tract 268.02, King County, Washington",240,143,171,113,28,33,9,15,32,31
1400000US53033027000,53033027000,"Census Tract 270, King County, Washington",134,80,112,71,22,35,0,12,0,12
1400000US53033027100,53033027100,"Census Tract 271, King County, Washington",109,61,95,57,14,19,0,12,0,12
1400000US53033027200,53033027200,"Census Tract 272, King County, Washington",309,165,221,140,35,39,10,14,43,54
1400000US53033027300,53033027300,"Census Tract 273, King County, Washington",403,180,310,175,59,48,18,29,16,18
1400000US53033027400,53033027400,"Census Tract 274, King County, Washington",377,132,202,105,168,87,0,12,7,12
1400000US53033027500,53033027500,"Census Tract 275, King County, Washington",397,230,323,230,74,54,0,12,0,12
1400000US53033027600,53033027600,"Census Tract 276, King County, Washington",147,134,47,51,18,19,0,12,82,97
1400000US53033027701,53033027701,"Census Tract 277.01, King County, Washington",83,80,41,46,42,48,0,12,0,12
1400000US53033027702,53033027702,"Census Tract 277.02, King County, Washington",1,2,0,12,0,12,0,12,1,2
1400000US53033027800,53033027800,"Census Tract 278, King County, Washington",97,92,30,42,59,52,8,13,0,12
1400000US53033027900,53033027900,"Census Tract 279, King County, Washington",694,326,471,289,116,119,0,17,107,169
1400000US53033028000,53033028000,"Census Tract 280, King County, Washington",262,149,144,99,29,32,0,12,89,108
1400000US53033028100,53033028100,"Census Tract 281, King County, Washington",221,124,149,97,5,9,4,6,63,77
1400000US53033028200,53033028200,"Census Tract 282, King County, Washington",401,179,246,129,19,22,92,95,44,46
1400000US53033028300,53033028300,"Census Tract 283, King County, Washington",455,251,131,62,189,131,0,17,135,204
1400000US53033028402,53033028402,"Census Tract 284.02, King County, Washington",550,281,229,162,110,99,0,17,211,149
1400000US53033028403,53033028403,"Census Tract 284.03, King County, Washington",329,208,150,116,129,103,24,42,26,42
1400000US53033028500,53033028500,"Census Tract 285, King County, Washington",417,194,277,184,84,49,34,52,22,31
1400000US53033028600,53033028600,"Census Tract 286, King County, Washington",88,126,72,127,9,15,0,17,7,14
1400000US53033028700,53033028700,"Census Tract 287, King County, Washington",319,167,179,125,106,74,28,29,6,10
1400000US53033028801,53033028801,"Census Tract 288.01, King County, Washington",160,117,122,100,25,30,0,12,13,16
1400000US53033028802,53033028802,"Census Tract 288.02, King County, Washington",490,195,341,157,94,83,21,25,34,52
1400000US53033028901,53033028901,"Census Tract 289.01, King County, Washington",349,206,184,134,157,111,8,12,0,12
1400000US53033028902,53033028902,"Census Tract 289.02, King County, Washington",291,159,153,98,84,88,0,17,54,67
1400000US53033029001,53033029001,"Census Tract 290.01, King County, Washington",382,198,246,151,130,84,6,10,0,12
1400000US53033029003,53033029003,"Census Tract 290.03, King County, Washington",480,181,361,155,48,54,0,17,71,92
1400000US53033029004,53033029004,"Census Tract 290.04, King County, Washington",256,148,157,110,80,59,0,12,19,30
1400000US53033029101,53033029101,"Census Tract 291.01, King County, Washington",240,158,152,125,70,61,0,12,18,30
1400000US53033029102,53033029102,"Census Tract 291.02, King County, Washington",318,201,207,166,61,47,9,18,41,54
1400000US53033029203,53033029203,"Census Tract 292.03, King County, Washington",461,141,351,128,75,54,35,47,0,12
1400000US53033029204,53033029204,"Census Tract 292.04, King County, Washington",405,341,312,329,77,76,0,17,16,25
1400000US53033029205,53033029205,"Census Tract 292.05, King County, Washington",240,130,157,112,71,63,0,12,12,19
1400000US53033029206,53033029206,"Census Tract 292.06, King County, Washington",277,146,146,126,52,39,20,31,59,61
1400000US53033029303,53033029303,"Census Tract 293.03, King County, Washington",628,231,327,185,195,116,0,17,106,92
1400000US53033029304,53033029304,"Census Tract 293.04, King County, Washington",224,134,181,116,36,39,7,11,0,17
1400000US53033029305,53033029305,"Census Tract 293.05, King County, Washington",219,187,202,185,12,18,0,12,5,9
1400000US53033029306,53033029306,"Census Tract 293.06, King County, Washington",138,83,57,56,37,33,6,10,38,51
1400000US53033029307,53033029307,"Census Tract 293.07, King County, Washington",209,125,127,87,14,18,25,32,43,47
1400000US53033029403,53033029403,"Census Tract 294.03, King County, Washington",287,247,134,101,36,44,74,108,43,42
1400000US53033029405,53033029405,"Census Tract 294.05, King County, Washington",387,219,234,132,67,62,0,17,86,91
1400000US53033029406,53033029406,"Census Tract 294.06, King County, Washington",217,121,111,90,58,50,18,23,30,38
1400000US53033029407,53033029407,"Census Tract 294.07, King County, Washington",241,129,189,113,15,23,0,12,37,56
1400000US53033029408,53033029408,"Census Tract 294.08, King County, Washington",173,105,117,78,47,51,9,14,0,12
1400000US53033029502,53033029502,"Census Tract 295.02, King County, Washington",295,133,201,108,94,68,0,17,0,17
1400000US53033029503,53033029503,"Census Tract 295.03, King County, Washington",458,181,278,137,108,82,26,40,46,74
1400000US53033029504,53033029504,"Census Tract 295.04, King County, Washington",385,194,202,141,161,140,0,17,22,33
1400000US53033029601,53033029601,"Census Tract 296.01, King County, Washington",513,310,336,278,86,78,13,22,78,123
1400000US53033029602,53033029602,"Census Tract 296.02, King County, Washington",416,136,296,112,56,52,55,60,9,16
1400000US53033029700,53033029700,"Census Tract 297, King County, Washington",367,215,266,180,82,81,7,15,12,20
1400000US53033029801,53033029801,"Census Tract 298.01, King County, Washington",1102,503,615,383,395,334,0,17,92,79
1400000US53033029802,53033029802,"Census Tract 298.02, King County, Washington",664,285,322,166,168,123,26,31,148,169
1400000US53033029901,53033029901,"Census Tract 299.01, King County, Washington",183,106,155,99,28,27,0,12,0,12
1400000US53033029902,53033029902,"Census Tract 299.02, King County, Washington",438,191,335,167,77,45,18,20,8,12
1400000US53033030003,53033030003,"Census Tract 300.03, King County, Washington",654,370,418,241,236,160,0,17,0,17
1400000US53033030004,53033030004,"Census Tract 300.04, King County, Washington",362,226,274,196,65,62,23,41,0,17
1400000US53033030005,53033030005,"Census Tract 300.05, King County, Washington",423,166,269,108,118,107,22,34,14,19
1400000US53033030006,53033030006,"Census Tract 300.06, King County, Washington",190,118,154,87,36,46,0,12,0,12
1400000US53033030100,53033030100,"Census Tract 301, King County, Washington",313,210,200,185,47,63,42,71,24,40
1400000US53033030201,53033030201,"Census Tract 302.01, King County, Washington",613,308,136,96,285,160,74,60,118,144
1400000US53033030202,53033030202,"Census Tract 302.02, King County, Washington",745,396,421,238,291,248,11,20,22,38
1400000US53033030304,53033030304,"Census Tract 303.04, King County, Washington",338,230,267,237,59,62,12,18,0,12
1400000US53033030305,53033030305,"Census Tract 303.05, King County, Washington",176,128,50,65,96,80,30,47,0,17
1400000US53033030306,53033030306,"Census Tract 303.06, King County, Washington",366,190,266,168,72,59,13,20,15,18
1400000US53033030308,53033030308,"Census Tract 303.08, King County, Washington",468,326,343,275,83,64,24,31,18,29
1400000US53033030309,53033030309,"Census Tract 303.09, King County, Washington",741,282,409,201,234,132,33,50,65,63
1400000US53033030310,53033030310,"Census Tract 303.10, King County, Washington",598,338,447,326,111,65,0,17,40,49
1400000US53033030311,53033030311,"Census Tract 303.11, King County, Washington",588,197,430,147,75,44,13,21,70,69
1400000US53033030312,53033030312,"Census Tract 303.12, King County, Washington",343,134,162,102,154,81,19,23,8,14
1400000US53033030313,53033030313,"Census Tract 303.13, King County, Washington",305,143,131,87,133,86,0,12,41,48
1400000US53033030314,53033030314,"Census Tract 303.14, King County, Washington",275,175,177,145,67,65,31,34,0,12
1400000US53033030401,53033030401,"Census Tract 304.01, King County, Washington",584,281,407,213,162,121,15,26,0,17
1400000US53033030403,53033030403,"Census Tract 304.03, King County, Washington",269,215,124,65,72,68,73,107,0,12
1400000US53033030404,53033030404,"Census Tract 304.04, King County, Washington",279,214,59,73,66,49,35,54,119,116
1400000US53033030501,53033030501,"Census Tract 305.01, King County, Washington",124,65,72,35,41,29,11,14,0,12
1400000US53033030503,53033030503,"Census Tract 305.03, King County, Washington",404,224,247,133,145,186,12,20,0,17
1400000US53033030504,53033030504,"Census Tract 305.04, King County, Washington",262,130,169,103,93,73,0,12,0,12
1400000US53033030600,53033030600,"Census Tract 306, King County, Washington",352,262,249,215,56,58,47,69,0,17
1400000US53033030700,53033030700,"Census Tract 307, King County, Washington",483,222,301,173,155,97,27,44,0,12
1400000US53033030801,53033030801,"Census Tract 308.01, King County, Washington",606,354,323,250,251,243,32,53,0,17
1400000US53033030802,53033030802,"Census Tract 308.02, King County, Washington",63,69,28,36,35,39,0,12,0,12
1400000US53033030901,53033030901,"Census Tract 309.01, King County, Washington",175,114,108,75,66,86,1,4,0,12
1400000US53033030902,53033030902,"Census Tract 309.02, King County, Washington",600,355,295,132,248,242,57,52,0,17
1400000US53033031000,53033031000,"Census Tract 310, King County, Washington",242,110,156,92,76,49,0,12,10,15
1400000US53033031100,53033031100,"Census Tract 311, King County, Washington",537,258,385,257,91,57,0,17,61,75
1400000US53033031202,53033031202,"Census Tract 312.02, King County, Washington",291,195,257,193,34,33,0,17,0,17
1400000US53033031204,53033031204,"Census Tract 312.04, King County, Washington",184,124,144,94,40,48,0,17,0,17
1400000US53033031205,53033031205,"Census Tract 312.05, King County, Washington",908,446,730,427,114,93,51,60,13,21
1400000US53033031206,53033031206,"Census Tract 312.06, King County, Washington",180,86,143,76,28,27,9,13,0,17
1400000US53033031301,53033031301,"Census Tract 313.01, King County, Washington",145,92,116,92,29,28,0,12,0,12
1400000US53033031302,53033031302,"Census Tract 313.02, King County, Washington",211,171,170,163,35,27,6,9,0,12
1400000US53033031400,53033031400,"Census Tract 314, King County, Washington",259,209,160,122,0,17,16,24,83,98
1400000US53033031501,53033031501,"Census Tract 315.01, King County, Washington",215,178,205,176,10,16,0,12,0,12
1400000US53033031502,53033031502,"Census Tract 315.02, King County, Washington",62,58,42,50,20,23,0,12,0,12
1400000US53033031601,53033031601,"Census Tract 316.01, King County, Washington",227,158,117,78,110,99,0,17,0,17
1400000US53033031603,53033031603,"Census Tract 316.03, King County, Washington",488,225,330,216,106,75,52,53,0,17
1400000US53033031604,53033031604,"Census Tract 316.04, King County, Washington",463,192,259,131,185,106,19,21,0,17
1400000US53033031605,53033031605,"Census Tract 316.05, King County, Washington",167,178,133,145,34,38,0,12,0,12
1400000US53033031703,53033031703,"Census Tract 317.03, King County, Washington",178,113,158,107,20,34,0,17,0,17
1400000US53033031704,53033031704,"Census Tract 317.04, King County, Washington",389,272,328,238,20,32,8,13,33,41
1400000US53033031705,53033031705,"Census Tract 317.05, King County, Washington",342,273,282,269,47,45,0,12,13,20
1400000US53033031706,53033031706,"Census Tract 317.06, King County, Washington",389,250,311,249,48,57,17,28,13,21
1400000US53033031800,53033031800,"Census Tract 318, King County, Washington",247,155,62,68,162,128,23,33,0,12
1400000US53033031903,53033031903,"Census Tract 319.03, King County, Washington",546,191,332,158,193,119,21,33,0,17
1400000US53033031904,53033031904,"Census Tract 319.04, King County, Washington",162,108,110,96,44,44,0,12,8,14
1400000US53033031906,53033031906,"Census Tract 319.06, King County, Washington",159,115,159,115,0,12,0,12,0,12
1400000US53033031907,53033031907,"Census Tract 319.07, King County, Washington",1054,470,777,398,266,211,0,17,11,20
1400000US53033031908,53033031908,"Census Tract 319.08, King County, Washington",386,190,280,171,98,60,0,12,8,13
1400000US53033031909,53033031909,"Census Tract 319.09, King County, Washington",129,108,81,78,27,32,10,16,11,18
1400000US53033032002,53033032002,"Census Tract 320.02, King County, Washington",156,110,117,100,11,17,0,12,28,40
1400000US53033032003,53033032003,"Census Tract 320.03, King County, Washington",204,110,130,92,55,39,0,17,19,21
1400000US53033032005,53033032005,"Census Tract 320.05, King County, Washington",441,210,297,161,118,119,26,42,0,17
1400000US53033032006,53033032006,"Census Tract 320.06, King County, Washington",342,147,244,123,52,34,0,17,46,66
1400000US53033032007,53033032007,"Census Tract 320.07, King County, Washington",142,95,85,80,57,63,0,12,0,12
1400000US53033032008,53033032008,"Census Tract 320.08, King County, Washington",381,193,328,182,29,34,12,18,12,19
1400000US53033032010,53033032010,"Census Tract 320.10, King County, Washington",389,176,276,141,113,73,0,17,0,17
1400000US53033032011,53033032011,"Census Tract 320.11, King County, Washington",286,152,156,87,130,133,0,12,0,12
1400000US53033032102,53033032102,"Census Tract 321.02, King County, Washington",60,59,47,51,13,17,0,17,0,17
1400000US53033032103,53033032103,"Census Tract 321.03, King County, Washington",96,77,54,46,42,47,0,12,0,12
1400000US53033032104,53033032104,"Census Tract 321.04, King County, Washington",220,140,144,127,76,48,0,17,0,17
1400000US53033032203,53033032203,"Census Tract 322.03, King County, Washington",186,110,130,89,42,47,0,17,14,22
1400000US53033032207,53033032207,"Census Tract 322.07, King County, Washington",106,52,24,21,56,46,8,15,18,20
1400000US53033032208,53033032208,"Census Tract 322.08, King County, Washington",411,212,194,127,120,110,21,34,76,66
1400000US53033032210,53033032210,"Census Tract 322.10, King County, Washington",868,370,513,322,238,134,54,72,63,72
1400000US53033032211,53033032211,"Census Tract 322.11, King County, Washington",392,184,252,120,120,80,11,18,9,14
1400000US53033032212,53033032212,"Census Tract 322.12, King County, Washington",430,266,219,157,163,125,0,17,48,75
1400000US53033032213,53033032213,"Census Tract 322.13, King County, Washington",112,71,52,41,50,57,10,15,0,12
1400000US53033032214,53033032214,"Census Tract 322.14, King County, Washington",205,105,47,40,107,64,0,17,51,47
1400000US53033032215,53033032215,"Census Tract 322.15, King County, Washington",187,95,137,78,42,37,0,17,8,12
1400000US53033032307,53033032307,"Census Tract 323.07, King County, Washington",306,204,140,78,166,140,0,17,0,17
1400000US53033032309,53033032309,"Census Tract 323.09, King County, Washington",493,202,124,86,204,112,51,73,114,131
1400000US53033032311,53033032311,"Census Tract 323.11, King County, Washington",467,275,168,141,257,201,0,17,42,68
1400000US53033032313,53033032313,"Census Tract 323.13, King County, Washington",230,144,90,68,103,96,0,17,37,60
1400000US53033032315,53033032315,"Census Tract 323.15, King County, Washington",197,107,99,60,90,76,8,12,0,17
1400000US53033032316,53033032316,"Census Tract 323.16, King County, Washington",147,81,81,70,36,31,16,18,14,21
1400000US53033032317,53033032317,"Census Tract 323.17, King County, Washington",165,105,83,81,42,68,28,33,12,18
1400000US53033032318,53033032318,"Census Tract 323.18, King County, Washington",389,147,182,89,175,124,9,14,23,28
1400000US53033032319,53033032319,"Census Tract 323.19, King County, Washington",268,160,163,109,105,115,0,17,0,17
1400000US53033032320,53033032320,"Census Tract 323.20, King County, Washington",79,43,28,30,51,45,0,12,0,12
1400000US53033032321,53033032321,"Census Tract 323.21, King County, Washington",446,173,340,160,50,31,48,71,8,12
1400000US53033032322,53033032322,"Census Tract 323.22, King County, Washington",177,71,137,62,31,27,0,12,9,13
1400000US53033032323,53033032323,"Census Tract 323.23, King County, Washington",353,235,205,130,86,82,17,26,45,59
1400000US53033032324,53033032324,"Census Tract 323.24, King County, Washington",203,132,40,50,138,86,0,17,25,35
1400000US53033032325,53033032325,"Census Tract 323.25, King County, Washington",474,317,240,200,142,131,17,27,75,85
1400000US53033032326,53033032326,"Census Tract 323.26, King County, Washington",67,62,36,41,24,24,0,12,7,11
1400000US53033032327,53033032327,"Census Tract 323.27, King County, Washington",46,39,30,34,7,12,9,13,0,12
1400000US53033032328,53033032328,"Census Tract 323.28, King County, Washington",108,93,34,49,54,48,9,14,11,20
1400000US53033032329,53033032329,"Census Tract 323.29, King County, Washington",322,194,59,68,169,161,22,33,72,83
1400000US53033032401,53033032401,"Census Tract 324.01, King County, Washington",173,142,91,90,82,76,0,17,0,17
1400000US53033032402,53033032402,"Census Tract 324.02, King County, Washington",172,124,134,112,19,34,0,17,19,33
1400000US53033032500,53033032500,"Census Tract 325, King County, Washington",136,56,77,42,59,43,0,17,0,17
1400000US53033032601,53033032601,"Census Tract 326.01, King County, Washington",2,7,0,12,0,12,0,12,2,7
1400000US53033032602,53033032602,"Census Tract 326.02, King County, Washington",764,345,599,304,149,94,16,24,0,19
1400000US53033032702,53033032702,"Census Tract 327.02, King County, Washington",260,145,172,112,49,52,14,22,25,41
1400000US53033032703,53033032703,"Census Tract 327.03, King County, Washington",61,50,43,38,13,21,0,12,5,9
1400000US53033032704,53033032704,"Census Tract 327.04, King County, Washington",312,209,155,104,157,140,0,17,0,17
1400000US53033032800,53033032800,"Census Tract 328, King County, Washington",37,32,14,17,10,16,13,17,0,12
1400000US53033990100,53033990100,"Census Tract 9901, King County, Washington",0,12,0,12,0,12,0,12,0,12
1600000US5300100,5300100,"Aberdeen city, Washington",797,246,650,205,110,55,28,35,9,17
1600000US5300135,5300135,"Aberdeen Gardens CDP, Washington",47,42,29,27,18,17,0,12,0,12
1600000US5300275,5300275,"Acme CDP, Washington",0,12,0,12,0,12,0,12,0,12
1600000US5300380,5300380,"Addy CDP, Washington",0,12,0,12,0,12,0,12,0,12
1600000US5300800,5300800,"Ahtanum CDP, Washington",13,20,13,20,0,12,0,12,0,12
1600000US5300905,5300905,"Airway Heights city, Washington",704,183,415,163,227,74,54,42,8,15
1600000US5301010,5301010,"Albion town, Washington",25,24,18,21,7,11,0,12,0,12
1600000US5301045,5301045,"Alder CDP, Washington",43,66,43,66,0,12,0,12,0,12
1600000US5301150,5301150,"Alderton CDP, Washington",72,59,66,58,6,9,0,12,0,12
1600000US5301185,5301185,"Alderwood Manor CDP, Washington",428,203,274,140,68,66,13,23,73,70
1600000US5301255,5301255,"Alger CDP, Washington",53,48,30,40,23,21,0,12,0,12
1600000US5301290,5301290,"Algona city, Washington",144,95,132,90,11,12,1,4,0,12
1600000US5301430,5301430,"Allyn CDP, Washington",35,43,0,12,35,43,0,12,0,12
1600000US5301500,5301500,"Almira town, Washington",13,14,5,7,8,12,0,12,0,12
1600000US5301745,5301745,"Altoona CDP, Washington",3,5,0,12,3,5,0,12,0,12
1600000US5301780,5301780,"Amanda Park CDP, Washington",4,7,4,7,0,12,0,12,0,12
1600000US5301850,5301850,"Amboy CDP, Washington",13,12,6,9,7,8,0,12,0,12
1600000US5301920,5301920,"Ames Lake CDP, Washington",49,41,24,29,25,27,0,12,0,12
1600000US5301990,5301990,"Anacortes city, Washington",476,84,272,57,173,40,15,8,16,8
1600000US5302060,5302060,"Anderson Island CDP, Washington",27,34,0,12,10,16,0,12,17,27
1600000US5302585,5302585,"Arlington city, Washington",767,288,429,223,318,165,20,25,0,19
1600000US5302620,5302620,"Arlington Heights CDP, Washington",48,56,47,56,1,3,0,12,0,12
1600000US5302910,5302910,"Artondale CDP, Washington",488,208,324,156,92,53,26,24,46,50
1600000US5303005,5303005,"Ashford CDP, Washington",0,12,0,12,0,12,0,12,0,12
1600000US5303075,5303075,"Asotin city, Washington",52,56,0,12,52,56,0,12,0,12
1600000US5303180,5303180,"Auburn city, Washington",6378,873,4437,750,1479,386,316,138,146,83
1600000US5303736,5303736,"Bainbridge Island city, Washington",1048,391,462,237,550,217,13,20,23,37
1600000US5304100,5304100,"Bangor Base CDP, Washington",634,210,123,74,477,154,34,43,0,17
1600000US5304125,5304125,"Banks Lake South CDP, Washington",19,28,19,28,0,12,0,12,0,12
1600000US5304195,5304195,"Barberton CDP, Washington",117,80,39,46,78,65,0,17,0,17
1600000US5304300,5304300,"Baring CDP, Washington",3,5,3,5,0,12,0,12,0,12
1600000US5304347,5304347,"Barney's Junction CDP, Washington",34,35,34,35,0,12,0,12,0,12
1600000US5304370,5304370,"Barstow CDP, Washington",12,21,12,21,0,12,0,12,0,12
1600000US5304405,5304405,"Basin City CDP, Washington",0,12,0,12,0,12,0,12,0,12
1600000US5304475,5304475,"Battle Ground city, Washington",427,162,304,144,113,72,0,19,10,16
1600000US5304615,5304615,"Bay Center CDP, Washington",26,39,20,29,6,10,0,12,0,12
1600000US5304790,5304790,"Bay View CDP, Washington",0,12,0,12,0,12,0,12,0,12
1600000US5304895,5304895,"Beaux Arts Village town, Washington",4,7,4,7,0,12,0,12,0,12
1600000US5305140,5305140,"Belfair CDP, Washington",83,126,83,126,0,12,0,12,0,12
1600000US5305210,5305210,"Bellevue city, Washington",6696,791,3699,538,1850,420,328,123,819,308
1600000US5305245,5305245,"Bell Hill CDP, Washington",0,12,0,12,0,12,0,12,0,12
1600000US5305280,5305280,"Bellingham city, Washington",4455,605,2440,433,1749,409,121,93,145,93
1600000US5305560,5305560,"Benton City city, Washington",46,51,12,15,34,49,0,12,0,12
1600000US5305735,5305735,"Bethel CDP, Washington",199,117,116,101,61,34,7,12,15,31
1600000US5305980,5305980,"Bickleton CDP, Washington",2,3,2,3,0,12,0,12,0,12
1600000US5306050,5306050,"Big Lake CDP, Washington",63,51,50,47,13,23,0,12,0,12
1600000US5306085,5306085,"Bingen city, Washington",1,3,0,12,1,3,0,12,0,12
1600000US5306190,5306190,"Birch Bay CDP, Washington",213,127,13,20,71,58,62,58,67,85
1600000US5306330,5306330,"Black Diamond city, Washington",81,55,49,39,32,41,0,12,0,12
1600000US5306505,5306505,"Blaine city, Washington",313,197,137,97,158,119,18,30,0,17
1600000US5306855,5306855,"Blyn CDP, Washington",0,12,0,12,0,12,0,12,0,12
1600000US5307170,5307170,"Bonney Lake city, Washington",1102,315,817,276,251,96,20,23,14,22
1600000US5307380,5307380,"Bothell city, Washington",2954,502,1616,367,1020,284,146,76,172,101
1600000US5307390,5307390,"Bothell East CDP, Washington",436,191,64,48,256,140,29,44,87,69
1600000US5307395,5307395,"Bothell West CDP, Washington",1776,403,1117,321,384,181,128,70,147,128
1600000US5307397,5307397,"Boulevard Park CDP, Washington",610,329,541,289,22,31,0,12,47,81
1600000US5307485,5307485,"Boyds CDP, Washington",0,12,0,12,0,12,0,12,0,12
1600000US5307590,5307590,"Brady CDP, Washington",0,12,0,12,0,12,0,12,0,12
1600000US5307695,5307695,"Bremerton city, Washington",3599,558,1775,371,1486,263,206,130,132,150
1600000US5307835,5307835,"Brewster city, Washington",0,12,0,12,0,12,0,12,0,12
1600000US5307870,5307870,"Bridgeport city, Washington",160,136,103,93,45,55,2,4,10,16
1600000US5307940,5307940,"Brier city, Washington",411,133,206,92,141,94,9,14,55,64
1600000US5308080,5308080,"Brinnon CDP, Washington",11,14,0,12,11,14,0,12,0,12
1600000US5308325,5308325,"Browns Point CDP, Washington",77,64,53,47,21,19,3,4,0,12
1600000US5308465,5308465,"Brush Prairie CDP, Washington",93,70,24,43,69,56,0,12,0,12
1600000US5308500,5308500,"Bryant CDP, Washington",142,159,142,159,0,12,0,12,0,12
1600000US5308552,5308552,"Bryn Mawr-Skyway CDP, Washington",1455,570,986,440,364,211,0,19,105,103
1600000US5308570,5308570,"Buckley city, Washington",174,148,167,147,7,12,0,12,0,12
1600000US5308605,5308605,"Bucoda town, Washington",0,12,0,12,0,12,0,12,0,12
1600000US5308640,5308640,"Buena CDP, Washington",0,12,0,12,0,12,0,12,0,12
1600000US5308770,5308770,"Bunk Foss CDP, Washington",145,78,66,54,52,44,5,7,22,20
1600000US5308780,5308780,"Burbank CDP, Washington",10,15,0,12,10,15,0,12,0,12
1600000US5308850,5308850,"Burien city, Washington",3217,620,2018,464,703,204,60,57,436,270
1600000US5308885,5308885,"Burley CDP, Washington",62,55,0,12,31,36,12,22,19,22
1600000US5308920,5308920,"Burlington city, Washington",283,143,104,83,179,95,0,17,0,17
1600000US5309365,5309365,"Camano CDP, Washington",378,187,275,188,96,61,7,11,0,19
1600000US5309480,5309480,"Camas city, Washington",857,229,264,102,513,145,24,28,56,53
1600000US5309810,5309810,"Canterwood CDP, Washington",37,69,37,69,0,12,0,12,0,12
1600000US5309820,5309820,"Canyon Creek CDP, Washington",145,99,111,80,34,39,0,12,0,12
1600000US5309970,5309970,"Carbonado town, Washington",3,4,3,4,0,12,0,12,0,12
1600000US5310075,5310075,"Carlsborg CDP, Washington",0,12,0,12,0,12,0,12,0,12
1600000US5310215,5310215,"Carnation city, Washington",58,42,42,33,16,18,0,12,0,12
1600000US5310320,5310320,"Carson CDP, Washington",5,9,0,12,5,9,0,12,0,12
1600000US5310455,5310455,"Cascade Valley CDP, Washington",38,46,26,31,12,22,0,12,0,12
1600000US5310495,5310495,"Cashmere city, Washington",14,22,0,12,14,22,0,12,0,12
1600000US5310565,5310565,"Castle Rock city, Washington",312,186,253,155,36,51,23,37,0,12
1600000US5310600,5310600,"Cathcart CDP, Washington",153,167,113,127,40,63,0,12,0,12
1600000US5310635,5310635,"Cathlamet town, Washington",23,40,3,5,16,31,0,12,4,9
1600000US5310645,5310645,"Cavalero CDP, Washington",344,145,221,91,112,85,0,17,11,18
1600000US5311090,5311090,"Centerville CDP, Washington",0,12,0,12,0,12,0,12,0,12
1600000US5311160,5311160,"Centralia city, Washington",940,404,758,374,119,53,6,10,57,64
1600000US5311195,5311195,"Central Park CDP, Washington",28,27,22,25,6,11,0,12,0,12
1600000US5311325,5311325,"Chain Lake CDP, Washington",222,118,172,109,35,29,15,23,0,12
1600000US5311475,5311475,"Chehalis city, Washington",369,143,192,98,98,59,79,71,0,17
1600000US5311615,5311615,"Chelan city, Washington",0,12,0,12,0,12,0,12,0,12
1600000US5311685,5311685,"Chelan Falls CDP, Washington",0,12,0,12,0,12,0,12,0,12
1600000US5311825,5311825,"Cheney city, Washington",528,182,373,171,107,54,0,19,48,54
1600000US5312015,5312015,"Cherry Grove CDP, Washington",0,12,0,12,0,12,0,12,0,12
1600000US5312140,5312140,"Chewelah city, Washington",154,78,66,47,88,63,0,12,0,12
1600000US5312175,5312175,"Chico CDP, Washington",195,106,90,79,84,67,9,13,12,18
1600000US5312315,5312315,"Chinook CDP, Washington",0,12,0,12,0,12,0,12,0,12
1600000US5312525,5312525,"Clallam Bay CDP, Washington",5,8,0,12,5,8,0,12,0,12
1600000US5312630,5312630,"Clarkston city, Washington",189,78,61,57,118,55,10,15,0,17
1600000US5312680,5312680,"Clarkston Heights-Vineland CDP, Washington",127,92,83,68,44,42,0,17,0,17
1600000US5312735,5312735,"Clayton CDP, Washington",0,12,0,12,0,12,0,12,0,12
1600000US5312820,5312820,"Clear Lake CDP (Pierce County), Washington",53,60,44,58,9,14,0,12,0,12
1600000US5312840,5312840,"Clear Lake CDP (Skagit County), Washington",0,12,0,12,0,12,0,12,0,12
1600000US5312875,5312875,"Clearview CDP, Washington",70,56,49,50,21,26,0,12,0,12
1600000US5312945,5312945,"Cle Elum city, Washington",133,90,110,81,2,3,0,12,21,33
1600000US5313015,5313015,"Cliffdell CDP, Washington",1,3,1,3,0,12,0,12,0,12
1600000US5313155,5313155,"Clinton CDP, Washington",15,20,0,12,15,20,0,12,0,12
1600000US5313215,5313215,"Clover Creek CDP, Washington",622,311,342,202,174,134,106,114,0,17
1600000US5313365,5313365,"Clyde Hill city, Washington",131,62,67,35,47,34,0,12,17,17
1600000US5313595,5313595,"Cohassett Beach CDP, Washington",15,25,15,25,0,12,0,12,0,12
1600000US5313785,5313785,"Colfax city, Washington",21,31,0,12,21,31,0,12,0,12
1600000US5313855,5313855,"College Place city, Washington",271,140,76,80,144,81,8,16,43,57
1600000US5313890,5313890,"Colton town, Washington",15,21,5,8,10,13,0,12,0,12
1600000US5314170,5314170,"Colville city, Washington",215,78,159,72,56,39,0,12,0,12
1600000US5314310,5314310,"Conconully town, Washington",3,5,0,12,3,5,0,12,0,12
1600000US5314380,5314380,"Concrete town, Washington",34,31,0,12,32,32,2,4,0,12
1600000US5314485,5314485,"Connell city, Washington",146,46,73,47,48,34,0,17,25,28
1600000US5314520,5314520,"Conway CDP, Washington",0,12,0,12,0,12,0,12,0,12
1600000US5314660,5314660,"Copalis Beach CDP, Washington",5,12,5,12,0,12,0,12,0,12
1600000US5314870,5314870,"Cosmopolis city, Washington",78,76,58,58,20,26,0,12,0,12
1600000US5314940,5314940,"Cottage Lake CDP, Washington",1269,352,624,171,539,256,48,71,58,69
1600000US5315080,5315080,"Coulee City town, Washington",0,12,0,12,0,12,0,12,0,12
1600000US5315115,5315115,"Coulee Dam town, Washington",135,60,117,50,13,11,4,8,1,4
1600000US5315150,5315150,"Country Homes CDP, Washington",311,106,156,66,92,45,47,69,16,15
1600000US5315185,5315185,"Coupeville town, Washington",50,45,26,27,21,25,3,6,0,12
1600000US5315290,5315290,"Covington city, Washington",1279,383,977,400,233,159,43,51,26,29
1600000US5315325,5315325,"Cowiche CDP, Washington",265,371,210,298,55,75,0,12,0,12
1600000US5315710,5315710,"Creston town, Washington",7,7,3,5,0,12,4,5,0,12
1600000US5315780,5315780,"Crocker CDP, Washington",54,60,54,60,0,12,0,12,0,12
1600000US5316165,5316165,"Curlew CDP, Washington",30,30,30,30,0,12,0,12,0,12
1600000US5316170,5316170,"Curlew Lake CDP, Washington",19,25,11,14,8,13,0,12,0,12
1600000US5316340,5316340,"Cusick town, Washington",0,12,0,12,0,12,0,12,0,12
1600000US5316375,5316375,"Custer CDP, Washington",0,12,0,12,0,12,0,12,0,12
1600000US5316550,5316550,"Dallesport CDP, Washington",119,51,0,12,119,51,0,12,0,12
1600000US5316585,5316585,"Danville CDP, Washington",11,17,7,10,4,8,0,12,0,12
1600000US5316690,5316690,"Darrington town, Washington",103,58,55,33,48,43,0,12,0,12
1600000US5316760,5316760,"Dash Point CDP, Washington",73,40,38,25,32,21,3,5,0,12
1600000US5316795,5316795,"Davenport city, Washington",18,18,17,17,1,3,0,12,0,12
1600000US5316970,5316970,"Dayton city, Washington",73,60,9,11,29,30,0,12,35,49
1600000US5317215,5317215,"Deep River CDP, Washington",4,7,0,12,4,7,0,12,0,12
1600000US5317320,5317320,"Deer Park city, Washington",86,62,57,48,29,32,0,12,0,12
1600000US5317495,5317495,"Deming CDP, Washington",0,12,0,12,0,12,0,12,0,12
1600000US5317617,5317617,"Desert Aire CDP, Washington",43,65,43,65,0,12,0,12,0,12
1600000US5317635,5317635,"Des Moines city, Washington",2360,485,1458,328,729,257,42,32,131,116
1600000US5317880,5317880,"Disautel CDP, Washington",0,12,0,12,0,12,0,12,0,12
1600000US5318055,5318055,"Dixie CDP, Washington",7,12,0,12,7,12,0,12,0,12
1600000US5318198,5318198,"Dollars Corner CDP, Washington",4,7,0,12,4,7,0,12,0,12
1600000US5318265,5318265,"Donald CDP, Washington",0,12,0,12,0,12,0,12,0,12
1600000US5318775,5318775,"Duluth CDP, Washington",20,30,0,12,20,30,0,12,0,12
1600000US5318965,5318965,"DuPont city, Washington",544,230,173,104,271,137,50,47,50,46
1600000US5319035,5319035,"Duvall city, Washington",252,175,171,134,81,78,0,17,0,17
1600000US5319290,5319290,"East Cathlamet CDP, Washington",0,12,0,12,0,12,0,12,0,12
1600000US5319630,5319630,"Eastmont CDP, Washington",1249,353,875,310,286,105,61,62,27,24
1600000US5319700,5319700,"Easton CDP, Washington",0,12,0,12,0,12,0,12,0,12
1600000US5319770,5319770,"East Port Orchard CDP, Washington",757,345,391,209,328,231,38,45,0,17
1600000US5319857,5319857,"East Renton Highlands CDP, Washington",769,262,531,209,230,132,0,19,8,14
1600000US5320155,5320155,"East Wenatchee city, Washington",839,279,537,198,191,111,21,25,90,78
1600000US5320260,5320260,"Eatonville town, Washington",190,126,150,120,40,40,0,12,0,12
1600000US5320645,5320645,"Edgewood city, Washington",704,365,453,301,189,222,62,84,0,19
1600000US5320680,5320680,"Edison CDP, Washington",0,12,0,12,0,12,0,12,0,12
1600000US5320750,5320750,"Edmonds city, Washington",2195,480,1450,449,628,181,81,80,36,31
1600000US5320890,5320890,"Elbe CDP, Washington",53,81,53,81,0,12,0,12,0,12
1600000US5321030,5321030,"Electric City city, Washington",35,26,25,20,10,13,0,12,0,12
1600000US5321205,5321205,"Elk Plain CDP, Washington",965,288,586,232,130,68,180,107,69,57
1600000US5321240,5321240,"Ellensburg city, Washington",961,239,639,197,187,104,76,71,59,58
1600000US5321450,5321450,"Elma city, Washington",183,111,149,108,34,38,0,12,0,12
1600000US5321485,5321485,"Elmer City town, Washington",23,15,14,10,9,10,0,12,0,12
1600000US5321730,5321730,"Endicott town, Washington",0,12,0,12,0,12,0,12,0,12
1600000US5321800,5321800,"Enetai CDP, Washington",128,68,61,40,49,49,18,21,0,12
1600000US5322010,5322010,"Entiat city, Washington",15,23,9,20,6,9,0,12,0,12
1600000US5322045,5322045,"Enumclaw city, Washington",547,304,407,244,35,27,22,25,83,98
1600000US5322080,5322080,"Ephrata city, Washington",273,178,226,151,12,22,16,26,19,27
1600000US5322118,5322118,"Erlands Point-Kitsap Lake CDP, Washington",201,125,163,120,30,26,8,15,0,12
1600000US5322150,5322150,"Eschbach CDP, Washington",13,20,0,12,13,20,0,12,0,12
1600000US5322255,5322255,"Esperance CDP, Washington",221,151,93,73,21,39,0,12,107,148
1600000US5322640,5322640,"Everett city, Washington",7015,928,4109,606,2176,465,231,140,499,226
1600000US5322745,5322745,"Everson city, Washington",28,35,22,34,6,10,0,12,0,12
1600000US5322955,5322955,"Fairchild AFB CDP, Washington",135,76,14,13,71,46,50,42,0,12
1600000US5322990,5322990,"Fairfield town, Washington",12,18,0,12,12,18,0,12,0,12
1600000US5323160,5323160,"Fairwood CDP (King County), Washington",1609,505,1121,420,441,216,17,20,30,30
1600000US5323165,5323165,"Fairwood CDP (Spokane County), Washington",222,236,52,63,116,179,11,18,43,67
1600000US5323200,5323200,"Fall City CDP, Washington",2,7,0,12,0,12,0,12,2,7
1600000US5323340,5323340,"Farmington town, Washington",2,3,0,12,2,3,0,12,0,12
1600000US5323515,5323515,"Federal Way city, Washington",7153,874,4357,686,2014,430,347,135,435,185
1600000US5323550,5323550,"Felida CDP, Washington",378,125,163,92,110,74,86,76,19,23
1600000US5323620,5323620,"Ferndale city, Washington",384,224,190,157,82,63,97,143,15,26
1600000US5323690,5323690,"Fern Prairie CDP, Washington",39,40,25,33,14,23,0,12,0,12
1600000US5323795,5323795,"Fife city, Washington",909,147,588,125,230,64,54,28,37,34
1600000US5323830,5323830,"Fife Heights CDP, Washington",83,36,64,31,15,11,4,6,0,12
1600000US5323865,5323865,"Finley CDP, Washington",48,51,21,33,27,40,0,17,0,17
1600000US5323970,5323970,"Fircrest city, Washington",981,380,430,220,413,259,51,48,87,115
1600000US5324188,5324188,"Five Corners CDP, Washington",1010,288,416,147,572,234,0,19,22,20
1600000US5324425,5324425,"Fobes Hill CDP, Washington",31,38,31,38,0,12,0,12,0,12
1600000US5324565,5324565,"Fords Prairie CDP, Washington",9,15,9,15,0,12,0,12,0,12
1600000US5324810,5324810,"Forks city, Washington",151,89,133,88,11,14,7,13,0,12
1600000US5324915,5324915,"Fort Lewis CDP, Washington",733,247,173,98,385,158,143,112,32,35
1600000US5325300,5325300,"Four Lakes CDP, Washington",9,16,9,16,0,12,0,12,0,12
1600000US5325370,5325370,"Fox Island CDP, Washington",175,96,83,60,68,50,17,19,7,12
1600000US5325475,5325475,"Frederickson CDP, Washington",2297,656,1149,374,735,354,247,200,166,207
1600000US5325510,5325510,"Freeland CDP, Washington",94,65,66,56,28,38,0,12,0,12
1600000US5325615,5325615,"Friday Harbor town, Washington",101,41,28,20,60,28,13,12,0,12
1600000US5326140,5326140,"Garfield town, Washington",0,12,0,12,0,12,0,12,0,12
1600000US5326245,5326245,"Garrett CDP, Washington",211,242,189,243,22,27,0,12,0,12
1600000US5326420,5326420,"Geneva CDP, Washington",16,26,16,26,0,12,0,12,0,12
1600000US5326455,5326455,"George city, Washington",0,12,0,12,0,12,0,12,0,12
1600000US5326735,5326735,"Gig Harbor city, Washington",261,157,136,97,61,55,56,64,8,13
1600000US5326875,5326875,"Glacier CDP, Washington",0,12,0,12,0,12,0,12,0,12
1600000US5326945,5326945,"Gleed CDP, Washington",84,83,66,80,10,15,0,12,8,13
1600000US5327225,5327225,"Glenwood CDP, Washington",0,12,0,12,0,12,0,12,0,12
1600000US5327365,5327365,"Gold Bar city, Washington",37,29,23,19,14,10,0,12,0,12
1600000US5327435,5327435,"Goldendale city, Washington",71,69,71,69,0,12,0,12,0,12
1600000US5327680,5327680,"Gorst CDP, Washington",0,12,0,12,0,12,0,12,0,12
1600000US5327785,5327785,"Graham CDP, Washington",1669,393,1075,342,489,155,83,63,22,30
1600000US5327855,5327855,"Grand Coulee city, Washington",64,53,50,46,14,20,0,12,0,12
1600000US5327890,5327890,"Grand Mound CDP, Washington",348,208,281,195,38,43,29,46,0,12
1600000US5327925,5327925,"Grandview city, Washington",136,103,92,91,36,45,0,19,8,13
1600000US5327960,5327960,"Granger city, Washington",79,77,34,39,32,40,0,12,13,18
1600000US5327995,5327995,"Granite Falls city, Washington",211,178,184,159,27,41,0,12,0,12
1600000US5328135,5328135,"Grapeview CDP, Washington",63,77,35,45,28,36,0,12,0,12
1600000US5328345,5328345,"Grayland CDP, Washington",10,15,0,12,10,15,0,12,0,12
1600000US5328450,5328450,"Grays River CDP, Washington",14,22,14,22,0,12,0,12,0,12
1600000US5328590,5328590,"Green Bluff CDP, Washington",0,12,0,12,0,12,0,12,0,12
1600000US5328695,5328695,"Greenwater CDP, Washington",0,12,0,12,0,12,0,12,0,12
1600000US5329255,5329255,"Hamilton town, Washington",5,7,2,4,3,5,0,12,0,12
1600000US5329430,5329430,"Hansville CDP, Washington",145,96,88,67,28,32,29,44,0,12
1600000US5329710,5329710,"Harrah town, Washington",12,11,2,3,8,8,0,12,2,3
1600000US5329745,5329745,"Harrington city, Washington",12,15,9,15,3,6,0,12,0,12
1600000US5329920,5329920,"Hartline town, Washington",6,6,6,6,0,12,0,12,0,12
1600000US5330030,5330030,"Hat Island CDP, Washington",0,12,0,12,0,12,0,12,0,12
1600000US5330060,5330060,"Hatton town, Washington",2,3,0,12,2,3,0,12,0,12
1600000US5330305,5330305,"Hazel Dell CDP, Washington",962,269,462,199,477,203,17,22,6,11
1600000US5330690,5330690,"Herron Island CDP, Washington",0,12,0,12,0,12,0,12,0,12
1600000US5330750,5330750,"High Bridge CDP, Washington",54,57,30,47,24,28,0,12,0,12
1600000US5331495,5331495,"Hobart CDP, Washington",265,128,180,111,66,42,0,17,19,21
1600000US5331530,5331530,"Hockinson CDP, Washington",236,129,128,111,96,78,0,17,12,17
1600000US5331540,5331540,"Hogans Corner CDP, Washington",0,12,0,12,0,12,0,12,0,12
1600000US5331985,5331985,"Home CDP, Washington",21,34,21,34,0,12,0,12,0,12
1600000US5332125,5332125,"Hoodsport CDP, Washington",0,12,0,12,0,12,0,12,0,12
1600000US5332300,5332300,"Hoquiam city, Washington",225,101,121,81,37,26,21,32,46,51
1600000US5332650,5332650,"Humptulips CDP, Washington",3,5,3,5,0,12,0,12,0,12
1600000US5332755,5332755,"Hunts Point town, Washington",14,11,12,10,2,3,0,12,0,12
1600000US5333000,5333000,"Ilwaco city, Washington",50,55,44,60,0,12,6,12,0,12
1600000US5333105,5333105,"Inchelium CDP, Washington",15,14,15,14,0,12,0,12,0,12
1600000US5333175,5333175,"Index town, Washington",0,12,0,12,0,12,0,12,0,12
1600000US5333280,5333280,"Indianola CDP, Washington",247,55,156,40,77,23,7,7,7,7
1600000US5333560,5333560,"Ione town, Washington",22,17,17,16,5,6,0,12,0,12
1600000US5333805,5333805,"Issaquah city, Washington",1442,423,830,323,384,161,73,80,155,105
1600000US5333890,5333890,"Jamestown CDP, Washington",7,12,0,12,7,12,0,12,0,12
1600000US5334470,5334470,"Junction City CDP, Washington",0,12,0,12,0,12,0,12,0,12
1600000US5334575,5334575,"Kahlotus city, Washington",0,12,0,12,0,12,0,12,0,12
1600000US5334645,5334645,"Kalama city, Washington",83,80,78,78,5,9,0,12,0,12
1600000US5334890,5334890,"Kapowsin CDP, Washington",0,12,0,12,0,12,0,12,0,12
1600000US5334915,5334915,"Kayak Point CDP, Washington",56,39,15,17,41,34,0,12,0,12
1600000US5334960,5334960,"Keller CDP, Washington",1,3,0,12,1,3,0,12,0,12
1600000US5335065,5335065,"Kelso city, Washington",498,267,268,191,219,146,0,19,11,18
1600000US5335135,5335135,"Kendall CDP, Washington",0,12,0,12,0,12,0,12,0,12
1600000US5335170,5335170,"Kenmore city, Washington",1000,215,668,170,240,102,19,29,73,50
1600000US5335275,5335275,"Kennewick city, Washington",3654,694,2220,538,931,312,93,65,410,276
1600000US5335415,5335415,"Kent city, Washington",7736,894,5007,807,1754,428,245,129,730,227
1600000US5335450,5335450,"Ketron Island CDP, Washington",0,12,0,12,0,12,0,12,0,12
1600000US5335485,5335485,"Kettle Falls city, Washington",68,50,23,28,45,29,0,12,0,12
1600000US5335555,5335555,"Key Center CDP, Washington",179,121,101,86,57,53,21,33,0,12
1600000US5335625,5335625,"Keyport CDP, Washington",7,10,0,12,0,12,7,10,0,12
1600000US5335870,5335870,"Kingston CDP, Washington",165,178,123,174,29,34,0,12,13,21
1600000US5335940,5335940,"Kirkland city, Washington",4733,725,2901,482,1233,293,203,124,396,144
1600000US5336045,5336045,"Kittitas city, Washington",12,12,12,12,0,12,0,12,0,12
1600000US5336115,5336115,"Klickitat CDP, Washington",18,34,12,23,6,11,0,12,0,12
1600000US5336395,5336395,"Krupp town, Washington",0,12,0,12,0,12,0,12,0,12
1600000US5336710,5336710,"La Center city, Washington",34,24,30,22,4,6,0,12,0,12
1600000US5336745,5336745,"Lacey city, Washington",3570,581,1602,325,1205,291,601,244,162,83
1600000US5336780,5336780,"La Conner town, Washington",3,5,0,12,3,5,0,12,0,12
1600000US5336850,5336850,"LaCrosse town, Washington",1,4,0,12,1,4,0,12,0,12
1600000US5336920,5336920,"La Grande CDP, Washington",0,12,0,12,0,12,0,12,0,12
1600000US5337077,5337077,"Lake Bosworth CDP, Washington",0,12,0,12,0,12,0,12,0,12
1600000US5337100,5337100,"Lake Cassidy CDP, Washington",192,123,163,116,29,25,0,12,0,12
1600000US5337105,5337105,"Lake Cavanaugh CDP, Washington",0,12,0,12,0,12,0,12,0,12
1600000US5337270,5337270,"Lake Forest Park city, Washington",852,236,457,154,239,116,29,27,127,80
1600000US5337287,5337287,"Lake Goodwin CDP, Washington",76,54,29,26,47,48,0,12,0,12
1600000US5337345,5337345,"Lake Holm CDP, Washington",81,96,41,52,40,48,0,12,0,12
1600000US5337415,5337415,"Lake Ketchum CDP, Washington",10,15,10,15,0,12,0,12,0,12
1600000US5337420,5337420,"Lakeland North CDP, Washington",799,283,426,184,199,117,26,31,148,169
1600000US5337430,5337430,"Lakeland South CDP, Washington",817,361,389,211,201,100,108,119,119,116
1600000US5337526,5337526,"Lake McMurray CDP, Washington",0,12,0,12,0,12,0,12,0,12
1600000US5337538,5337538,"Lake Marcel-Stillwater CDP, Washington",59,58,40,47,0,12,0,12,19,33
1600000US5337567,5337567,"Lake Morton-Berrydale CDP, Washington",418,193,276,136,142,104,0,19,0,19
1600000US5337672,5337672,"Lake Roesiger CDP, Washington",43,63,43,63,0,12,0,12,0,12
1600000US5337830,5337830,"Lake Shore CDP, Washington",226,112,129,88,80,56,17,20,0,17
1600000US5337900,5337900,"Lake Stevens city, Washington",1681,410,844,241,781,268,41,36,15,20
1600000US5337917,5337917,"Lake Stickney CDP, Washington",828,347,437,230,189,121,115,136,87,93
1600000US5337920,5337920,"Lake Tapps CDP, Washington",714,264,480,192,201,107,33,39,0,19
1600000US5337926,5337926,"Lakeview CDP, Washington",0,12,0,12,0,12,0,12,0,12
1600000US5338038,5338038,"Lakewood city, Washington",6110,862,3705,663,1846,424,418,150,141,86
1600000US5338215,5338215,"Lamont town, Washington",0,12,0,12,0,12,0,12,0,12
1600000US5338355,5338355,"Langley city, Washington",49,36,38,34,11,10,0,12,0,12
1600000US5338420,5338420,"Larch Way CDP, Washington",144,89,70,55,46,40,18,21,10,15
1600000US5338495,5338495,"Latah town, Washington",12,12,0,12,12,12,0,12,0,12
1600000US5338705,5338705,"Laurier CDP, Washington",0,12,0,12,0,12,0,12,0,12
1600000US5338845,5338845,"Leavenworth city, Washington",83,104,54,80,29,31,0,12,0,12
1600000US5338880,5338880,"Lebam CDP, Washington",0,12,0,12,0,12,0,12,0,12
1600000US5339212,5339212,"Lewisville CDP, Washington",0,12,0,12,0,12,0,12,0,12
1600000US5339335,5339335,"Liberty Lake city, Washington",356,196,259,167,97,76,0,17,0,17
1600000US5339510,5339510,"Lind town, Washington",26,24,21,21,5,8,0,12,0,12
1600000US5339860,5339860,"Lochsloy CDP, Washington",210,167,170,135,32,38,0,12,8,12
1600000US5339930,5339930,"Lofall CDP, Washington",13,17,0,12,13,17,0,12,0,12
1600000US5340070,5340070,"Long Beach city, Washington",42,40,6,10,36,36,0,12,0,12
1600000US5340105,5340105,"Longbranch CDP, Washington",224,158,119,135,105,104,0,12,0,12
1600000US5340245,5340245,"Longview city, Washington",2374,453,1278,320,1013,293,30,37,53,48
1600000US5340270,5340270,"Longview Heights CDP, Washington",127,87,61,66,66,59,0,12,0,12
1600000US5340350,5340350,"Loomis CDP, Washington",0,12,0,12,0,12,0,12,0,12
1600000US5340385,5340385,"Loon Lake CDP, Washington",30,30,25,28,5,8,0,12,0,12
1600000US5340570,5340570,"Lower Elochoman CDP, Washington",0,12,0,12,0,12,0,12,0,12
1600000US5340735,5340735,"Lyle CDP, Washington",0,12,0,12,0,12,0,12,0,12
1600000US5340770,5340770,"Lyman town, Washington",21,24,18,21,3,6,0,12,0,12
1600000US5340805,5340805,"Lynden city, Washington",504,228,197,122,261,157,28,43,18,21
1600000US5340840,5340840,"Lynnwood city, Washington",2625,532,1801,361,585,251,31,38,208,130
1600000US5340980,5340980,"Mabton city, Washington",4,8,0,12,4,8,0,12,0,12
1600000US5341155,5341155,"McChord AFB CDP, Washington",227,134,43,35,150,115,20,32,14,22
1600000US5341225,5341225,"McCleary city, Washington",111,91,67,69,43,51,1,4,0,12
1600000US5341470,5341470,"Machias CDP, Washington",6,9,6,9,0,12,0,12,0,12
1600000US5341645,5341645,"McKenna CDP, Washington",29,41,28,41,1,2,0,12,0,12
1600000US5341785,5341785,"McMillin CDP, Washington",109,149,100,149,0,12,9,14,0,12
1600000US5342275,5342275,"Malden town, Washington",0,12,0,12,0,12,0,12,0,12
1600000US5342310,5342310,"Malo CDP, Washington",0,12,0,12,0,12,0,12,0,12
1600000US5342345,5342345,"Malone CDP, Washington",24,33,24,33,0,12,0,12,0,12
1600000US5342380,5342380,"Malott CDP, Washington",2,4,2,4,0,12,0,12,0,12
1600000US5342415,5342415,"Maltby CDP, Washington",450,256,326,235,124,73,0,19,0,19
1600000US5342450,5342450,"Manchester CDP, Washington",401,158,239,125,112,114,17,28,33,38
1600000US5342800,5342800,"Mansfield town, Washington",4,6,0,12,4,6,0,12,0,12
1600000US5342835,5342835,"Manson CDP, Washington",362,339,0,12,362,339,0,12,0,12
1600000US5343010,5343010,"Maple Falls CDP, Washington",0,12,0,12,0,12,0,12,0,12
1600000US5343062,5343062,"Maple Heights-Lake Desire CDP, Washington",159,115,159,115,0,12,0,12,0,12
1600000US5343150,5343150,"Maple Valley city, Washington",2002,417,1298,353,563,173,83,54,58,71
1600000US5343255,5343255,"Maplewood CDP, Washington",141,86,92,58,40,42,0,17,9,14
1600000US5343325,5343325,"Marblemount CDP, Washington",0,12,0,12,0,12,0,12,0,12
1600000US5343395,5343395,"Marcus town, Washington",18,21,18,21,0,12,0,12,0,12
1600000US5343491,5343491,"Marietta-Alderwood CDP, Washington",31,39,16,27,9,15,6,22,0,12
1600000US5343640,5343640,"Markham CDP, Washington",0,12,0,12,0,12,0,12,0,12
1600000US5343762,5343762,"Marrowstone CDP, Washington",38,54,0,12,38,54,0,12,0,12
1600000US5343815,5343815,"Martha Lake CDP, Washington",1267,390,703,247,428,227,16,26,120,119
1600000US5343885,5343885,"Maryhill CDP, Washington",0,12,0,12,0,12,0,12,0,12
1600000US5343955,5343955,"Marysville city, Washington",3679,663,2491,536,941,258,163,80,84,95
1600000US5344165,5344165,"Mattawa city, Washington",82,84,22,36,10,15,13,20,37,43
1600000US5344260,5344260,"May Creek CDP, Washington",58,87,41,62,17,25,0,12,0,12
1600000US5344480,5344480,"Mead CDP, Washington",128,137,26,32,15,18,0,17,87,125
1600000US5344585,5344585,"Meadowdale CDP, Washington",188,127,107,68,36,42,37,34,8,12
1600000US5344620,5344620,"Meadow Glade CDP, Washington",119,109,91,87,28,30,0,12,0,12
1600000US5344690,5344690,"Medical Lake city, Washington",510,291,148,138,190,168,127,156,45,68
1600000US5344725,5344725,"Medina city, Washington",192,85,97,49,58,41,6,9,31,21
1600000US5345005,5345005,"Mercer Island city, Washington",907,222,343,126,449,157,76,56,39,37
1600000US5345180,5345180,"Mesa city, Washington",39,52,30,41,0,12,0,12,9,12
1600000US5345285,5345285,"Metaline town, Washington",3,5,0,12,3,5,0,12,0,12
1600000US5345320,5345320,"Metaline Falls town, Washington",0,12,0,12,0,12,0,12,0,12
1600000US5345355,5345355,"Methow CDP, Washington",0,12,0,12,0,12,0,12,0,12
1600000US5345495,5345495,"Midland CDP, Washington",751,309,474,260,230,135,31,40,16,19
1600000US5345865,5345865,"Mill Creek city, Washington",1033,379,642,246,324,201,2,9,65,65
1600000US5345870,5345870,"Mill Creek East CDP, Washington",1122,402,706,246,349,193,10,14,57,56
1600000US5345985,5345985,"Millwood city, Washington",56,36,39,25,15,14,2,3,0,12
1600000US5346020,5346020,"Milton city, Washington",287,113,186,84,97,65,0,17,4,7
1600000US5346090,5346090,"Mineral CDP, Washington",11,17,0,12,11,17,0,12,0,12
1600000US5346125,5346125,"Minnehaha CDP, Washington",671,378,357,242,273,132,41,52,0,19
1600000US5346215,5346215,"Mirrormont CDP, Washington",59,57,31,45,0,12,0,12,28,40
1600000US5346405,5346405,"Moclips CDP, Washington",0,12,0,12,0,12,0,12,0,12
1600000US5346685,5346685,"Monroe city, Washington",1071,300,741,243,219,78,21,29,90,79
1600000US5346725,5346725,"Monroe North CDP, Washington",45,60,15,19,30,42,0,12,0,12
1600000US5346895,5346895,"Montesano city, Washington",107,80,53,40,34,43,0,12,20,29
1600000US5347175,5347175,"Morton city, Washington",77,47,45,34,20,20,0,12,12,27
1600000US5347245,5347245,"Moses Lake city, Washington",1717,601,1351,639,322,241,0,22,44,51
1600000US5347280,5347280,"Moses Lake North CDP, Washington",220,181,164,164,33,26,0,12,23,32
1600000US5347315,5347315,"Mossyrock city, Washington",39,41,31,40,8,10,0,12,0,12
1600000US5347490,5347490,"Mountlake Terrace city, Washington",1287,314,757,244,306,163,0,22,224,137
1600000US5347560,5347560,"Mount Vernon city, Washington",1231,277,760,235,341,120,39,30,91,68
1600000US5347630,5347630,"Mount Vista CDP, Washington",304,126,58,36,218,110,23,29,5,8
1600000US5347665,5347665,"Moxee city, Washington",185,137,59,41,122,132,4,7,0,12
1600000US5347735,5347735,"Mukilteo city, Washington",1049,270,509,172,407,191,38,35,95,70
1600000US5347805,5347805,"Naches town, Washington",0,12,0,12,0,12,0,12,0,12
1600000US5347980,5347980,"Napavine city, Washington",47,36,31,26,16,18,0,12,0,12
1600000US5348015,5348015,"Naselle CDP, Washington",8,12,0,12,8,12,0,12,0,12
1600000US5348225,5348225,"Navy Yard City CDP, Washington",369,352,247,338,101,121,12,19,9,14
1600000US5348295,5348295,"Neah Bay CDP, Washington",109,43,90,39,16,17,0,12,3,5
1600000US5348330,5348330,"Neilton CDP, Washington",4,6,4,6,0,12,0,12,0,12
1600000US5348540,5348540,"Nespelem town, Washington",9,13,9,13,0,12,0,12,0,12
1600000US5348550,5348550,"Nespelem Community CDP, Washington",4,7,0,12,4,7,0,12,0,12
1600000US5348645,5348645,"Newcastle city, Washington",554,199,372,156,124,75,58,41,0,19
1600000US5348820,5348820,"Newport city, Washington",60,54,58,54,2,4,0,12,0,12
1600000US5349030,5349030,"Nile CDP, Washington",0,12,0,12,0,12,0,12,0,12
1600000US5349193,5349193,"Nisqually Indian Community CDP, Washington",32,19,27,17,3,3,2,3,0,12
1600000US5349275,5349275,"Nooksack city, Washington",168,207,61,70,40,46,6,10,61,96
1600000US5349415,5349415,"Normandy Park city, Washington",81,127,72,127,9,15,0,17,0,17
1600000US5349485,5349485,"North Bend city, Washington",301,208,139,105,162,138,0,17,0,17
1600000US5349555,5349555,"North Bonneville city, Washington",4,6,4,6,0,12,0,12,0,12
1600000US5349765,5349765,"North Fort Lewis CDP, Washington",548,204,119,86,250,142,118,84,61,59
1600000US5349940,5349940,"North Lynnwood CDP, Washington",2830,680,1295,368,566,224,225,162,744,408
1600000US5349992,5349992,"North Marysville CDP, Washington",0,12,0,12,0,12,0,12,0,12
1600000US5350007,5350007,"North Omak CDP, Washington",0,12,0,12,0,12,0,12,0,12
1600000US5350045,5350045,"Northport town, Washington",20,22,12,19,8,12,0,12,0,12
1600000US5350115,5350115,"North Puyallup CDP, Washington",11,16,11,16,0,12,0,12,0,12
1600000US5350183,5350183,"North Sultan CDP, Washington",0,12,0,12,0,12,0,12,0,12
1600000US5350195,5350195,"Northwest Stanwood CDP, Washington",0,12,0,12,0,12,0,12,0,12
1600000US5350210,5350210,"North Yelm CDP, Washington",346,225,254,166,92,80,0,12,0,12
1600000US5350325,5350325,"Oakesdale town, Washington",6,7,3,5,3,4,0,12,0,12
1600000US5350360,5350360,"Oak Harbor city, Washington",1713,375,760,243,670,215,164,87,119,113
1600000US5350430,5350430,"Oakville city, Washington",36,30,26,25,10,13,0,12,0,12
1600000US5350500,5350500,"Ocean City CDP, Washington",0,12,0,12,0,12,0,12,0,12
1600000US5350535,5350535,"Ocean Park CDP, Washington",56,64,29,45,27,29,0,12,0,12
1600000US5350570,5350570,"Ocean Shores city, Washington",159,161,95,89,64,78,0,17,0,17
1600000US5350745,5350745,"Odessa town, Washington",58,48,51,38,7,12,0,12,0,12
1600000US5350920,5350920,"Okanogan city, Washington",90,66,67,56,19,20,0,12,4,7
1600000US5351300,5351300,"Olympia city, Washington",2152,432,1209,304,736,212,129,67,78,69
1600000US5351340,5351340,"Omak city, Washington",411,163,263,130,109,57,39,54,0,12
1600000US5351410,5351410,"Onalaska CDP, Washington",94,107,94,107,0,12,0,12,0,12
1600000US5351795,5351795,"Orchards CDP, Washington",1458,426,909,318,533,203,2,4,14,19
1600000US5351830,5351830,"Orient CDP, Washington",25,26,8,9,17,18,0,12,0,12
1600000US5351970,5351970,"Oroville city, Washington",143,94,122,80,9,15,12,19,0,12
1600000US5352005,5352005,"Orting city, Washington",460,246,256,145,161,129,25,41,18,20
1600000US5352110,5352110,"Oso CDP, Washington",0,12,0,12,0,12,0,12,0,12
1600000US5352215,5352215,"Othello city, Washington",130,80,66,38,22,24,0,17,42,59
1600000US5352267,5352267,"Otis Orchards-East Farms CDP, Washington",82,73,17,29,65,66,0,17,0,17
1600000US5352285,5352285,"Outlook CDP, Washington",0,12,0,12,0,12,0,12,0,12
1600000US5352378,5352378,"Oyehut CDP, Washington",0,12,0,12,0,12,0,12,0,12
1600000US5352495,5352495,"Pacific city, Washington",631,359,271,117,303,259,57,52,0,17
1600000US5352530,5352530,"Pacific Beach CDP, Washington",0,12,0,12,0,12,0,12,0,12
1600000US5352600,5352600,"Packwood CDP, Washington",5,8,0,12,5,8,0,12,0,12
1600000US5352950,5352950,"Palouse city, Washington",26,17,11,9,15,12,0,12,0,12
1600000US5353265,5353265,"Parker CDP, Washington",0,12,0,12,0,12,0,12,0,12
1600000US5353335,5353335,"Parkland CDP, Washington",3731,657,2696,537,697,210,290,129,48,72
1600000US5353440,5353440,"Parkwood CDP, Washington",163,99,107,80,40,44,0,17,16,24
1600000US5353545,5353545,"Pasco city, Washington",2708,539,1638,360,640,257,202,177,228,123
1600000US5353720,5353720,"Pateros city, Washington",79,59,69,55,10,8,0,12,0,12
1600000US5353800,5353800,"Peaceful Valley CDP, Washington",204,135,156,94,48,68,0,12,0,12
1600000US5353930,5353930,"Pe Ell town, Washington",47,35,16,16,31,27,0,12,0,12
1600000US5354213,5354213,"Picnic Point CDP, Washington",647,231,467,178,116,79,45,37,19,24
1600000US5354405,5354405,"Pine Grove CDP, Washington",6,9,6,9,0,12,0,12,0,12
1600000US5355015,5355015,"Point Roberts CDP, Washington",51,30,6,9,20,25,19,25,6,8
1600000US5355120,5355120,"Pomeroy city, Washington",85,48,13,17,72,47,0,12,0,12
1600000US5355365,5355365,"Port Angeles city, Washington",887,211,508,164,346,144,17,26,16,23
1600000US5355400,5355400,"Port Angeles East CDP, Washington",113,84,99,82,14,20,0,12,0,12
1600000US5355540,5355540,"Porter CDP, Washington",15,20,15,20,0,12,0,12,0,12
1600000US5355612,5355612,"Port Gamble Tribal Community CDP, Washington",73,34,59,31,12,11,0,12,2,3
1600000US5355620,5355620,"Port Hadlock-Irondale CDP, Washington",261,126,179,115,82,64,0,12,0,12
1600000US5355645,5355645,"Port Ludlow CDP, Washington",0,12,0,12,0,12,0,12,0,12
1600000US5355785,5355785,"Port Orchard city, Washington",1013,305,464,181,385,192,122,79,42,50
1600000US5355855,5355855,"Port Townsend city, Washington",187,107,36,32,151,102,0,17,0,17
1600000US5355995,5355995,"Poulsbo city, Washington",639,230,254,164,358,153,27,23,0,19
1600000US5356150,5356150,"Prairie Heights CDP, Washington",114,89,72,62,26,39,16,25,0,12
1600000US5356170,5356170,"Prairie Ridge CDP, Washington",781,335,630,297,151,82,0,19,0,19
1600000US5356240,5356240,"Prescott city, Washington",0,12,0,12,0,12,0,12,0,12
1600000US5356450,5356450,"Prosser city, Washington",466,435,316,302,35,43,0,17,115,129
1600000US5356555,5356555,"Puget Island CDP, Washington",0,12,0,12,0,12,0,12,0,12
1600000US5356625,5356625,"Pullman city, Washington",2037,289,1080,230,707,172,75,63,175,119
1600000US5356660,5356660,"Purdy CDP, Washington",51,56,29,48,14,22,8,13,0,12
1600000US5356695,5356695,"Puyallup city, Washington",2774,646,1626,411,779,275,180,123,189,185
1600000US5356905,5356905,"Queets CDP, Washington",20,16,13,17,7,11,0,12,0,12
1600000US5356975,5356975,"Quilcene CDP, Washington",6,10,6,10,0,12,0,12,0,12
1600000US5357030,5357030,"Qui-nai-elt Village CDP, Washington",0,12,0,12,0,12,0,12,0,12
1600000US5357115,5357115,"Quincy city, Washington",170,195,152,185,0,17,0,17,18,28
1600000US5357140,5357140,"Raft Island CDP, Washington",0,12,0,12,0,12,0,12,0,12
1600000US5357220,5357220,"Rainier city, Washington",115,90,62,58,50,41,0,12,3,5
1600000US5357395,5357395,"Ravensdale CDP, Washington",146,139,117,122,29,44,0,12,0,12
1600000US5357430,5357430,"Raymond city, Washington",151,79,145,79,6,9,0,12,0,12
1600000US5357465,5357465,"Reardan town, Washington",13,16,13,16,0,12,0,12,0,12
1600000US5357535,5357535,"Redmond city, Washington",2766,487,1236,317,981,232,112,96,437,192
1600000US5357745,5357745,"Renton city, Washington",7526,1046,5055,830,1695,382,295,152,481,204
1600000US5357850,5357850,"Republic city, Washington",67,48,53,42,11,16,3,5,0,12
1600000US5358235,5358235,"Richland city, Washington",2347,425,1378,341,843,296,79,65,47,45
1600000US5358410,5358410,"Ridgefield city, Washington",146,135,66,74,64,62,16,29,0,17
1600000US5358725,5358725,"Ritzville city, Washington",115,59,83,52,17,18,10,13,5,8
1600000US5358742,5358742,"Riverbend CDP, Washington",25,41,0,12,0,12,0,12,25,41
1600000US5358777,5358777,"River Road CDP, Washington",79,69,0,12,79,69,0,12,0,12
1600000US5358795,5358795,"Riverside town, Washington",7,8,7,8,0,12,0,12,0,12
1600000US5359110,5359110,"Rochester CDP, Washington",111,160,111,160,0,12,0,12,0,12
1600000US5359145,5359145,"Rockford town, Washington",10,10,8,10,2,4,0,12,0,12
1600000US5359180,5359180,"Rock Island city, Washington",42,34,23,33,19,22,0,12,0,12
1600000US5359250,5359250,"Rockport CDP, Washington",0,12,0,12,0,12,0,12,0,12
1600000US5359390,5359390,"Rocky Point CDP, Washington",115,69,44,44,57,52,14,24,0,12
1600000US5359635,5359635,"Ronald CDP, Washington",0,12,0,12,0,12,0,12,0,12
1600000US5359705,5359705,"Roosevelt CDP, Washington",0,12,0,12,0,12,0,12,0,12
1600000US5359775,5359775,"Rosalia town, Washington",10,11,5,7,5,9,0,12,0,12
1600000US5359845,5359845,"Rosburg CDP, Washington",11,13,3,7,8,11,0,12,0,12
1600000US5359880,5359880,"Rosedale CDP, Washington",564,250,404,220,160,85,0,12,0,12
1600000US5360055,5360055,"Roslyn city, Washington",4,6,4,6,0,12,0,12,0,12
1600000US5360160,5360160,"Roy city, Washington",41,29,23,22,15,11,3,6,0,12
1600000US5360230,5360230,"Royal City city, Washington",9,16,9,16,0,12,0,12,0,12
1600000US5360510,5360510,"Ruston town, Washington",48,27,18,13,26,21,1,3,3,5
1600000US5360580,5360580,"Ryderwood CDP, Washington",0,12,0,12,0,12,0,12,0,12
1600000US5360860,5360860,"St. John town, Washington",13,15,8,11,5,9,0,12,0,12
1600000US5361000,5361000,"Salmon Creek CDP, Washington",862,294,207,146,581,246,54,44,20,17
1600000US5361115,5361115,"Sammamish city, Washington",2506,392,1282,252,913,261,82,54,229,115
1600000US5361235,5361235,"Santiago CDP, Washington",0,12,0,12,0,12,0,12,0,12
1600000US5361350,5361350,"Satsop CDP, Washington",34,40,17,21,17,22,0,12,0,12
1600000US5362120,5362120,"Seabeck CDP, Washington",56,74,0,12,30,50,26,28,0,12
1600000US5362288,5362288,"SeaTac city, Washington",2423,536,1270,345,596,201,67,64,490,292
1600000US5363000,5363000,"Seattle city, Washington",45657,1783,24764,1190,15300,982,2352,362,3241,802
1600000US5363210,5363210,"Sedro-Woolley city, Washington",1030,437,556,180,411,314,63,56,0,19
1600000US5363245,5363245,"Sekiu CDP, Washington",0,12,0,12,0,12,0,12,0,12
1600000US5363280,5363280,"Selah city, Washington",152,117,127,106,25,29,0,17,0,17
1600000US5363385,5363385,"Sequim city, Washington",255,139,36,37,174,111,0,17,45,42
1600000US5363545,5363545,"Shadow Lake CDP, Washington",127,98,73,75,54,54,0,12,0,12
1600000US5363735,5363735,"Shelton city, Washington",568,213,471,197,76,64,6,11,15,16
1600000US5363960,5363960,"Shoreline city, Washington",2979,543,1666,377,1010,327,128,87,175,85
1600000US5364190,5364190,"Silvana CDP, Washington",0,12,0,12,0,12,0,12,0,12
1600000US5364365,5364365,"Silverdale CDP, Washington",1937,415,947,303,736,199,168,94,86,76
1600000US5364380,5364380,"Silver Firs CDP, Washington",1265,344,801,276,384,177,80,59,0,22
1600000US5364610,5364610,"Sisco Heights CDP, Washington",50,32,32,25,7,12,0,12,11,18
1600000US5364755,5364755,"Skamokawa Valley CDP, Washington",41,36,12,15,29,25,0,12,0,12
1600000US5364775,5364775,"Skokomish CDP, Washington",71,36,60,36,7,7,0,12,4,6
1600000US5364855,5364855,"Skykomish town, Washington",3,10,3,10,0,12,0,12,0,12
1600000US5365170,5365170,"Snohomish city, Washington",416,153,308,130,81,60,9,15,18,23
1600000US5365205,5365205,"Snoqualmie city, Washington",704,336,540,302,148,93,16,24,0,19
1600000US5365275,5365275,"Snoqualmie Pass CDP, Washington",2,4,0,12,2,4,0,12,0,12
1600000US5365345,5365345,"Soap Lake city, Washington",58,75,10,16,48,61,0,12,0,12
1600000US5365625,5365625,"South Bend city, Washington",50,49,50,49,0,12,0,12,0,12
1600000US5365765,5365765,"South Cle Elum town, Washington",0,12,0,12,0,12,0,12,0,12
1600000US5365810,5365810,"South Creek CDP, Washington",96,105,96,105,0,12,0,12,0,12
1600000US5365922,5365922,"South Hill CDP, Washington",5275,784,3594,636,1277,294,267,163,137,124
1600000US5366045,5366045,"South Prairie town, Washington",33,29,15,16,18,15,0,12,0,12
1600000US5366185,5366185,"South Wenatchee CDP, Washington",0,12,0,12,0,12,0,12,0,12
1600000US5366220,5366220,"Southworth CDP, Washington",97,63,58,55,37,34,2,5,0,12
1600000US5366255,5366255,"Spanaway CDP, Washington",2298,394,1359,296,625,239,225,115,89,78
1600000US5366290,5366290,"Spangle city, Washington",7,8,4,7,3,5,0,12,0,12
1600000US5367000,5367000,"Spokane city, Washington",12336,868,8425,756,3340,551,222,97,349,175
1600000US5367167,5367167,"Spokane Valley city, Washington",2729,512,1605,390,879,262,127,104,118,78
1600000US5367175,5367175,"Sprague city, Washington",43,35,12,9,31,35,0,12,0,12
1600000US5367210,5367210,"Springdale town, Washington",11,13,3,5,8,12,0,12,0,12
1600000US5367435,5367435,"Stansberry Lake CDP, Washington",165,173,91,97,74,79,0,12,0,12
1600000US5367455,5367455,"Stanwood city, Washington",419,254,258,148,137,134,24,38,0,17
1600000US5367490,5367490,"Starbuck town, Washington",7,14,6,13,1,5,0,12,0,12
1600000US5367595,5367595,"Startup CDP, Washington",24,31,0,12,24,31,0,12,0,12
1600000US5367770,5367770,"Steilacoom town, Washington",564,206,320,163,189,123,46,42,9,15
1600000US5367805,5367805,"Steptoe CDP, Washington",0,12,0,12,0,12,0,12,0,12
1600000US5367875,5367875,"Stevenson city, Washington",23,26,2,6,21,25,0,12,0,12
1600000US5368200,5368200,"Sudden Valley CDP, Washington",406,216,158,116,220,137,0,17,28,34
1600000US5368260,5368260,"Sultan city, Washington",248,140,150,92,74,48,10,15,14,21
1600000US5368330,5368330,"Sumas city, Washington",125,78,91,69,34,39,0,12,0,12
1600000US5368365,5368365,"Summit CDP, Washington",403,223,320,194,83,98,0,17,0,17
1600000US5368410,5368410,"Summit View CDP, Washington",680,226,392,213,223,114,56,43,9,14
1600000US5368417,5368417,"Summitview CDP, Washington",22,34,22,34,0,12,0,12,0,12
1600000US5368435,5368435,"Sumner city, Washington",1017,318,757,338,244,149,16,18,0,17
1600000US5368480,5368480,"Sunday Lake CDP, Washington",25,40,25,40,0,12,0,12,0,12
1600000US5368750,5368750,"Sunnyside city, Washington",207,137,65,71,103,93,0,19,39,36
1600000US5368785,5368785,"Sunnyslope CDP, Washington",0,12,0,12,0,12,0,12,0,12
1600000US5369170,5369170,"Suquamish CDP, Washington",354,65,229,52,108,30,8,6,9,8
1600000US5369280,5369280,"Swede Heaven CDP, Washington",24,27,18,26,6,9,0,12,0,12
1600000US5370000,5370000,"Tacoma city, Washington",17583,1403,11970,1130,4547,623,595,162,471,143
1600000US5370175,5370175,"Taholah CDP, Washington",25,20,22,21,3,4,0,12,0,12
1600000US5370245,5370245,"Tampico CDP, Washington",22,42,22,42,0,12,0,12,0,12
1600000US5370280,5370280,"Tanglewilde CDP, Washington",373,251,193,157,160,116,20,28,0,17
1600000US5370315,5370315,"Tanner CDP, Washington",23,23,0,12,10,16,13,17,0,12
1600000US5370560,5370560,"Tekoa city, Washington",15,12,10,9,5,8,0,12,0,12
1600000US5370630,5370630,"Tenino city, Washington",142,86,104,79,22,22,7,14,9,13
1600000US5370805,5370805,"Terrace Heights CDP, Washington",322,228,235,187,87,66,0,17,0,17
1600000US5371225,5371225,"Thorp CDP, Washington",0,12,0,12,0,12,0,12,0,12
1600000US5371330,5371330,"Three Lakes CDP, Washington",28,31,28,31,0,12,0,12,0,12
1600000US5371400,5371400,"Tieton city, Washington",29,29,9,11,10,17,10,15,0,12
1600000US5371680,5371680,"Tokeland CDP, Washington",9,17,9,17,0,12,0,12,0,12
1600000US5371785,5371785,"Toledo city, Washington",39,43,35,43,4,7,0,12,0,12
1600000US5371890,5371890,"Tonasket city, Washington",55,37,27,27,28,22,0,12,0,12
1600000US5371960,5371960,"Toppenish city, Washington",183,129,117,98,15,18,37,41,14,21
1600000US5371995,5371995,"Torboy CDP, Washington",0,12,0,12,0,12,0,12,0,12
1600000US5372030,5372030,"Touchet CDP, Washington",17,20,17,20,0,12,0,12,0,12
1600000US5372170,5372170,"Town and Country CDP, Washington",245,128,150,85,67,56,0,17,28,35
1600000US5372205,5372205,"Tracyton CDP, Washington",600,206,357,139,156,79,87,64,0,17
1600000US5372450,5372450,"Trout Lake CDP, Washington",0,12,0,12,0,12,0,12,0,12
1600000US5372625,5372625,"Tukwila city, Washington",2190,546,1577,452,283,141,169,130,161,88
1600000US5372905,5372905,"Tumwater city, Washington",1509,367,750,245,686,227,30,36,43,42
1600000US5373065,5373065,"Twin Lakes CDP, Washington",5,7,5,7,0,12,0,12,0,12
1600000US5373080,5373080,"Twisp town, Washington",11,12,11,12,0,12,0,12,0,12
1600000US5373255,5373255,"Union CDP, Washington",19,29,0,12,19,29,0,12,0,12
1600000US5373290,5373290,"Union Gap city, Washington",65,46,30,37,23,21,6,10,6,8
1600000US5373307,5373307,"Union Hill-Novelty Hill CDP, Washington",657,238,224,115,302,164,48,40,83,85
1600000US5373360,5373360,"Uniontown town, Washington",13,12,1,3,12,13,0,12,0,12
1600000US5373465,5373465,"University Place city, Washington",2978,635,1965,502,802,279,147,82,64,49
1600000US5373580,5373580,"Upper Elochoman CDP, Washington",0,12,0,12,0,12,0,12,0,12
1600000US5373780,5373780,"Vader city, Washington",63,42,45,41,18,17,0,12,0,12
1600000US5373885,5373885,"Valley CDP, Washington",9,12,0,12,9,12,0,12,0,12
1600000US5374060,5374060,"Vancouver city, Washington",9931,763,4398,590,4855,517,165,65,513,201
1600000US5374200,5374200,"Vantage CDP, Washington",0,12,0,12,0,12,0,12,0,12
1600000US5374305,5374305,"Vashon CDP, Washington",84,81,41,46,42,48,0,17,1,2
1600000US5374445,5374445,"Vaughn CDP, Washington",0,12,0,12,0,12,0,12,0,12
1600000US5374585,5374585,"Venersborg CDP, Washington",68,66,50,53,18,22,0,12,0,12
1600000US5374760,5374760,"Verlot CDP, Washington",0,12,0,12,0,12,0,12,0,12
1600000US5375565,5375565,"Waitsburg city, Washington",37,44,10,11,6,8,21,40,0,12
1600000US5375775,5375775,"Walla Walla city, Washington",1814,296,1170,269,518,109,26,25,100,55
1600000US5375810,5375810,"Walla Walla East CDP, Washington",26,45,26,45,0,12,0,12,0,12
1600000US5375905,5375905,"Waller CDP, Washington",426,121,285,105,91,39,25,25,25,26
1600000US5375985,5375985,"Wallula CDP, Washington",0,12,0,12,0,12,0,12,0,12
1600000US5376055,5376055,"Walnut Grove CDP, Washington",650,245,165,82,417,166,61,72,7,11
1600000US5376125,5376125,"Wapato city, Washington",254,142,194,128,34,25,0,17,26,25
1600000US5376160,5376160,"Warden city, Washington",158,96,87,51,71,55,0,12,0,12
1600000US5376195,5376195,"Warm Beach CDP, Washington",17,21,5,8,12,15,0,12,0,12
1600000US5376405,5376405,"Washougal city, Washington",511,201,177,99,267,143,20,28,47,69
1600000US5376440,5376440,"Washtucna town, Washington",24,22,16,15,3,6,5,6,0,12
1600000US5376510,5376510,"Waterville town, Washington",87,62,75,59,12,18,0,12,0,12
1600000US5376615,5376615,"Wauna CDP, Washington",257,135,150,134,89,50,18,20,0,12
1600000US5376720,5376720,"Waverly town, Washington",8,14,8,14,0,12,0,12,0,12
1600000US5377105,5377105,"Wenatchee city, Washington",1169,310,803,200,221,140,11,17,134,182
1600000US5377297,5377297,"West Clarkston-Highland CDP, Washington",349,142,195,116,151,76,0,17,3,5
1600000US5377612,5377612,"West Pasco CDP, Washington",88,89,43,46,45,47,0,12,0,12
1600000US5377630,5377630,"Westport city, Washington",155,105,104,72,36,45,15,22,0,12
1600000US5377665,5377665,"West Richland city, Washington",434,193,278,142,114,70,24,37,18,19
1600000US5377745,5377745,"West Side Highway CDP, Washington",311,191,255,175,37,47,0,17,19,31
1600000US5378155,5378155,"Whidbey Island Station CDP, Washington",12,19,5,10,0,12,0,12,7,16
1600000US5378225,5378225,"White Center CDP, Washington",1761,608,936,401,564,347,0,19,261,187
1600000US5378330,5378330,"White Salmon city, Washington",75,68,0,12,47,51,15,23,13,21
1600000US5378365,5378365,"White Swan CDP, Washington",62,56,34,42,5,7,0,12,23,33
1600000US5378680,5378680,"Wilbur town, Washington",26,19,12,13,14,14,0,12,0,12
1600000US5378780,5378780,"Wilderness Rim CDP, Washington",148,102,119,91,29,45,0,12,0,12
1600000US5378925,5378925,"Wilkeson town, Washington",7,7,5,5,2,3,0,12,0,12
1600000US5378995,5378995,"Willapa CDP, Washington",0,12,0,12,0,12,0,12,0,12
1600000US5379135,5379135,"Wilson Creek town, Washington",11,14,3,7,8,15,0,12,0,12
1600000US5379275,5379275,"Winlock city, Washington",89,53,59,44,22,19,0,12,8,10
1600000US5379380,5379380,"Winthrop town, Washington",11,17,11,17,0,12,0,12,0,12
1600000US5379485,5379485,"Wishram CDP, Washington",2,4,2,4,0,12,0,12,0,12
1600000US5379555,5379555,"Wollochet CDP, Washington",306,161,196,127,78,84,32,42,0,17
1600000US5379590,5379590,"Woodinville city, Washington",491,190,292,130,190,119,0,19,9,16
1600000US5379625,5379625,"Woodland city, Washington",26,35,26,35,0,17,0,17,0,17
1600000US5379825,5379825,"Woods Creek CDP, Washington",286,193,236,139,50,65,0,17,0,17
1600000US5379835,5379835,"Woodway city, Washington",70,33,46,27,15,11,3,5,6,7
1600000US5379975,5379975,"Yacolt town, Washington",25,20,10,10,15,16,0,12,0,12
1600000US5380010,5380010,"Yakima city, Washington",3287,587,2486,485,599,174,51,53,151,102
1600000US5380150,5380150,"Yarrow Point town, Washington",42,20,31,16,8,11,3,4,0,12
1600000US5380220,5380220,"Yelm city, Washington",324,154,150,91,149,84,25,34,0,17
1600000US5380500,5380500,"Zillah city, Washington",110,70,63,50,47,29,0,12,0,12
