GEO.id,GEO.id2,GEO.display-label,HD01_VD01,HD02_VD01,HD01_VD02,HD02_VD02,HD01_VD03,HD02_VD03,HD01_VD04,HD02_VD04,HD01_VD05,HD02_VD05
Id,Id2,Geography,Estimate; Total:,Margin of Error; Total:,Estimate; Total: - Born in state of residence,Margin of Error; Total: - Born in state of residence,Estimate; Total: - Born in other state in the United States,Margin of Error; Total: - Born in other state in the United States,Estimate; Total: - Native; born outside the United States,Margin of Error; Total: - Native; born outside the United States,Estimate; Total: - Foreign born,Margin of Error; Total: - Foreign born
0500000US53033,53033,"King County, Washington",73630,3986,20346,1688,13694,1261,1020,298,38570,2540
1400000US53033000100,53033000100,"Census Tract 1, King County, Washington",327,240,173,166,0,17,0,17,154,91
1400000US53033000200,53033000200,"Census Tract 2, King County, Washington",254,258,237,255,16,26,0,17,1,3
1400000US53033000300,53033000300,"Census Tract 3, King County, Washington",0,12,0,12,0,12,0,12,0,12
1400000US53033000401,53033000401,"Census Tract 4.01, King County, Washington",0,17,0,17,0,17,0,17,0,17
1400000US53033000402,53033000402,"Census Tract 4.02, King County, Washington",78,78,0,17,0,17,0,17,78,78
1400000US53033000500,53033000500,"Census Tract 5, King County, Washington",0,12,0,12,0,12,0,12,0,12
1400000US53033000600,53033000600,"Census Tract 6, King County, Washington",608,329,202,156,63,86,56,28,287,207
1400000US53033000700,53033000700,"Census Tract 7, King County, Washington",181,114,43,68,14,23,19,31,105,73
1400000US53033000800,53033000800,"Census Tract 8, King County, Washington",0,12,0,12,0,12,0,12,0,12
1400000US53033000900,53033000900,"Census Tract 9, King County, Washington",11,12,7,10,4,6,0,12,0,12
1400000US53033001000,53033001000,"Census Tract 10, King County, Washington",6,9,0,12,6,9,0,12,0,12
1400000US53033001100,53033001100,"Census Tract 11, King County, Washington",99,95,16,28,32,48,0,12,51,78
1400000US53033001200,53033001200,"Census Tract 12, King County, Washington",313,291,107,126,88,103,0,17,118,125
1400000US53033001300,53033001300,"Census Tract 13, King County, Washington",180,99,38,26,58,39,0,12,84,42
1400000US53033001400,53033001400,"Census Tract 14, King County, Washington",110,107,86,85,15,24,0,17,9,15
1400000US53033001500,53033001500,"Census Tract 15, King County, Washington",0,12,0,12,0,12,0,12,0,12
1400000US53033001600,53033001600,"Census Tract 16, King County, Washington",12,16,0,12,9,14,0,12,3,8
1400000US53033001701,53033001701,"Census Tract 17.01, King County, Washington",66,69,31,38,0,12,0,12,35,54
1400000US53033001702,53033001702,"Census Tract 17.02, King County, Washington",86,80,23,35,48,71,0,12,15,24
1400000US53033001800,53033001800,"Census Tract 18, King County, Washington",184,186,0,17,94,107,66,86,24,32
1400000US53033001900,53033001900,"Census Tract 19, King County, Washington",18,19,0,12,9,14,0,12,9,15
1400000US53033002000,53033002000,"Census Tract 20, King County, Washington",62,47,29,33,33,32,0,12,0,12
1400000US53033002100,53033002100,"Census Tract 21, King County, Washington",111,62,5,11,47,43,0,12,59,59
1400000US53033002200,53033002200,"Census Tract 22, King County, Washington",36,58,19,31,0,17,0,17,17,27
1400000US53033002400,53033002400,"Census Tract 24, King County, Washington",47,52,15,16,10,15,0,12,22,34
1400000US53033002500,53033002500,"Census Tract 25, King County, Washington",24,37,13,20,11,17,0,12,0,12
1400000US53033002600,53033002600,"Census Tract 26, King County, Washington",101,133,74,107,15,24,0,17,12,20
1400000US53033002700,53033002700,"Census Tract 27, King County, Washington",134,151,11,18,32,38,0,17,91,144
1400000US53033002800,53033002800,"Census Tract 28, King County, Washington",21,34,0,12,21,34,0,12,0,12
1400000US53033002900,53033002900,"Census Tract 29, King County, Washington",82,56,82,56,0,12,0,12,0,12
1400000US53033003000,53033003000,"Census Tract 30, King County, Washington",285,222,56,81,0,17,0,17,229,216
1400000US53033003100,53033003100,"Census Tract 31, King County, Washington",0,17,0,17,0,17,0,17,0,17
1400000US53033003200,53033003200,"Census Tract 32, King County, Washington",191,128,16,25,14,23,47,80,114,127
1400000US53033003300,53033003300,"Census Tract 33, King County, Washington",93,80,0,17,20,31,0,17,73,73
1400000US53033003400,53033003400,"Census Tract 34, King County, Washington",23,37,15,25,8,13,0,12,0,12
1400000US53033003500,53033003500,"Census Tract 35, King County, Washington",8,12,8,12,0,12,0,12,0,12
1400000US53033003600,53033003600,"Census Tract 36, King County, Washington",145,115,37,41,34,41,0,17,74,84
1400000US53033003800,53033003800,"Census Tract 38, King County, Washington",3,6,3,6,0,12,0,12,0,12
1400000US53033003900,53033003900,"Census Tract 39, King County, Washington",28,26,0,12,0,12,0,12,28,26
1400000US53033004000,53033004000,"Census Tract 40, King County, Washington",26,27,11,23,15,25,0,12,0,12
1400000US53033004100,53033004100,"Census Tract 41, King County, Washington",1,3,0,17,0,17,0,17,1,3
1400000US53033004200,53033004200,"Census Tract 42, King County, Washington",55,63,18,28,17,23,0,17,20,31
1400000US53033004301,53033004301,"Census Tract 43.01, King County, Washington",154,127,7,12,66,89,11,17,70,54
1400000US53033004302,53033004302,"Census Tract 43.02, King County, Washington",43,36,10,20,9,12,0,12,24,27
1400000US53033004400,53033004400,"Census Tract 44, King County, Washington",189,201,97,144,46,48,0,17,46,55
1400000US53033004500,53033004500,"Census Tract 45, King County, Washington",0,12,0,12,0,12,0,12,0,12
1400000US53033004600,53033004600,"Census Tract 46, King County, Washington",0,12,0,12,0,12,0,12,0,12
1400000US53033004700,53033004700,"Census Tract 47, King County, Washington",67,80,0,17,67,80,0,17,0,17
1400000US53033004800,53033004800,"Census Tract 48, King County, Washington",74,96,0,17,74,96,0,17,0,17
1400000US53033004900,53033004900,"Census Tract 49, King County, Washington",59,70,19,30,0,17,20,34,20,31
1400000US53033005000,53033005000,"Census Tract 50, King County, Washington",0,12,0,12,0,12,0,12,0,12
1400000US53033005100,53033005100,"Census Tract 51, King County, Washington",137,128,23,29,30,30,0,12,84,118
1400000US53033005200,53033005200,"Census Tract 52, King County, Washington",69,87,49,81,0,17,0,17,20,32
1400000US53033005301,53033005301,"Census Tract 53.01, King County, Washington",136,78,37,28,43,45,0,17,56,52
1400000US53033005302,53033005302,"Census Tract 53.02, King County, Washington",117,69,73,54,38,36,0,12,6,11
1400000US53033005400,53033005400,"Census Tract 54, King County, Washington",15,25,0,17,0,17,0,17,15,25
1400000US53033005600,53033005600,"Census Tract 56, King County, Washington",73,87,51,56,0,17,0,17,22,35
1400000US53033005700,53033005700,"Census Tract 57, King County, Washington",52,49,0,17,35,41,0,17,17,26
1400000US53033005801,53033005801,"Census Tract 58.01, King County, Washington",0,17,0,17,0,17,0,17,0,17
1400000US53033005802,53033005802,"Census Tract 58.02, King County, Washington",0,17,0,17,0,17,0,17,0,17
1400000US53033005900,53033005900,"Census Tract 59, King County, Washington",127,98,28,39,28,28,0,17,71,63
1400000US53033006000,53033006000,"Census Tract 60, King County, Washington",50,47,0,17,33,40,0,17,17,28
1400000US53033006100,53033006100,"Census Tract 61, King County, Washington",15,25,0,17,15,25,0,17,0,17
1400000US53033006200,53033006200,"Census Tract 62, King County, Washington",71,69,31,36,27,31,0,12,13,16
1400000US53033006300,53033006300,"Census Tract 63, King County, Washington",19,29,0,17,19,29,0,17,0,17
1400000US53033006400,53033006400,"Census Tract 64, King County, Washington",23,24,0,12,12,18,0,12,11,16
1400000US53033006500,53033006500,"Census Tract 65, King County, Washington",63,81,16,25,31,35,0,12,16,26
1400000US53033006600,53033006600,"Census Tract 66, King County, Washington",8,10,3,6,3,6,0,12,2,5
1400000US53033006700,53033006700,"Census Tract 67, King County, Washington",0,17,0,17,0,17,0,17,0,17
1400000US53033006800,53033006800,"Census Tract 68, King County, Washington",54,38,7,11,35,27,0,12,12,18
1400000US53033006900,53033006900,"Census Tract 69, King County, Washington",0,12,0,12,0,12,0,12,0,12
1400000US53033007000,53033007000,"Census Tract 70, King County, Washington",0,17,0,17,0,17,0,17,0,17
1400000US53033007100,53033007100,"Census Tract 71, King County, Washington",258,248,4,8,18,29,0,12,236,254
1400000US53033007200,53033007200,"Census Tract 72, King County, Washington",68,103,0,17,0,17,0,17,68,103
1400000US53033007300,53033007300,"Census Tract 73, King County, Washington",190,131,15,25,62,79,0,17,113,104
1400000US53033007401,53033007401,"Census Tract 74.01, King County, Washington",17,28,0,17,17,28,0,17,0,17
1400000US53033007402,53033007402,"Census Tract 74.02, King County, Washington",83,101,0,17,0,17,0,17,83,101
1400000US53033007500,53033007500,"Census Tract 75, King County, Washington",241,160,0,17,103,109,0,17,138,128
1400000US53033007600,53033007600,"Census Tract 76, King County, Washington",14,22,0,12,14,22,0,12,0,12
1400000US53033007700,53033007700,"Census Tract 77, King County, Washington",49,48,0,17,49,48,0,17,0,17
1400000US53033007800,53033007800,"Census Tract 78, King County, Washington",168,214,71,109,0,17,0,17,97,109
1400000US53033007900,53033007900,"Census Tract 79, King County, Washington",63,54,1,3,20,32,15,25,27,31
1400000US53033008001,53033008001,"Census Tract 80.01, King County, Washington",129,114,26,44,30,48,24,40,49,56
1400000US53033008002,53033008002,"Census Tract 80.02, King County, Washington",33,36,15,21,0,12,0,12,18,29
1400000US53033008100,53033008100,"Census Tract 81, King County, Washington",248,184,0,12,51,65,0,12,197,176
1400000US53033008200,53033008200,"Census Tract 82, King County, Washington",0,12,0,12,0,12,0,12,0,12
1400000US53033008300,53033008300,"Census Tract 83, King County, Washington",71,56,4,10,37,37,0,12,30,36
1400000US53033008400,53033008400,"Census Tract 84, King County, Washington",84,73,0,12,68,68,0,12,16,26
1400000US53033008500,53033008500,"Census Tract 85, King County, Washington",137,72,51,57,65,40,0,12,21,30
1400000US53033008600,53033008600,"Census Tract 86, King County, Washington",299,235,24,25,140,99,0,17,135,216
1400000US53033008700,53033008700,"Census Tract 87, King County, Washington",237,279,24,27,11,18,0,12,202,270
1400000US53033008800,53033008800,"Census Tract 88, King County, Washington",262,237,136,152,45,48,28,41,53,83
1400000US53033008900,53033008900,"Census Tract 89, King County, Washington",15,25,0,17,9,21,0,17,6,14
1400000US53033009000,53033009000,"Census Tract 90, King County, Washington",8,20,8,20,0,12,0,12,0,12
1400000US53033009100,53033009100,"Census Tract 91, King County, Washington",0,12,0,12,0,12,0,12,0,12
1400000US53033009200,53033009200,"Census Tract 92, King County, Washington",60,56,0,12,52,54,0,12,8,12
1400000US53033009300,53033009300,"Census Tract 93, King County, Washington",78,63,18,19,30,25,0,12,30,33
1400000US53033009400,53033009400,"Census Tract 94, King County, Washington",991,561,160,102,73,99,0,17,758,429
1400000US53033009500,53033009500,"Census Tract 95, King County, Washington",80,95,29,45,29,46,0,17,22,33
1400000US53033009600,53033009600,"Census Tract 96, King County, Washington",75,81,0,17,14,23,14,24,47,75
1400000US53033009701,53033009701,"Census Tract 97.01, King County, Washington",103,106,37,45,46,77,0,17,20,32
1400000US53033009702,53033009702,"Census Tract 97.02, King County, Washington",101,62,84,62,17,27,0,17,0,17
1400000US53033009800,53033009800,"Census Tract 98, King County, Washington",49,54,17,23,32,49,0,17,0,17
1400000US53033009900,53033009900,"Census Tract 99, King County, Washington",113,93,22,36,0,17,49,76,42,53
1400000US53033010001,53033010001,"Census Tract 100.01, King County, Washington",0,12,0,12,0,12,0,12,0,12
1400000US53033010002,53033010002,"Census Tract 100.02, King County, Washington",312,232,75,67,30,44,0,12,207,193
1400000US53033010100,53033010100,"Census Tract 101, King County, Washington",123,101,0,17,0,17,0,17,123,101
1400000US53033010200,53033010200,"Census Tract 102, King County, Washington",72,64,32,29,20,24,0,12,20,22
1400000US53033010300,53033010300,"Census Tract 103, King County, Washington",0,17,0,17,0,17,0,17,0,17
1400000US53033010401,53033010401,"Census Tract 104.01, King County, Washington",191,184,85,105,12,19,0,12,94,115
1400000US53033010402,53033010402,"Census Tract 104.02, King County, Washington",159,153,29,56,67,63,0,12,63,90
1400000US53033010500,53033010500,"Census Tract 105, King County, Washington",27,32,0,17,0,17,0,17,27,32
1400000US53033010600,53033010600,"Census Tract 106, King County, Washington",232,217,67,65,78,64,0,17,87,109
1400000US53033010701,53033010701,"Census Tract 107.01, King County, Washington",125,60,35,26,59,41,0,12,31,35
1400000US53033010702,53033010702,"Census Tract 107.02, King County, Washington",198,227,37,47,12,17,0,12,149,182
1400000US53033010800,53033010800,"Census Tract 108, King County, Washington",125,70,33,36,90,81,0,12,2,4
1400000US53033010900,53033010900,"Census Tract 109, King County, Washington",62,62,47,44,15,19,0,12,0,12
1400000US53033011001,53033011001,"Census Tract 110.01, King County, Washington",178,178,78,90,0,12,0,12,100,131
1400000US53033011002,53033011002,"Census Tract 110.02, King County, Washington",27,24,0,12,27,24,0,12,0,12
1400000US53033011101,53033011101,"Census Tract 111.01, King County, Washington",83,105,37,58,18,19,0,17,28,46
1400000US53033011102,53033011102,"Census Tract 111.02, King County, Washington",487,344,93,79,102,141,0,12,292,207
1400000US53033011200,53033011200,"Census Tract 112, King County, Washington",525,321,69,79,235,273,0,12,221,148
1400000US53033011300,53033011300,"Census Tract 113, King County, Washington",251,222,40,63,15,25,0,17,196,171
1400000US53033011401,53033011401,"Census Tract 114.01, King County, Washington",395,326,110,96,27,40,29,42,229,185
1400000US53033011402,53033011402,"Census Tract 114.02, King County, Washington",506,285,144,104,47,48,0,12,315,205
1400000US53033011500,53033011500,"Census Tract 115, King County, Washington",97,100,7,12,16,17,0,12,74,90
1400000US53033011600,53033011600,"Census Tract 116, King County, Washington",43,40,16,26,27,30,0,17,0,17
1400000US53033011700,53033011700,"Census Tract 117, King County, Washington",108,96,74,65,0,17,0,17,34,44
1400000US53033011800,53033011800,"Census Tract 118, King County, Washington",672,492,129,134,36,39,0,17,507,460
1400000US53033011900,53033011900,"Census Tract 119, King County, Washington",47,55,47,55,0,17,0,17,0,17
1400000US53033012000,53033012000,"Census Tract 120, King County, Washington",60,85,0,12,60,85,0,12,0,12
1400000US53033012100,53033012100,"Census Tract 121, King County, Washington",102,89,27,30,39,63,15,20,21,23
1400000US53033020100,53033020100,"Census Tract 201, King County, Washington",17,20,0,12,0,12,0,12,17,20
1400000US53033020200,53033020200,"Census Tract 202, King County, Washington",56,75,4,20,22,36,0,17,30,39
1400000US53033020300,53033020300,"Census Tract 203, King County, Washington",339,335,81,89,69,73,0,17,189,244
1400000US53033020401,53033020401,"Census Tract 204.01, King County, Washington",0,12,0,12,0,12,0,12,0,12
1400000US53033020402,53033020402,"Census Tract 204.02, King County, Washington",284,351,53,85,17,26,0,17,214,269
1400000US53033020500,53033020500,"Census Tract 205, King County, Washington",485,437,98,94,71,86,0,17,316,275
1400000US53033020600,53033020600,"Census Tract 206, King County, Washington",70,80,30,34,21,24,0,12,19,23
1400000US53033020700,53033020700,"Census Tract 207, King County, Washington",351,253,87,76,79,125,0,12,185,127
1400000US53033020800,53033020800,"Census Tract 208, King County, Washington",10,17,0,12,10,17,0,12,0,12
1400000US53033020900,53033020900,"Census Tract 209, King County, Washington",99,90,27,32,20,31,0,12,52,83
1400000US53033021000,53033021000,"Census Tract 210, King County, Washington",45,53,0,17,0,17,0,17,45,53
1400000US53033021100,53033021100,"Census Tract 211, King County, Washington",307,253,9,13,74,95,0,12,224,222
1400000US53033021300,53033021300,"Census Tract 213, King County, Washington",75,120,36,58,0,12,0,12,39,62
1400000US53033021400,53033021400,"Census Tract 214, King County, Washington",0,12,0,12,0,12,0,12,0,12
1400000US53033021500,53033021500,"Census Tract 215, King County, Washington",14,19,13,19,1,4,0,12,0,12
1400000US53033021600,53033021600,"Census Tract 216, King County, Washington",121,89,47,44,32,29,0,17,42,41
1400000US53033021700,53033021700,"Census Tract 217, King County, Washington",246,208,102,94,0,17,0,17,144,139
1400000US53033021802,53033021802,"Census Tract 218.02, King County, Washington",181,183,70,77,0,17,0,17,111,108
1400000US53033021803,53033021803,"Census Tract 218.03, King County, Washington",182,121,35,33,20,31,8,13,119,94
1400000US53033021804,53033021804,"Census Tract 218.04, King County, Washington",363,240,175,125,10,16,0,17,178,143
1400000US53033021903,53033021903,"Census Tract 219.03, King County, Washington",60,47,21,30,19,30,0,17,20,35
1400000US53033021904,53033021904,"Census Tract 219.04, King County, Washington",169,106,25,35,21,23,0,12,123,73
1400000US53033021905,53033021905,"Census Tract 219.05, King County, Washington",309,361,190,224,0,17,0,17,119,141
1400000US53033021906,53033021906,"Census Tract 219.06, King County, Washington",147,119,86,79,33,38,0,12,28,25
1400000US53033022001,53033022001,"Census Tract 220.01, King County, Washington",138,176,38,82,76,120,0,17,24,51
1400000US53033022003,53033022003,"Census Tract 220.03, King County, Washington",194,248,31,46,10,15,0,12,153,202
1400000US53033022005,53033022005,"Census Tract 220.05, King County, Washington",86,73,0,17,35,33,0,17,51,63
1400000US53033022006,53033022006,"Census Tract 220.06, King County, Washington",15,17,6,11,0,12,0,12,9,14
1400000US53033022101,53033022101,"Census Tract 221.01, King County, Washington",10,13,1,3,8,12,0,12,1,3
1400000US53033022102,53033022102,"Census Tract 221.02, King County, Washington",107,88,19,30,63,59,0,17,25,37
1400000US53033022201,53033022201,"Census Tract 222.01, King County, Washington",89,73,0,12,52,47,0,12,37,47
1400000US53033022202,53033022202,"Census Tract 222.02, King County, Washington",232,157,79,82,79,62,0,17,74,51
1400000US53033022203,53033022203,"Census Tract 222.03, King County, Washington",32,30,0,17,32,30,0,17,0,17
1400000US53033022300,53033022300,"Census Tract 223, King County, Washington",57,63,33,37,12,18,0,12,12,19
1400000US53033022400,53033022400,"Census Tract 224, King County, Washington",49,65,38,62,8,20,0,17,3,8
1400000US53033022500,53033022500,"Census Tract 225, King County, Washington",109,109,0,17,22,36,0,17,87,105
1400000US53033022603,53033022603,"Census Tract 226.03, King County, Washington",181,260,50,57,0,17,0,17,131,212
1400000US53033022604,53033022604,"Census Tract 226.04, King County, Washington",0,12,0,12,0,12,0,12,0,12
1400000US53033022605,53033022605,"Census Tract 226.05, King County, Washington",346,271,68,68,54,67,15,26,209,151
1400000US53033022606,53033022606,"Census Tract 226.06, King County, Washington",50,47,10,18,17,25,0,17,23,30
1400000US53033022701,53033022701,"Census Tract 227.01, King County, Washington",9,14,0,12,9,14,0,12,0,12
1400000US53033022702,53033022702,"Census Tract 227.02, King County, Washington",14,17,0,12,14,17,0,12,0,12
1400000US53033022703,53033022703,"Census Tract 227.03, King County, Washington",1,4,0,12,0,12,0,12,1,4
1400000US53033022801,53033022801,"Census Tract 228.01, King County, Washington",45,73,15,24,0,17,15,24,15,25
1400000US53033022802,53033022802,"Census Tract 228.02, King County, Washington",27,32,8,13,10,15,0,17,9,16
1400000US53033022803,53033022803,"Census Tract 228.03, King County, Washington",108,128,0,17,0,17,0,17,108,128
1400000US53033022901,53033022901,"Census Tract 229.01, King County, Washington",0,12,0,12,0,12,0,12,0,12
1400000US53033022902,53033022902,"Census Tract 229.02, King County, Washington",43,45,19,32,0,17,0,17,24,29
1400000US53033023000,53033023000,"Census Tract 230, King County, Washington",64,50,0,17,35,33,0,17,29,37
1400000US53033023100,53033023100,"Census Tract 231, King County, Washington",83,111,0,12,0,12,0,12,83,111
1400000US53033023201,53033023201,"Census Tract 232.01, King County, Washington",27,30,0,17,12,19,15,23,0,17
1400000US53033023202,53033023202,"Census Tract 232.02, King County, Washington",206,145,51,64,0,12,0,12,155,97
1400000US53033023300,53033023300,"Census Tract 233, King County, Washington",259,265,75,91,32,53,0,17,152,174
1400000US53033023401,53033023401,"Census Tract 234.01, King County, Washington",18,15,3,8,0,12,7,10,8,13
1400000US53033023403,53033023403,"Census Tract 234.03, King County, Washington",11,16,1,3,1,4,0,12,9,16
1400000US53033023404,53033023404,"Census Tract 234.04, King County, Washington",19,20,0,12,11,16,0,12,8,13
1400000US53033023500,53033023500,"Census Tract 235, King County, Washington",26,40,26,40,0,12,0,12,0,12
1400000US53033023601,53033023601,"Census Tract 236.01, King County, Washington",17,26,16,24,0,12,0,12,1,7
1400000US53033023603,53033023603,"Census Tract 236.03, King County, Washington",200,240,55,87,0,17,0,17,145,155
1400000US53033023604,53033023604,"Census Tract 236.04, King County, Washington",766,532,49,79,153,151,0,17,564,454
1400000US53033023700,53033023700,"Census Tract 237, King County, Washington",72,54,32,28,0,12,6,11,34,29
1400000US53033023801,53033023801,"Census Tract 238.01, King County, Washington",13,14,7,10,0,12,0,12,6,10
1400000US53033023803,53033023803,"Census Tract 238.03, King County, Washington",22,36,0,17,0,17,0,17,22,36
1400000US53033023804,53033023804,"Census Tract 238.04, King County, Washington",17,27,0,17,16,27,0,17,1,4
1400000US53033023900,53033023900,"Census Tract 239, King County, Washington",24,26,0,17,11,16,0,17,13,20
1400000US53033024000,53033024000,"Census Tract 240, King County, Washington",72,86,0,17,19,31,0,17,53,82
1400000US53033024100,53033024100,"Census Tract 241, King County, Washington",5,4,0,12,0,12,2,3,3,4
1400000US53033024200,53033024200,"Census Tract 242, King County, Washington",18,25,0,12,3,6,0,12,15,23
1400000US53033024300,53033024300,"Census Tract 243, King County, Washington",90,92,21,33,62,71,0,17,7,15
1400000US53033024400,53033024400,"Census Tract 244, King County, Washington",18,21,8,12,10,16,0,12,0,12
1400000US53033024500,53033024500,"Census Tract 245, King County, Washington",43,51,10,15,0,12,0,12,33,49
1400000US53033024601,53033024601,"Census Tract 246.01, King County, Washington",1,3,0,12,1,3,0,12,0,12
1400000US53033024602,53033024602,"Census Tract 246.02, King County, Washington",0,12,0,12,0,12,0,12,0,12
1400000US53033024701,53033024701,"Census Tract 247.01, King County, Washington",65,100,0,12,49,76,16,24,0,12
1400000US53033024702,53033024702,"Census Tract 247.02, King County, Washington",136,168,18,29,73,111,0,17,45,69
1400000US53033024800,53033024800,"Census Tract 248, King County, Washington",557,390,157,128,0,17,0,17,400,307
1400000US53033024901,53033024901,"Census Tract 249.01, King County, Washington",0,17,0,17,0,17,0,17,0,17
1400000US53033024902,53033024902,"Census Tract 249.02, King County, Washington",21,22,21,22,0,12,0,12,0,12
1400000US53033024903,53033024903,"Census Tract 249.03, King County, Washington",14,24,0,17,14,24,0,17,0,17
1400000US53033025001,53033025001,"Census Tract 250.01, King County, Washington",113,89,32,39,29,24,0,17,52,58
1400000US53033025003,53033025003,"Census Tract 250.03, King County, Washington",95,97,18,30,29,33,0,17,48,58
1400000US53033025005,53033025005,"Census Tract 250.05, King County, Washington",54,46,0,12,31,38,0,12,23,27
1400000US53033025006,53033025006,"Census Tract 250.06, King County, Washington",14,23,0,17,0,17,0,17,14,23
1400000US53033025101,53033025101,"Census Tract 251.01, King County, Washington",641,485,228,214,0,17,0,17,413,314
1400000US53033025102,53033025102,"Census Tract 251.02, King County, Washington",184,185,44,60,0,17,0,17,140,178
1400000US53033025200,53033025200,"Census Tract 252, King County, Washington",523,361,85,82,119,88,0,17,319,319
1400000US53033025301,53033025301,"Census Tract 253.01, King County, Washington",453,352,187,205,0,17,0,17,266,211
1400000US53033025302,53033025302,"Census Tract 253.02, King County, Washington",497,394,172,179,93,85,0,17,232,190
1400000US53033025400,53033025400,"Census Tract 254, King County, Washington",1102,608,211,144,66,62,40,64,785,464
1400000US53033025500,53033025500,"Census Tract 255, King County, Washington",845,312,79,64,76,97,36,48,654,245
1400000US53033025601,53033025601,"Census Tract 256.01, King County, Washington",863,367,204,120,83,67,0,17,576,287
1400000US53033025602,53033025602,"Census Tract 256.02, King County, Washington",95,85,0,17,12,23,0,17,83,80
1400000US53033025701,53033025701,"Census Tract 257.01, King County, Washington",189,221,53,79,64,75,0,17,72,74
1400000US53033025702,53033025702,"Census Tract 257.02, King County, Washington",30,31,0,12,11,16,0,12,19,26
1400000US53033025803,53033025803,"Census Tract 258.03, King County, Washington",716,346,156,84,111,87,0,12,449,238
1400000US53033025804,53033025804,"Census Tract 258.04, King County, Washington",322,257,127,98,80,89,0,12,115,114
1400000US53033025805,53033025805,"Census Tract 258.05, King County, Washington",446,186,73,72,53,60,11,20,309,149
1400000US53033025806,53033025806,"Census Tract 258.06, King County, Washington",8,12,8,12,0,17,0,17,0,17
1400000US53033026001,53033026001,"Census Tract 260.01, King County, Washington",276,189,215,188,20,23,0,17,41,113
1400000US53033026002,53033026002,"Census Tract 260.02, King County, Washington",54,43,0,17,22,37,0,17,32,46
1400000US53033026100,53033026100,"Census Tract 261, King County, Washington",869,777,100,149,137,156,65,101,567,616
1400000US53033026200,53033026200,"Census Tract 262, King County, Washington",359,321,65,98,152,189,0,17,142,183
1400000US53033026300,53033026300,"Census Tract 263, King County, Washington",37,52,0,12,4,8,0,12,33,53
1400000US53033026400,53033026400,"Census Tract 264, King County, Washington",712,378,141,114,64,64,0,17,507,307
1400000US53033026500,53033026500,"Census Tract 265, King County, Washington",266,172,138,105,0,12,0,12,128,77
1400000US53033026600,53033026600,"Census Tract 266, King County, Washington",188,119,79,76,23,24,0,12,86,69
1400000US53033026700,53033026700,"Census Tract 267, King County, Washington",437,439,127,120,89,110,0,17,221,218
1400000US53033026801,53033026801,"Census Tract 268.01, King County, Washington",899,426,98,105,164,135,0,17,637,294
1400000US53033026802,53033026802,"Census Tract 268.02, King County, Washington",548,274,175,144,115,84,0,17,258,152
1400000US53033027000,53033027000,"Census Tract 270, King County, Washington",333,254,88,76,59,52,0,12,186,188
1400000US53033027100,53033027100,"Census Tract 271, King County, Washington",268,267,82,99,28,40,0,12,158,164
1400000US53033027200,53033027200,"Census Tract 272, King County, Washington",426,194,93,60,3,5,0,12,330,166
1400000US53033027300,53033027300,"Census Tract 273, King County, Washington",489,263,101,59,75,57,0,17,313,177
1400000US53033027400,53033027400,"Census Tract 274, King County, Washington",420,248,152,101,0,12,0,12,268,148
1400000US53033027500,53033027500,"Census Tract 275, King County, Washington",689,435,222,179,35,35,9,14,423,271
1400000US53033027600,53033027600,"Census Tract 276, King County, Washington",736,367,239,150,62,84,0,12,435,211
1400000US53033027701,53033027701,"Census Tract 277.01, King County, Washington",34,48,0,12,33,48,0,12,1,3
1400000US53033027702,53033027702,"Census Tract 277.02, King County, Washington",1,2,0,12,1,2,0,12,0,12
1400000US53033027800,53033027800,"Census Tract 278, King County, Washington",28,36,10,17,7,11,0,12,11,17
1400000US53033027900,53033027900,"Census Tract 279, King County, Washington",299,305,84,101,71,63,0,17,144,151
1400000US53033028000,53033028000,"Census Tract 280, King County, Washington",712,392,253,143,163,201,0,12,296,154
1400000US53033028100,53033028100,"Census Tract 281, King County, Washington",122,107,43,50,0,12,0,12,79,63
1400000US53033028200,53033028200,"Census Tract 282, King County, Washington",527,396,113,104,65,63,0,17,349,272
1400000US53033028300,53033028300,"Census Tract 283, King County, Washington",145,82,6,11,12,19,0,17,127,86
1400000US53033028402,53033028402,"Census Tract 284.02, King County, Washington",394,283,108,118,103,80,0,17,183,144
1400000US53033028403,53033028403,"Census Tract 284.03, King County, Washington",601,394,277,183,0,17,0,17,324,220
1400000US53033028500,53033028500,"Census Tract 285, King County, Washington",312,239,160,123,72,93,0,12,80,92
1400000US53033028600,53033028600,"Census Tract 286, King County, Washington",45,51,28,45,0,17,0,17,17,22
1400000US53033028700,53033028700,"Census Tract 287, King County, Washington",93,66,6,9,78,61,0,17,9,23
1400000US53033028801,53033028801,"Census Tract 288.01, King County, Washington",207,167,78,87,44,72,0,12,85,63
1400000US53033028802,53033028802,"Census Tract 288.02, King County, Washington",319,275,30,49,110,136,0,17,179,185
1400000US53033028901,53033028901,"Census Tract 289.01, King County, Washington",61,92,0,12,1,2,0,12,60,92
1400000US53033028902,53033028902,"Census Tract 289.02, King County, Washington",2262,690,839,374,309,342,103,169,1011,366
1400000US53033029001,53033029001,"Census Tract 290.01, King County, Washington",198,246,77,102,0,12,0,12,121,146
1400000US53033029003,53033029003,"Census Tract 290.03, King County, Washington",240,148,69,67,49,52,0,17,122,75
1400000US53033029004,53033029004,"Census Tract 290.04, King County, Washington",677,319,240,167,9,15,0,12,428,201
1400000US53033029101,53033029101,"Census Tract 291.01, King County, Washington",11,17,0,12,0,12,0,12,11,17
1400000US53033029102,53033029102,"Census Tract 291.02, King County, Washington",263,203,54,70,83,89,0,12,126,96
1400000US53033029203,53033029203,"Census Tract 292.03, King County, Washington",395,266,227,173,42,53,0,12,126,105
1400000US53033029204,53033029204,"Census Tract 292.04, King County, Washington",693,579,109,123,62,73,0,17,522,509
1400000US53033029205,53033029205,"Census Tract 292.05, King County, Washington",547,411,137,121,93,126,30,52,287,243
1400000US53033029206,53033029206,"Census Tract 292.06, King County, Washington",523,287,160,102,93,76,0,12,270,146
1400000US53033029303,53033029303,"Census Tract 293.03, King County, Washington",193,160,146,144,26,30,21,30,0,17
1400000US53033029304,53033029304,"Census Tract 293.04, King County, Washington",355,272,166,146,24,28,0,17,165,132
1400000US53033029305,53033029305,"Census Tract 293.05, King County, Washington",172,256,3,63,79,114,0,12,90,118
1400000US53033029306,53033029306,"Census Tract 293.06, King County, Washington",68,95,14,21,27,38,0,12,27,37
1400000US53033029307,53033029307,"Census Tract 293.07, King County, Washington",73,113,36,58,18,28,0,12,19,28
1400000US53033029403,53033029403,"Census Tract 294.03, King County, Washington",533,247,157,107,107,115,0,17,269,177
1400000US53033029405,53033029405,"Census Tract 294.05, King County, Washington",282,132,166,102,34,57,0,17,82,69
1400000US53033029406,53033029406,"Census Tract 294.06, King County, Washington",149,71,88,42,18,20,0,17,43,32
1400000US53033029407,53033029407,"Census Tract 294.07, King County, Washington",437,227,153,76,82,84,0,12,202,104
1400000US53033029408,53033029408,"Census Tract 294.08, King County, Washington",818,312,235,161,140,205,0,12,443,229
1400000US53033029502,53033029502,"Census Tract 295.02, King County, Washington",92,108,29,54,0,17,0,17,63,61
1400000US53033029503,53033029503,"Census Tract 295.03, King County, Washington",636,343,170,126,133,174,19,37,314,231
1400000US53033029504,53033029504,"Census Tract 295.04, King County, Washington",676,380,126,138,97,108,0,17,453,295
1400000US53033029601,53033029601,"Census Tract 296.01, King County, Washington",119,124,16,24,28,33,0,17,75,104
1400000US53033029602,53033029602,"Census Tract 296.02, King County, Washington",60,43,19,22,28,22,0,17,13,19
1400000US53033029700,53033029700,"Census Tract 297, King County, Washington",658,558,272,320,95,142,49,77,242,211
1400000US53033029801,53033029801,"Census Tract 298.01, King County, Washington",954,500,137,148,242,211,0,17,575,399
1400000US53033029802,53033029802,"Census Tract 298.02, King County, Washington",909,644,316,304,192,164,0,17,401,289
1400000US53033029901,53033029901,"Census Tract 299.01, King County, Washington",45,53,45,53,0,12,0,12,0,12
1400000US53033029902,53033029902,"Census Tract 299.02, King County, Washington",70,51,0,12,33,23,0,12,37,44
1400000US53033030003,53033030003,"Census Tract 300.03, King County, Washington",1034,586,45,72,466,295,0,17,523,317
1400000US53033030004,53033030004,"Census Tract 300.04, King County, Washington",1397,824,534,463,126,200,0,17,737,447
1400000US53033030005,53033030005,"Census Tract 300.05, King County, Washington",1189,392,312,157,306,225,0,17,571,211
1400000US53033030006,53033030006,"Census Tract 300.06, King County, Washington",522,231,65,37,193,120,0,12,264,128
1400000US53033030100,53033030100,"Census Tract 301, King County, Washington",345,252,223,152,17,30,0,17,105,105
1400000US53033030201,53033030201,"Census Tract 302.01, King County, Washington",568,417,182,134,154,148,0,17,232,174
1400000US53033030202,53033030202,"Census Tract 302.02, King County, Washington",357,211,168,112,64,51,31,38,94,91
1400000US53033030304,53033030304,"Census Tract 303.04, King County, Washington",42,52,16,25,10,17,0,12,16,24
1400000US53033030305,53033030305,"Census Tract 303.05, King County, Washington",24,31,16,28,0,17,0,17,8,14
1400000US53033030306,53033030306,"Census Tract 303.06, King County, Washington",264,186,89,100,42,62,20,32,113,102
1400000US53033030308,53033030308,"Census Tract 303.08, King County, Washington",417,354,173,179,90,69,0,17,154,127
1400000US53033030309,53033030309,"Census Tract 303.09, King County, Washington",103,134,13,27,60,81,15,29,15,24
1400000US53033030310,53033030310,"Census Tract 303.10, King County, Washington",245,174,228,169,10,16,0,17,7,13
1400000US53033030311,53033030311,"Census Tract 303.11, King County, Washington",265,181,52,50,7,14,19,23,187,141
1400000US53033030312,53033030312,"Census Tract 303.12, King County, Washington",106,97,62,64,0,17,0,17,44,50
1400000US53033030313,53033030313,"Census Tract 303.13, King County, Washington",129,166,26,43,39,50,0,12,64,80
1400000US53033030314,53033030314,"Census Tract 303.14, King County, Washington",317,216,111,79,1,7,0,12,205,162
1400000US53033030401,53033030401,"Census Tract 304.01, King County, Washington",240,252,42,67,0,17,0,17,198,188
1400000US53033030403,53033030403,"Census Tract 304.03, King County, Washington",64,89,33,52,11,18,0,12,20,22
1400000US53033030404,53033030404,"Census Tract 304.04, King County, Washington",79,67,23,25,37,44,10,15,9,15
1400000US53033030501,53033030501,"Census Tract 305.01, King County, Washington",27,32,6,8,11,15,0,12,10,22
1400000US53033030503,53033030503,"Census Tract 305.03, King County, Washington",426,468,17,27,282,410,0,17,127,157
1400000US53033030504,53033030504,"Census Tract 305.04, King County, Washington",120,140,38,57,15,17,0,12,67,108
1400000US53033030600,53033030600,"Census Tract 306, King County, Washington",79,79,14,23,65,64,0,17,0,17
1400000US53033030700,53033030700,"Census Tract 307, King County, Washington",1,3,1,3,0,12,0,12,0,12
1400000US53033030801,53033030801,"Census Tract 308.01, King County, Washington",1087,523,405,267,223,203,0,17,459,268
1400000US53033030802,53033030802,"Census Tract 308.02, King County, Washington",99,119,0,12,40,64,0,12,59,64
1400000US53033030901,53033030901,"Census Tract 309.01, King County, Washington",283,214,64,48,23,38,0,12,196,179
1400000US53033030902,53033030902,"Census Tract 309.02, King County, Washington",345,309,88,102,113,136,0,17,144,153
1400000US53033031000,53033031000,"Census Tract 310, King County, Washington",0,12,0,12,0,12,0,12,0,12
1400000US53033031100,53033031100,"Census Tract 311, King County, Washington",357,136,52,37,62,35,0,17,243,106
1400000US53033031202,53033031202,"Census Tract 312.02, King County, Washington",51,55,19,26,8,9,0,17,24,37
1400000US53033031204,53033031204,"Census Tract 312.04, King County, Washington",252,320,171,217,0,17,0,17,81,103
1400000US53033031205,53033031205,"Census Tract 312.05, King County, Washington",264,235,151,171,38,33,0,17,75,69
1400000US53033031206,53033031206,"Census Tract 312.06, King County, Washington",395,273,135,134,94,87,0,17,166,146
1400000US53033031301,53033031301,"Census Tract 313.01, King County, Washington",111,107,7,10,61,85,0,12,43,68
1400000US53033031302,53033031302,"Census Tract 313.02, King County, Washington",140,174,61,86,0,12,0,12,79,90
1400000US53033031400,53033031400,"Census Tract 314, King County, Washington",559,468,71,113,19,31,0,17,469,405
1400000US53033031501,53033031501,"Census Tract 315.01, King County, Washington",0,12,0,12,0,12,0,12,0,12
1400000US53033031502,53033031502,"Census Tract 315.02, King County, Washington",27,29,0,12,13,20,0,12,14,20
1400000US53033031601,53033031601,"Census Tract 316.01, King County, Washington",311,275,214,193,35,35,0,17,62,82
1400000US53033031603,53033031603,"Census Tract 316.03, King County, Washington",248,273,191,219,35,49,0,17,22,33
1400000US53033031604,53033031604,"Census Tract 316.04, King County, Washington",101,80,14,22,54,66,0,17,33,31
1400000US53033031605,53033031605,"Census Tract 316.05, King County, Washington",13,20,0,12,13,20,0,12,0,12
1400000US53033031703,53033031703,"Census Tract 317.03, King County, Washington",74,112,0,17,52,84,0,17,22,42
1400000US53033031704,53033031704,"Census Tract 317.04, King County, Washington",242,212,71,68,25,22,0,17,146,152
1400000US53033031705,53033031705,"Census Tract 317.05, King County, Washington",16,29,16,29,0,12,0,12,0,12
1400000US53033031706,53033031706,"Census Tract 317.06, King County, Washington",459,370,131,124,117,97,0,17,211,219
1400000US53033031800,53033031800,"Census Tract 318, King County, Washington",40,37,14,17,22,37,0,12,4,10
1400000US53033031903,53033031903,"Census Tract 319.03, King County, Washington",137,131,28,38,79,82,0,17,30,55
1400000US53033031904,53033031904,"Census Tract 319.04, King County, Washington",60,74,28,42,0,12,0,12,32,36
1400000US53033031906,53033031906,"Census Tract 319.06, King County, Washington",40,43,0,12,0,12,0,12,40,43
1400000US53033031907,53033031907,"Census Tract 319.07, King County, Washington",119,90,0,17,94,80,0,17,25,42
1400000US53033031908,53033031908,"Census Tract 319.08, King County, Washington",107,95,44,54,6,10,0,12,57,69
1400000US53033031909,53033031909,"Census Tract 319.09, King County, Washington",1,2,0,12,0,12,0,12,1,2
1400000US53033032002,53033032002,"Census Tract 320.02, King County, Washington",43,31,0,12,0,12,0,12,43,31
1400000US53033032003,53033032003,"Census Tract 320.03, King County, Washington",41,38,22,35,19,15,0,17,0,17
1400000US53033032005,53033032005,"Census Tract 320.05, King County, Washington",18,28,18,28,0,17,0,17,0,17
1400000US53033032006,53033032006,"Census Tract 320.06, King County, Washington",37,60,0,17,37,60,0,17,0,17
1400000US53033032007,53033032007,"Census Tract 320.07, King County, Washington",36,32,10,16,0,12,13,20,13,20
1400000US53033032008,53033032008,"Census Tract 320.08, King County, Washington",138,115,10,16,33,40,0,12,95,113
1400000US53033032010,53033032010,"Census Tract 320.10, King County, Washington",34,59,34,59,0,17,0,17,0,17
1400000US53033032011,53033032011,"Census Tract 320.11, King County, Washington",7,12,0,12,0,12,0,12,7,12
1400000US53033032102,53033032102,"Census Tract 321.02, King County, Washington",0,17,0,17,0,17,0,17,0,17
1400000US53033032103,53033032103,"Census Tract 321.03, King County, Washington",191,221,63,70,0,12,0,12,128,153
1400000US53033032104,53033032104,"Census Tract 321.04, King County, Washington",287,419,0,17,0,17,0,17,287,419
1400000US53033032203,53033032203,"Census Tract 322.03, King County, Washington",54,59,14,23,0,17,0,17,40,38
1400000US53033032207,53033032207,"Census Tract 322.07, King County, Washington",0,12,0,12,0,12,0,12,0,12
1400000US53033032208,53033032208,"Census Tract 322.08, King County, Washington",12,18,0,17,12,18,0,17,0,17
1400000US53033032210,53033032210,"Census Tract 322.10, King County, Washington",321,344,0,19,186,212,0,19,135,148
1400000US53033032211,53033032211,"Census Tract 322.11, King County, Washington",8,13,0,17,0,17,8,13,0,17
1400000US53033032212,53033032212,"Census Tract 322.12, King County, Washington",106,109,52,66,35,53,0,17,19,31
1400000US53033032213,53033032213,"Census Tract 322.13, King County, Washington",1,3,0,12,0,12,0,12,1,3
1400000US53033032214,53033032214,"Census Tract 322.14, King County, Washington",0,17,0,17,0,17,0,17,0,17
1400000US53033032215,53033032215,"Census Tract 322.15, King County, Washington",19,30,19,30,0,17,0,17,0,17
1400000US53033032307,53033032307,"Census Tract 323.07, King County, Washington",106,124,36,56,42,64,13,24,15,24
1400000US53033032309,53033032309,"Census Tract 323.09, King County, Washington",98,85,25,35,0,17,16,25,57,71
1400000US53033032311,53033032311,"Census Tract 323.11, King County, Washington",18,30,0,17,0,17,0,17,18,30
1400000US53033032313,53033032313,"Census Tract 323.13, King County, Washington",15,25,0,17,0,17,15,25,0,17
1400000US53033032315,53033032315,"Census Tract 323.15, King County, Washington",26,42,0,17,26,42,0,17,0,17
1400000US53033032316,53033032316,"Census Tract 323.16, King County, Washington",7,12,0,17,7,12,0,17,0,17
1400000US53033032317,53033032317,"Census Tract 323.17, King County, Washington",74,85,0,17,0,17,0,17,74,85
1400000US53033032318,53033032318,"Census Tract 323.18, King County, Washington",76,97,0,17,38,41,0,17,38,59
1400000US53033032319,53033032319,"Census Tract 323.19, King County, Washington",44,40,0,17,44,40,0,17,0,17
1400000US53033032320,53033032320,"Census Tract 323.20, King County, Washington",24,36,1,2,0,12,0,12,23,36
1400000US53033032321,53033032321,"Census Tract 323.21, King County, Washington",37,85,0,17,0,17,0,17,37,85
1400000US53033032322,53033032322,"Census Tract 323.22, King County, Washington",10,16,0,12,9,15,0,12,1,4
1400000US53033032323,53033032323,"Census Tract 323.23, King County, Washington",59,73,0,17,8,17,0,17,51,69
1400000US53033032324,53033032324,"Census Tract 323.24, King County, Washington",330,322,77,115,71,105,0,17,182,251
1400000US53033032325,53033032325,"Census Tract 323.25, King County, Washington",47,54,0,17,7,14,0,17,40,53
1400000US53033032326,53033032326,"Census Tract 323.26, King County, Washington",123,122,0,12,80,92,0,12,43,43
1400000US53033032327,53033032327,"Census Tract 323.27, King County, Washington",0,12,0,12,0,12,0,12,0,12
1400000US53033032328,53033032328,"Census Tract 323.28, King County, Washington",0,12,0,12,0,12,0,12,0,12
1400000US53033032329,53033032329,"Census Tract 323.29, King County, Washington",45,51,0,17,0,17,0,17,45,51
1400000US53033032401,53033032401,"Census Tract 324.01, King County, Washington",5,13,0,17,0,17,0,17,5,13
1400000US53033032402,53033032402,"Census Tract 324.02, King County, Washington",59,71,28,44,15,17,0,17,16,46
1400000US53033032500,53033032500,"Census Tract 325, King County, Washington",14,19,14,19,0,17,0,17,0,17
1400000US53033032601,53033032601,"Census Tract 326.01, King County, Washington",15,22,15,22,0,12,0,12,0,12
1400000US53033032602,53033032602,"Census Tract 326.02, King County, Washington",80,101,44,54,21,27,0,19,15,24
1400000US53033032702,53033032702,"Census Tract 327.02, King County, Washington",58,61,16,26,30,36,0,17,12,20
1400000US53033032703,53033032703,"Census Tract 327.03, King County, Washington",0,12,0,12,0,12,0,12,0,12
1400000US53033032704,53033032704,"Census Tract 327.04, King County, Washington",494,540,153,210,0,17,0,17,341,357
1400000US53033032800,53033032800,"Census Tract 328, King County, Washington",0,12,0,12,0,12,0,12,0,12
1400000US53033990100,53033990100,"Census Tract 9901, King County, Washington",0,12,0,12,0,12,0,12,0,12
1600000US5300100,5300100,"Aberdeen city, Washington",193,122,58,45,38,49,0,19,97,74
1600000US5300135,5300135,"Aberdeen Gardens CDP, Washington",18,23,0,12,18,23,0,12,0,12
1600000US5300275,5300275,"Acme CDP, Washington",0,12,0,12,0,12,0,12,0,12
1600000US5300380,5300380,"Addy CDP, Washington",0,12,0,12,0,12,0,12,0,12
1600000US5300800,5300800,"Ahtanum CDP, Washington",269,246,76,95,18,30,0,12,175,176
1600000US5300905,5300905,"Airway Heights city, Washington",242,169,134,128,43,38,0,17,65,54
1600000US5301010,5301010,"Albion town, Washington",7,11,0,12,7,11,0,12,0,12
1600000US5301045,5301045,"Alder CDP, Washington",0,12,0,12,0,12,0,12,0,12
1600000US5301150,5301150,"Alderton CDP, Washington",322,242,189,166,6,9,0,12,127,94
1600000US5301185,5301185,"Alderwood Manor CDP, Washington",318,246,45,31,34,38,0,17,239,237
1600000US5301255,5301255,"Alger CDP, Washington",0,12,0,12,0,12,0,12,0,12
1600000US5301290,5301290,"Algona city, Washington",283,214,64,48,23,38,0,12,196,179
1600000US5301430,5301430,"Allyn CDP, Washington",0,12,0,12,0,12,0,12,0,12
1600000US5301500,5301500,"Almira town, Washington",0,12,0,12,0,12,0,12,0,12
1600000US5301745,5301745,"Altoona CDP, Washington",0,12,0,12,0,12,0,12,0,12
1600000US5301780,5301780,"Amanda Park CDP, Washington",0,12,0,12,0,12,0,12,0,12
1600000US5301850,5301850,"Amboy CDP, Washington",0,12,0,12,0,12,0,12,0,12
1600000US5301920,5301920,"Ames Lake CDP, Washington",26,42,0,12,26,42,0,12,0,12
1600000US5301990,5301990,"Anacortes city, Washington",152,63,32,20,29,11,3,5,88,48
1600000US5302060,5302060,"Anderson Island CDP, Washington",0,12,0,12,0,12,0,12,0,12
1600000US5302585,5302585,"Arlington city, Washington",571,394,341,253,73,55,18,29,139,113
1600000US5302620,5302620,"Arlington Heights CDP, Washington",0,12,0,12,0,12,0,12,0,12
1600000US5302910,5302910,"Artondale CDP, Washington",55,58,0,19,55,58,0,19,0,19
1600000US5303005,5303005,"Ashford CDP, Washington",0,12,0,12,0,12,0,12,0,12
1600000US5303075,5303075,"Asotin city, Washington",0,12,0,12,0,12,0,12,0,12
1600000US5303180,5303180,"Auburn city, Washington",3177,809,947,415,971,435,0,28,1259,362
1600000US5303736,5303736,"Bainbridge Island city, Washington",295,228,94,84,152,150,0,22,49,47
1600000US5304100,5304100,"Bangor Base CDP, Washington",456,245,99,70,288,147,69,103,0,17
1600000US5304125,5304125,"Banks Lake South CDP, Washington",0,12,0,12,0,12,0,12,0,12
1600000US5304195,5304195,"Barberton CDP, Washington",24,33,0,17,5,12,0,17,19,31
1600000US5304300,5304300,"Baring CDP, Washington",0,12,0,12,0,12,0,12,0,12
1600000US5304347,5304347,"Barney's Junction CDP, Washington",0,12,0,12,0,12,0,12,0,12
1600000US5304370,5304370,"Barstow CDP, Washington",0,12,0,12,0,12,0,12,0,12
1600000US5304405,5304405,"Basin City CDP, Washington",481,381,299,278,0,12,0,12,182,124
1600000US5304475,5304475,"Battle Ground city, Washington",99,61,29,36,48,44,0,19,22,24
1600000US5304615,5304615,"Bay Center CDP, Washington",0,12,0,12,0,12,0,12,0,12
1600000US5304790,5304790,"Bay View CDP, Washington",0,12,0,12,0,12,0,12,0,12
1600000US5304895,5304895,"Beaux Arts Village town, Washington",4,6,0,12,4,6,0,12,0,12
1600000US5305140,5305140,"Belfair CDP, Washington",300,307,71,74,0,12,0,12,229,237
1600000US5305210,5305210,"Bellevue city, Washington",2856,731,552,209,447,229,59,51,1798,561
1600000US5305245,5305245,"Bell Hill CDP, Washington",0,12,0,12,0,12,0,12,0,12
1600000US5305280,5305280,"Bellingham city, Washington",2296,673,873,331,439,187,65,71,919,342
1600000US5305560,5305560,"Benton City city, Washington",426,220,150,131,119,120,0,12,157,80
1600000US5305735,5305735,"Bethel CDP, Washington",8,13,0,12,8,13,0,12,0,12
1600000US5305980,5305980,"Bickleton CDP, Washington",0,12,0,12,0,12,0,12,0,12
1600000US5306050,5306050,"Big Lake CDP, Washington",108,131,77,116,31,43,0,12,0,12
1600000US5306085,5306085,"Bingen city, Washington",104,78,49,50,6,8,0,12,49,44
1600000US5306190,5306190,"Birch Bay CDP, Washington",74,78,0,17,35,47,0,17,39,53
1600000US5306330,5306330,"Black Diamond city, Washington",250,273,180,218,48,53,0,12,22,33
1600000US5306505,5306505,"Blaine city, Washington",46,57,17,28,0,17,0,17,29,33
1600000US5306855,5306855,"Blyn CDP, Washington",0,12,0,12,0,12,0,12,0,12
1600000US5307170,5307170,"Bonney Lake city, Washington",174,151,94,79,38,59,0,19,42,44
1600000US5307380,5307380,"Bothell city, Washington",1951,625,661,301,153,115,52,65,1085,364
1600000US5307390,5307390,"Bothell East CDP, Washington",118,120,27,41,16,23,30,49,45,42
1600000US5307395,5307395,"Bothell West CDP, Washington",696,417,15,23,249,268,9,17,423,290
1600000US5307397,5307397,"Boulevard Park CDP, Washington",351,195,68,97,48,59,0,12,235,148
1600000US5307485,5307485,"Boyds CDP, Washington",0,12,0,12,0,12,0,12,0,12
1600000US5307590,5307590,"Brady CDP, Washington",0,12,0,12,0,12,0,12,0,12
1600000US5307695,5307695,"Bremerton city, Washington",1261,519,260,186,400,150,52,53,549,289
1600000US5307835,5307835,"Brewster city, Washington",1176,394,474,205,176,101,0,12,526,191
1600000US5307870,5307870,"Bridgeport city, Washington",1719,230,744,154,88,43,0,12,887,149
1600000US5307940,5307940,"Brier city, Washington",181,108,28,33,92,82,0,17,61,60
1600000US5308080,5308080,"Brinnon CDP, Washington",0,12,0,12,0,12,0,12,0,12
1600000US5308325,5308325,"Browns Point CDP, Washington",45,68,10,17,15,19,0,12,20,33
1600000US5308465,5308465,"Brush Prairie CDP, Washington",18,19,9,14,0,12,0,12,9,13
1600000US5308500,5308500,"Bryant CDP, Washington",26,41,0,12,0,12,0,12,26,41
1600000US5308552,5308552,"Bryn Mawr-Skyway CDP, Washington",1195,782,315,241,207,164,65,101,608,612
1600000US5308570,5308570,"Buckley city, Washington",7,11,0,12,7,11,0,12,0,12
1600000US5308605,5308605,"Bucoda town, Washington",8,13,0,12,8,13,0,12,0,12
1600000US5308640,5308640,"Buena CDP, Washington",635,669,489,526,0,12,0,12,146,162
1600000US5308770,5308770,"Bunk Foss CDP, Washington",56,68,0,12,34,40,0,12,22,29
1600000US5308780,5308780,"Burbank CDP, Washington",196,229,132,142,0,12,0,12,64,93
1600000US5308850,5308850,"Burien city, Washington",4970,1101,1591,414,715,267,9,14,2655,626
1600000US5308885,5308885,"Burley CDP, Washington",27,40,0,12,27,40,0,12,0,12
1600000US5308920,5308920,"Burlington city, Washington",1260,456,654,294,173,115,0,17,433,192
1600000US5309365,5309365,"Camano CDP, Washington",184,144,118,111,42,40,8,13,16,24
1600000US5309480,5309480,"Camas city, Washington",199,226,28,45,153,182,0,22,18,20
1600000US5309810,5309810,"Canterwood CDP, Washington",40,68,27,46,0,12,0,12,13,22
1600000US5309820,5309820,"Canyon Creek CDP, Washington",0,12,0,12,0,12,0,12,0,12
1600000US5309970,5309970,"Carbonado town, Washington",0,12,0,12,0,12,0,12,0,12
1600000US5310075,5310075,"Carlsborg CDP, Washington",0,12,0,12,0,12,0,12,0,12
1600000US5310215,5310215,"Carnation city, Washington",0,12,0,12,0,12,0,12,0,12
1600000US5310320,5310320,"Carson CDP, Washington",49,71,8,13,0,12,0,12,41,59
1600000US5310455,5310455,"Cascade Valley CDP, Washington",255,282,110,117,13,20,0,12,132,175
1600000US5310495,5310495,"Cashmere city, Washington",164,129,78,83,0,12,0,12,86,77
1600000US5310565,5310565,"Castle Rock city, Washington",25,33,5,11,16,27,0,12,4,6
1600000US5310600,5310600,"Cathcart CDP, Washington",0,12,0,12,0,12,0,12,0,12
1600000US5310635,5310635,"Cathlamet town, Washington",42,46,31,33,11,14,0,12,0,12
1600000US5310645,5310645,"Cavalero CDP, Washington",36,58,36,58,0,17,0,17,0,17
1600000US5311090,5311090,"Centerville CDP, Washington",0,12,0,12,0,12,0,12,0,12
1600000US5311160,5311160,"Centralia city, Washington",193,165,68,80,5,6,0,19,120,100
1600000US5311195,5311195,"Central Park CDP, Washington",11,17,0,12,11,17,0,12,0,12
1600000US5311325,5311325,"Chain Lake CDP, Washington",38,39,20,28,18,26,0,12,0,12
1600000US5311475,5311475,"Chehalis city, Washington",214,125,75,60,53,34,0,17,86,57
1600000US5311615,5311615,"Chelan city, Washington",281,368,172,233,42,61,0,12,67,79
1600000US5311685,5311685,"Chelan Falls CDP, Washington",0,12,0,12,0,12,0,12,0,12
1600000US5311825,5311825,"Cheney city, Washington",181,71,118,64,5,10,0,19,58,36
1600000US5312015,5312015,"Cherry Grove CDP, Washington",0,12,0,12,0,12,0,12,0,12
1600000US5312140,5312140,"Chewelah city, Washington",0,12,0,12,0,12,0,12,0,12
1600000US5312175,5312175,"Chico CDP, Washington",80,89,11,17,30,33,0,12,39,46
1600000US5312315,5312315,"Chinook CDP, Washington",0,12,0,12,0,12,0,12,0,12
1600000US5312525,5312525,"Clallam Bay CDP, Washington",17,28,0,12,17,28,0,12,0,12
1600000US5312630,5312630,"Clarkston city, Washington",55,42,0,17,19,29,21,28,15,20
1600000US5312680,5312680,"Clarkston Heights-Vineland CDP, Washington",28,51,0,17,0,17,0,17,28,51
1600000US5312735,5312735,"Clayton CDP, Washington",0,12,0,12,0,12,0,12,0,12
1600000US5312820,5312820,"Clear Lake CDP (Pierce County), Washington",1,3,0,12,0,12,0,12,1,3
1600000US5312840,5312840,"Clear Lake CDP (Skagit County), Washington",0,12,0,12,0,12,0,12,0,12
1600000US5312875,5312875,"Clearview CDP, Washington",48,75,0,12,0,12,0,12,48,75
1600000US5312945,5312945,"Cle Elum city, Washington",159,132,59,62,0,12,0,12,100,77
1600000US5313015,5313015,"Cliffdell CDP, Washington",0,12,0,12,0,12,0,12,0,12
1600000US5313155,5313155,"Clinton CDP, Washington",3,3,1,2,0,12,0,12,2,2
1600000US5313215,5313215,"Clover Creek CDP, Washington",265,276,0,17,181,181,24,39,60,95
1600000US5313365,5313365,"Clyde Hill city, Washington",0,12,0,12,0,12,0,12,0,12
1600000US5313595,5313595,"Cohassett Beach CDP, Washington",0,12,0,12,0,12,0,12,0,12
1600000US5313785,5313785,"Colfax city, Washington",9,15,9,15,0,12,0,12,0,12
1600000US5313855,5313855,"College Place city, Washington",841,496,370,267,71,50,0,17,400,264
1600000US5313890,5313890,"Colton town, Washington",0,12,0,12,0,12,0,12,0,12
1600000US5314170,5314170,"Colville city, Washington",94,83,59,75,31,46,0,12,4,7
1600000US5314310,5314310,"Conconully town, Washington",10,18,10,18,0,12,0,12,0,12
1600000US5314380,5314380,"Concrete town, Washington",0,12,0,12,0,12,0,12,0,12
1600000US5314485,5314485,"Connell city, Washington",1086,362,527,243,116,90,0,17,443,195
1600000US5314520,5314520,"Conway CDP, Washington",0,12,0,12,0,12,0,12,0,12
1600000US5314660,5314660,"Copalis Beach CDP, Washington",0,12,0,12,0,12,0,12,0,12
1600000US5314870,5314870,"Cosmopolis city, Washington",0,12,0,12,0,12,0,12,0,12
1600000US5314940,5314940,"Cottage Lake CDP, Washington",174,136,37,56,60,66,13,24,64,54
1600000US5315080,5315080,"Coulee City town, Washington",0,12,0,12,0,12,0,12,0,12
1600000US5315115,5315115,"Coulee Dam town, Washington",10,16,9,14,0,12,0,12,1,3
1600000US5315150,5315150,"Country Homes CDP, Washington",45,37,6,13,35,33,0,17,4,9
1600000US5315185,5315185,"Coupeville town, Washington",20,28,0,12,4,9,0,12,16,26
1600000US5315290,5315290,"Covington city, Washington",506,376,165,130,117,97,0,19,224,220
1600000US5315325,5315325,"Cowiche CDP, Washington",341,518,51,78,107,164,0,12,183,277
1600000US5315710,5315710,"Creston town, Washington",0,12,0,12,0,12,0,12,0,12
1600000US5315780,5315780,"Crocker CDP, Washington",0,12,0,12,0,12,0,12,0,12
1600000US5316165,5316165,"Curlew CDP, Washington",0,12,0,12,0,12,0,12,0,12
1600000US5316170,5316170,"Curlew Lake CDP, Washington",0,12,0,12,0,12,0,12,0,12
1600000US5316340,5316340,"Cusick town, Washington",0,12,0,12,0,12,0,12,0,12
1600000US5316375,5316375,"Custer CDP, Washington",0,12,0,12,0,12,0,12,0,12
1600000US5316550,5316550,"Dallesport CDP, Washington",0,12,0,12,0,12,0,12,0,12
1600000US5316585,5316585,"Danville CDP, Washington",0,12,0,12,0,12,0,12,0,12
1600000US5316690,5316690,"Darrington town, Washington",34,41,24,37,0,12,10,17,0,12
1600000US5316760,5316760,"Dash Point CDP, Washington",0,12,0,12,0,12,0,12,0,12
1600000US5316795,5316795,"Davenport city, Washington",0,12,0,12,0,12,0,12,0,12
1600000US5316970,5316970,"Dayton city, Washington",89,101,49,63,0,12,17,22,23,21
1600000US5317215,5317215,"Deep River CDP, Washington",0,12,0,12,0,12,0,12,0,12
1600000US5317320,5317320,"Deer Park city, Washington",46,51,0,12,46,51,0,12,0,12
1600000US5317495,5317495,"Deming CDP, Washington",0,12,0,12,0,12,0,12,0,12
1600000US5317617,5317617,"Desert Aire CDP, Washington",1098,941,555,585,64,77,0,12,479,373
1600000US5317635,5317635,"Des Moines city, Washington",3411,783,1000,368,755,411,103,169,1553,393
1600000US5317880,5317880,"Disautel CDP, Washington",0,12,0,12,0,12,0,12,0,12
1600000US5318055,5318055,"Dixie CDP, Washington",0,12,0,12,0,12,0,12,0,12
1600000US5318198,5318198,"Dollars Corner CDP, Washington",0,12,0,12,0,12,0,12,0,12
1600000US5318265,5318265,"Donald CDP, Washington",0,12,0,12,0,12,0,12,0,12
1600000US5318775,5318775,"Duluth CDP, Washington",16,40,5,12,0,12,0,12,11,28
1600000US5318965,5318965,"DuPont city, Washington",21,34,0,17,0,17,0,17,21,34
1600000US5319035,5319035,"Duvall city, Washington",59,71,28,44,15,17,0,17,16,46
1600000US5319290,5319290,"East Cathlamet CDP, Washington",0,12,0,12,0,12,0,12,0,12
1600000US5319630,5319630,"Eastmont CDP, Washington",184,118,0,22,89,92,0,22,95,55
1600000US5319700,5319700,"Easton CDP, Washington",0,12,0,12,0,12,0,12,0,12
1600000US5319770,5319770,"East Port Orchard CDP, Washington",0,17,0,17,0,17,0,17,0,17
1600000US5319857,5319857,"East Renton Highlands CDP, Washington",316,222,45,52,48,72,0,19,223,196
1600000US5320155,5320155,"East Wenatchee city, Washington",3010,533,1493,397,427,204,24,37,1066,247
1600000US5320260,5320260,"Eatonville town, Washington",62,74,10,16,0,12,9,15,43,58
1600000US5320645,5320645,"Edgewood city, Washington",109,96,33,35,63,68,0,19,13,15
1600000US5320680,5320680,"Edison CDP, Washington",0,12,0,12,0,12,0,12,0,12
1600000US5320750,5320750,"Edmonds city, Washington",818,388,316,197,145,95,13,20,344,307
1600000US5320890,5320890,"Elbe CDP, Washington",0,12,0,12,0,12,0,12,0,12
1600000US5321030,5321030,"Electric City city, Washington",0,12,0,12,0,12,0,12,0,12
1600000US5321205,5321205,"Elk Plain CDP, Washington",286,157,89,81,95,71,0,19,102,73
1600000US5321240,5321240,"Ellensburg city, Washington",1016,281,422,146,279,150,0,19,315,171
1600000US5321450,5321450,"Elma city, Washington",0,12,0,12,0,12,0,12,0,12
1600000US5321485,5321485,"Elmer City town, Washington",3,6,3,6,0,12,0,12,0,12
1600000US5321730,5321730,"Endicott town, Washington",0,12,0,12,0,12,0,12,0,12
1600000US5321800,5321800,"Enetai CDP, Washington",18,25,0,12,0,12,0,12,18,25
1600000US5322010,5322010,"Entiat city, Washington",5,7,0,12,0,12,0,12,5,7
1600000US5322045,5322045,"Enumclaw city, Washington",754,478,132,121,74,87,0,19,548,400
1600000US5322080,5322080,"Ephrata city, Washington",1075,590,440,309,152,103,0,17,483,244
1600000US5322118,5322118,"Erlands Point-Kitsap Lake CDP, Washington",189,238,90,122,28,31,0,12,71,87
1600000US5322150,5322150,"Eschbach CDP, Washington",22,58,10,24,0,12,0,12,12,34
1600000US5322255,5322255,"Esperance CDP, Washington",14,31,0,12,0,12,0,12,14,31
1600000US5322640,5322640,"Everett city, Washington",3718,1132,1044,442,617,216,43,55,2014,719
1600000US5322745,5322745,"Everson city, Washington",430,202,216,116,26,26,0,12,188,111
1600000US5322955,5322955,"Fairchild AFB CDP, Washington",108,104,13,21,32,28,58,78,5,8
1600000US5322990,5322990,"Fairfield town, Washington",2,3,2,3,0,12,0,12,0,12
1600000US5323160,5323160,"Fairwood CDP (King County), Washington",710,348,236,159,152,89,0,19,322,181
1600000US5323165,5323165,"Fairwood CDP (Spokane County), Washington",81,127,81,127,0,17,0,17,0,17
1600000US5323200,5323200,"Fall City CDP, Washington",15,22,15,22,0,12,0,12,0,12
1600000US5323340,5323340,"Farmington town, Washington",0,12,0,12,0,12,0,12,0,12
1600000US5323515,5323515,"Federal Way city, Washington",6452,1229,2270,599,1119,386,85,56,2978,674
1600000US5323550,5323550,"Felida CDP, Washington",12,18,0,17,12,18,0,17,0,17
1600000US5323620,5323620,"Ferndale city, Washington",835,364,327,240,127,94,83,94,298,181
1600000US5323690,5323690,"Fern Prairie CDP, Washington",65,95,0,12,42,61,0,12,23,34
1600000US5323795,5323795,"Fife city, Washington",184,66,66,30,33,14,6,6,79,45
1600000US5323830,5323830,"Fife Heights CDP, Washington",27,27,7,10,5,6,0,12,15,16
1600000US5323865,5323865,"Finley CDP, Washington",938,536,522,347,99,117,0,17,317,200
1600000US5323970,5323970,"Fircrest city, Washington",77,83,43,75,34,35,0,17,0,17
1600000US5324188,5324188,"Five Corners CDP, Washington",651,360,41,56,488,299,0,19,122,134
1600000US5324425,5324425,"Fobes Hill CDP, Washington",2,4,2,4,0,12,0,12,0,12
1600000US5324565,5324565,"Fords Prairie CDP, Washington",235,321,0,12,52,89,0,12,183,235
1600000US5324810,5324810,"Forks city, Washington",27,39,0,12,21,38,0,12,6,10
1600000US5324915,5324915,"Fort Lewis CDP, Washington",287,121,28,32,232,105,16,19,11,17
1600000US5325300,5325300,"Four Lakes CDP, Washington",0,12,0,12,0,12,0,12,0,12
1600000US5325370,5325370,"Fox Island CDP, Washington",10,17,0,12,10,17,0,12,0,12
1600000US5325475,5325475,"Frederickson CDP, Washington",718,465,247,177,27,32,0,22,444,345
1600000US5325510,5325510,"Freeland CDP, Washington",8,13,0,12,8,13,0,12,0,12
1600000US5325615,5325615,"Friday Harbor town, Washington",80,54,22,27,29,21,0,12,29,20
1600000US5326140,5326140,"Garfield town, Washington",0,12,0,12,0,12,0,12,0,12
1600000US5326245,5326245,"Garrett CDP, Washington",71,81,18,29,0,12,0,12,53,75
1600000US5326420,5326420,"Geneva CDP, Washington",28,44,0,12,0,12,0,12,28,44
1600000US5326455,5326455,"George city, Washington",470,194,242,117,10,12,0,12,218,94
1600000US5326735,5326735,"Gig Harbor city, Washington",106,66,40,45,66,45,0,17,0,17
1600000US5326875,5326875,"Glacier CDP, Washington",0,12,0,12,0,12,0,12,0,12
1600000US5326945,5326945,"Gleed CDP, Washington",118,115,63,71,35,45,7,15,13,21
1600000US5327225,5327225,"Glenwood CDP, Washington",0,12,0,12,0,12,0,12,0,12
1600000US5327365,5327365,"Gold Bar city, Washington",10,13,5,10,0,12,0,12,5,8
1600000US5327435,5327435,"Goldendale city, Washington",0,12,0,12,0,12,0,12,0,12
1600000US5327680,5327680,"Gorst CDP, Washington",0,12,0,12,0,12,0,12,0,12
1600000US5327785,5327785,"Graham CDP, Washington",512,277,182,140,166,195,50,68,114,86
1600000US5327855,5327855,"Grand Coulee city, Washington",42,36,28,32,6,6,0,12,8,14
1600000US5327890,5327890,"Grand Mound CDP, Washington",44,67,0,12,0,12,44,67,0,12
1600000US5327925,5327925,"Grandview city, Washington",1558,477,781,284,157,123,0,19,620,265
1600000US5327960,5327960,"Granger city, Washington",409,237,225,149,45,35,0,12,139,84
1600000US5327995,5327995,"Granite Falls city, Washington",18,28,12,19,6,21,0,12,0,12
1600000US5328135,5328135,"Grapeview CDP, Washington",0,12,0,12,0,12,0,12,0,12
1600000US5328345,5328345,"Grayland CDP, Washington",0,12,0,12,0,12,0,12,0,12
1600000US5328450,5328450,"Grays River CDP, Washington",0,12,0,12,0,12,0,12,0,12
1600000US5328590,5328590,"Green Bluff CDP, Washington",0,12,0,12,0,12,0,12,0,12
1600000US5328695,5328695,"Greenwater CDP, Washington",0,12,0,12,0,12,0,12,0,12
1600000US5329255,5329255,"Hamilton town, Washington",7,10,0,12,4,8,0,12,3,5
1600000US5329430,5329430,"Hansville CDP, Washington",34,40,0,12,34,40,0,12,0,12
1600000US5329710,5329710,"Harrah town, Washington",76,36,49,24,7,7,0,12,20,13
1600000US5329745,5329745,"Harrington city, Washington",1,2,0,12,1,2,0,12,0,12
1600000US5329920,5329920,"Hartline town, Washington",0,12,0,12,0,12,0,12,0,12
1600000US5330030,5330030,"Hat Island CDP, Washington",0,12,0,12,0,12,0,12,0,12
1600000US5330060,5330060,"Hatton town, Washington",5,6,5,6,0,12,0,12,0,12
1600000US5330305,5330305,"Hazel Dell CDP, Washington",1266,682,296,208,332,235,17,27,621,325
1600000US5330690,5330690,"Herron Island CDP, Washington",0,12,0,12,0,12,0,12,0,12
1600000US5330750,5330750,"High Bridge CDP, Washington",41,63,15,23,13,19,0,12,13,21
1600000US5331495,5331495,"Hobart CDP, Washington",62,42,22,35,19,15,0,17,21,23
1600000US5331530,5331530,"Hockinson CDP, Washington",3,5,0,17,0,17,0,17,3,5
1600000US5331540,5331540,"Hogans Corner CDP, Washington",0,12,0,12,0,12,0,12,0,12
1600000US5331985,5331985,"Home CDP, Washington",0,12,0,12,0,12,0,12,0,12
1600000US5332125,5332125,"Hoodsport CDP, Washington",0,12,0,12,0,12,0,12,0,12
1600000US5332300,5332300,"Hoquiam city, Washington",113,79,28,39,0,17,18,27,67,50
1600000US5332650,5332650,"Humptulips CDP, Washington",0,12,0,12,0,12,0,12,0,12
1600000US5332755,5332755,"Hunts Point town, Washington",1,2,0,12,0,12,0,12,1,2
1600000US5333000,5333000,"Ilwaco city, Washington",0,12,0,12,0,12,0,12,0,12
1600000US5333105,5333105,"Inchelium CDP, Washington",0,12,0,12,0,12,0,12,0,12
1600000US5333175,5333175,"Index town, Washington",0,12,0,12,0,12,0,12,0,12
1600000US5333280,5333280,"Indianola CDP, Washington",73,26,20,14,30,16,2,4,21,15
1600000US5333560,5333560,"Ione town, Washington",0,12,0,12,0,12,0,12,0,12
1600000US5333805,5333805,"Issaquah city, Washington",817,587,63,70,212,213,0,25,542,458
1600000US5333890,5333890,"Jamestown CDP, Washington",0,12,0,12,0,12,0,12,0,12
1600000US5334470,5334470,"Junction City CDP, Washington",0,12,0,12,0,12,0,12,0,12
1600000US5334575,5334575,"Kahlotus city, Washington",8,12,0,12,0,12,0,12,8,12
1600000US5334645,5334645,"Kalama city, Washington",40,52,0,12,19,26,18,29,3,5
1600000US5334890,5334890,"Kapowsin CDP, Washington",0,12,0,12,0,12,0,12,0,12
1600000US5334915,5334915,"Kayak Point CDP, Washington",29,47,20,32,9,15,0,12,0,12
1600000US5334960,5334960,"Keller CDP, Washington",0,12,0,12,0,12,0,12,0,12
1600000US5335065,5335065,"Kelso city, Washington",210,141,75,61,38,38,0,19,97,83
1600000US5335135,5335135,"Kendall CDP, Washington",0,12,0,12,0,12,0,12,0,12
1600000US5335170,5335170,"Kenmore city, Washington",315,220,107,86,67,52,0,22,141,133
1600000US5335275,5335275,"Kennewick city, Washington",11002,1503,5315,1012,1656,489,27,31,4004,885
1600000US5335415,5335415,"Kent city, Washington",9244,1432,2612,578,1621,486,98,113,4913,901
1600000US5335450,5335450,"Ketron Island CDP, Washington",0,12,0,12,0,12,0,12,0,12
1600000US5335485,5335485,"Kettle Falls city, Washington",7,11,3,6,4,6,0,12,0,12
1600000US5335555,5335555,"Key Center CDP, Washington",0,12,0,12,0,12,0,12,0,12
1600000US5335625,5335625,"Keyport CDP, Washington",8,13,0,12,8,13,0,12,0,12
1600000US5335870,5335870,"Kingston CDP, Washington",0,12,0,12,0,12,0,12,0,12
1600000US5335940,5335940,"Kirkland city, Washington",1657,516,420,168,388,146,0,28,849,375
1600000US5336045,5336045,"Kittitas city, Washington",47,73,15,25,0,12,0,12,32,48
1600000US5336115,5336115,"Klickitat CDP, Washington",0,12,0,12,0,12,0,12,0,12
1600000US5336395,5336395,"Krupp town, Washington",5,10,0,12,0,12,0,12,5,10
1600000US5336710,5336710,"La Center city, Washington",117,92,33,29,32,28,4,6,48,36
1600000US5336745,5336745,"Lacey city, Washington",765,317,275,191,233,117,43,56,214,181
1600000US5336780,5336780,"La Conner town, Washington",0,12,0,12,0,12,0,12,0,12
1600000US5336850,5336850,"LaCrosse town, Washington",0,12,0,12,0,12,0,12,0,12
1600000US5336920,5336920,"La Grande CDP, Washington",0,12,0,12,0,12,0,12,0,12
1600000US5337077,5337077,"Lake Bosworth CDP, Washington",0,12,0,12,0,12,0,12,0,12
1600000US5337100,5337100,"Lake Cassidy CDP, Washington",21,33,0,12,0,12,0,12,21,33
1600000US5337105,5337105,"Lake Cavanaugh CDP, Washington",0,12,0,12,0,12,0,12,0,12
1600000US5337270,5337270,"Lake Forest Park city, Washington",250,347,66,86,18,26,0,19,166,263
1600000US5337287,5337287,"Lake Goodwin CDP, Washington",30,48,30,48,0,12,0,12,0,12
1600000US5337345,5337345,"Lake Holm CDP, Washington",0,12,0,12,0,12,0,12,0,12
1600000US5337415,5337415,"Lake Ketchum CDP, Washington",110,144,61,93,0,12,0,12,49,56
1600000US5337420,5337420,"Lakeland North CDP, Washington",785,530,280,244,104,103,0,19,401,289
1600000US5337430,5337430,"Lakeland South CDP, Washington",372,284,87,90,48,49,10,15,227,189
1600000US5337526,5337526,"Lake McMurray CDP, Washington",0,12,0,12,0,12,0,12,0,12
1600000US5337538,5337538,"Lake Marcel-Stillwater CDP, Washington",0,12,0,12,0,12,0,12,0,12
1600000US5337567,5337567,"Lake Morton-Berrydale CDP, Washington",602,437,403,297,44,37,0,19,155,137
1600000US5337672,5337672,"Lake Roesiger CDP, Washington",0,12,0,12,0,12,0,12,0,12
1600000US5337830,5337830,"Lake Shore CDP, Washington",620,452,100,110,233,289,0,17,287,225
1600000US5337900,5337900,"Lake Stevens city, Washington",385,173,100,74,114,59,43,43,128,94
1600000US5337917,5337917,"Lake Stickney CDP, Washington",421,352,90,101,88,100,0,17,243,184
1600000US5337920,5337920,"Lake Tapps CDP, Washington",249,186,47,74,139,117,0,19,63,55
1600000US5337926,5337926,"Lakeview CDP, Washington",217,148,23,35,57,67,0,12,137,127
1600000US5338038,5338038,"Lakewood city, Washington",3245,796,977,355,1087,439,39,38,1142,283
1600000US5338215,5338215,"Lamont town, Washington",0,12,0,12,0,12,0,12,0,12
1600000US5338355,5338355,"Langley city, Washington",0,12,0,12,0,12,0,12,0,12
1600000US5338420,5338420,"Larch Way CDP, Washington",95,106,18,30,58,88,0,12,19,31
1600000US5338495,5338495,"Latah town, Washington",0,12,0,12,0,12,0,12,0,12
1600000US5338705,5338705,"Laurier CDP, Washington",0,12,0,12,0,12,0,12,0,12
1600000US5338845,5338845,"Leavenworth city, Washington",13,15,0,12,7,12,0,12,6,10
1600000US5338880,5338880,"Lebam CDP, Washington",0,12,0,12,0,12,0,12,0,12
1600000US5339212,5339212,"Lewisville CDP, Washington",0,12,0,12,0,12,0,12,0,12
1600000US5339335,5339335,"Liberty Lake city, Washington",61,75,16,24,45,71,0,17,0,17
1600000US5339510,5339510,"Lind town, Washington",4,5,3,4,1,2,0,12,0,12
1600000US5339860,5339860,"Lochsloy CDP, Washington",47,62,0,12,47,62,0,12,0,12
1600000US5339930,5339930,"Lofall CDP, Washington",0,12,0,12,0,12,0,12,0,12
1600000US5340070,5340070,"Long Beach city, Washington",61,49,8,11,31,31,0,12,22,23
1600000US5340105,5340105,"Longbranch CDP, Washington",7,12,0,12,7,12,0,12,0,12
1600000US5340245,5340245,"Longview city, Washington",636,234,147,75,256,132,21,27,212,97
1600000US5340270,5340270,"Longview Heights CDP, Washington",140,163,22,38,59,94,0,12,59,68
1600000US5340350,5340350,"Loomis CDP, Washington",19,33,6,10,11,20,0,12,2,5
1600000US5340385,5340385,"Loon Lake CDP, Washington",5,9,0,12,0,12,0,12,5,9
1600000US5340570,5340570,"Lower Elochoman CDP, Washington",0,12,0,12,0,12,0,12,0,12
1600000US5340735,5340735,"Lyle CDP, Washington",0,12,0,12,0,12,0,12,0,12
1600000US5340770,5340770,"Lyman town, Washington",0,12,0,12,0,12,0,12,0,12
1600000US5340805,5340805,"Lynden city, Washington",349,222,15,20,105,89,0,19,229,177
1600000US5340840,5340840,"Lynnwood city, Washington",2047,875,574,311,492,307,6,12,975,609
1600000US5340980,5340980,"Mabton city, Washington",174,127,52,32,19,17,0,12,103,123
1600000US5341155,5341155,"McChord AFB CDP, Washington",106,81,34,51,50,38,9,17,13,14
1600000US5341225,5341225,"McCleary city, Washington",27,31,19,22,0,12,0,12,8,13
1600000US5341470,5341470,"Machias CDP, Washington",27,51,27,51,0,12,0,12,0,12
1600000US5341645,5341645,"McKenna CDP, Washington",0,12,0,12,0,12,0,12,0,12
1600000US5341785,5341785,"McMillin CDP, Washington",0,12,0,12,0,12,0,12,0,12
1600000US5342275,5342275,"Malden town, Washington",0,12,0,12,0,12,0,12,0,12
1600000US5342310,5342310,"Malo CDP, Washington",0,12,0,12,0,12,0,12,0,12
1600000US5342345,5342345,"Malone CDP, Washington",0,12,0,12,0,12,0,12,0,12
1600000US5342380,5342380,"Malott CDP, Washington",178,136,0,12,57,48,0,12,121,122
1600000US5342415,5342415,"Maltby CDP, Washington",140,122,42,52,9,13,60,85,29,28
1600000US5342450,5342450,"Manchester CDP, Washington",119,144,67,79,0,17,0,17,52,72
1600000US5342800,5342800,"Mansfield town, Washington",0,12,0,12,0,12,0,12,0,12
1600000US5342835,5342835,"Manson CDP, Washington",35,57,23,38,0,12,0,12,12,19
1600000US5343010,5343010,"Maple Falls CDP, Washington",0,12,0,12,0,12,0,12,0,12
1600000US5343062,5343062,"Maple Heights-Lake Desire CDP, Washington",40,43,0,12,0,12,0,12,40,43
1600000US5343150,5343150,"Maple Valley city, Washington",341,165,69,69,124,97,13,20,135,109
1600000US5343255,5343255,"Maplewood CDP, Washington",9,12,1,2,8,12,0,17,0,17
1600000US5343325,5343325,"Marblemount CDP, Washington",0,12,0,12,0,12,0,12,0,12
1600000US5343395,5343395,"Marcus town, Washington",0,12,0,12,0,12,0,12,0,12
1600000US5343491,5343491,"Marietta-Alderwood CDP, Washington",132,201,84,129,0,12,0,12,48,73
1600000US5343640,5343640,"Markham CDP, Washington",0,12,0,12,0,12,0,12,0,12
1600000US5343762,5343762,"Marrowstone CDP, Washington",0,12,0,12,0,12,0,12,0,12
1600000US5343815,5343815,"Martha Lake CDP, Washington",209,105,68,50,63,49,0,19,78,60
1600000US5343885,5343885,"Maryhill CDP, Washington",0,12,0,12,0,12,0,12,0,12
1600000US5343955,5343955,"Marysville city, Washington",1813,655,748,420,443,259,65,82,557,243
1600000US5344165,5344165,"Mattawa city, Washington",2559,442,979,249,143,93,0,12,1437,284
1600000US5344260,5344260,"May Creek CDP, Washington",0,12,0,12,0,12,0,12,0,12
1600000US5344480,5344480,"Mead CDP, Washington",50,62,0,17,9,14,41,60,0,17
1600000US5344585,5344585,"Meadowdale CDP, Washington",16,17,0,12,15,17,0,12,1,2
1600000US5344620,5344620,"Meadow Glade CDP, Washington",17,27,17,27,0,12,0,12,0,12
1600000US5344690,5344690,"Medical Lake city, Washington",26,29,5,11,21,28,0,12,0,12
1600000US5344725,5344725,"Medina city, Washington",18,25,0,12,3,6,0,12,15,23
1600000US5345005,5345005,"Mercer Island city, Washington",152,108,39,37,73,72,0,22,40,51
1600000US5345180,5345180,"Mesa city, Washington",129,86,35,20,27,37,0,12,67,47
1600000US5345285,5345285,"Metaline town, Washington",0,12,0,12,0,12,0,12,0,12
1600000US5345320,5345320,"Metaline Falls town, Washington",0,12,0,12,0,12,0,12,0,12
1600000US5345355,5345355,"Methow CDP, Washington",0,12,0,12,0,12,0,12,0,12
1600000US5345495,5345495,"Midland CDP, Washington",1717,519,450,216,464,218,9,14,794,320
1600000US5345865,5345865,"Mill Creek city, Washington",162,94,20,36,0,19,11,19,131,95
1600000US5345870,5345870,"Mill Creek East CDP, Washington",93,85,12,19,29,50,0,22,52,41
1600000US5345985,5345985,"Millwood city, Washington",9,7,2,4,4,5,0,12,3,4
1600000US5346020,5346020,"Milton city, Washington",98,96,16,18,56,100,0,17,26,30
1600000US5346090,5346090,"Mineral CDP, Washington",0,12,0,12,0,12,0,12,0,12
1600000US5346125,5346125,"Minnehaha CDP, Washington",568,345,128,165,190,159,0,19,250,157
1600000US5346215,5346215,"Mirrormont CDP, Washington",0,12,0,12,0,12,0,12,0,12
1600000US5346405,5346405,"Moclips CDP, Washington",0,12,0,12,0,12,0,12,0,12
1600000US5346685,5346685,"Monroe city, Washington",1000,329,332,158,274,200,0,19,394,151
1600000US5346725,5346725,"Monroe North CDP, Washington",16,26,16,26,0,12,0,12,0,12
1600000US5346895,5346895,"Montesano city, Washington",0,12,0,12,0,12,0,12,0,12
1600000US5347175,5347175,"Morton city, Washington",15,20,0,12,0,12,0,12,15,20
1600000US5347245,5347245,"Moses Lake city, Washington",2615,862,977,358,787,354,0,22,851,403
1600000US5347280,5347280,"Moses Lake North CDP, Washington",1013,360,491,264,153,92,29,51,340,259
1600000US5347315,5347315,"Mossyrock city, Washington",26,27,0,12,0,12,0,12,26,27
1600000US5347490,5347490,"Mountlake Terrace city, Washington",518,279,207,115,27,32,54,79,230,143
1600000US5347560,5347560,"Mount Vernon city, Washington",6328,884,2252,476,910,278,22,33,3144,609
1600000US5347630,5347630,"Mount Vista CDP, Washington",39,60,20,31,19,30,0,17,0,17
1600000US5347665,5347665,"Moxee city, Washington",682,440,343,193,144,149,0,12,195,130
1600000US5347735,5347735,"Mukilteo city, Washington",426,413,158,190,85,74,0,22,183,222
1600000US5347805,5347805,"Naches town, Washington",15,18,14,18,0,12,0,12,1,5
1600000US5347980,5347980,"Napavine city, Washington",29,41,13,22,0,12,6,10,10,14
1600000US5348015,5348015,"Naselle CDP, Washington",0,12,0,12,0,12,0,12,0,12
1600000US5348225,5348225,"Navy Yard City CDP, Washington",49,65,0,12,49,65,0,12,0,12
1600000US5348295,5348295,"Neah Bay CDP, Washington",0,12,0,12,0,12,0,12,0,12
1600000US5348330,5348330,"Neilton CDP, Washington",0,12,0,12,0,12,0,12,0,12
1600000US5348540,5348540,"Nespelem town, Washington",0,12,0,12,0,12,0,12,0,12
1600000US5348550,5348550,"Nespelem Community CDP, Washington",3,5,3,5,0,12,0,12,0,12
1600000US5348645,5348645,"Newcastle city, Washington",107,87,24,38,38,39,0,19,45,44
1600000US5348820,5348820,"Newport city, Washington",14,19,8,12,2,4,0,12,4,7
1600000US5349030,5349030,"Nile CDP, Washington",0,12,0,12,0,12,0,12,0,12
1600000US5349193,5349193,"Nisqually Indian Community CDP, Washington",6,9,2,7,0,12,0,12,4,7
1600000US5349275,5349275,"Nooksack city, Washington",148,150,72,84,11,20,0,12,65,69
1600000US5349415,5349415,"Normandy Park city, Washington",38,49,28,45,0,17,0,17,10,18
1600000US5349485,5349485,"North Bend city, Washington",526,540,169,210,16,26,0,17,341,357
1600000US5349555,5349555,"North Bonneville city, Washington",4,7,0,12,0,12,0,12,4,7
1600000US5349765,5349765,"North Fort Lewis CDP, Washington",183,127,25,37,123,98,4,7,31,38
1600000US5349940,5349940,"North Lynnwood CDP, Washington",1126,678,364,300,221,241,32,38,509,292
1600000US5349992,5349992,"North Marysville CDP, Washington",0,12,0,12,0,12,0,12,0,12
1600000US5350007,5350007,"North Omak CDP, Washington",44,68,21,34,0,12,0,12,23,35
1600000US5350045,5350045,"Northport town, Washington",0,12,0,12,0,12,0,12,0,12
1600000US5350115,5350115,"North Puyallup CDP, Washington",49,39,12,19,23,26,0,12,14,21
1600000US5350183,5350183,"North Sultan CDP, Washington",0,12,0,12,0,12,0,12,0,12
1600000US5350195,5350195,"Northwest Stanwood CDP, Washington",0,12,0,12,0,12,0,12,0,12
1600000US5350210,5350210,"North Yelm CDP, Washington",20,34,0,12,0,12,0,12,20,34
1600000US5350325,5350325,"Oakesdale town, Washington",10,17,0,12,0,12,0,12,10,17
1600000US5350360,5350360,"Oak Harbor city, Washington",518,252,63,44,286,172,32,42,137,114
1600000US5350430,5350430,"Oakville city, Washington",0,12,0,12,0,12,0,12,0,12
1600000US5350500,5350500,"Ocean City CDP, Washington",0,12,0,12,0,12,0,12,0,12
1600000US5350535,5350535,"Ocean Park CDP, Washington",0,12,0,12,0,12,0,12,0,12
1600000US5350570,5350570,"Ocean Shores city, Washington",0,17,0,17,0,17,0,17,0,17
1600000US5350745,5350745,"Odessa town, Washington",26,33,0,12,26,33,0,12,0,12
1600000US5350920,5350920,"Okanogan city, Washington",239,184,119,90,18,24,0,12,102,102
1600000US5351300,5351300,"Olympia city, Washington",389,226,109,72,150,102,49,63,81,73
1600000US5351340,5351340,"Omak city, Washington",444,319,149,123,42,51,0,12,253,220
1600000US5351410,5351410,"Onalaska CDP, Washington",0,12,0,12,0,12,0,12,0,12
1600000US5351795,5351795,"Orchards CDP, Washington",913,377,259,129,275,144,7,16,372,212
1600000US5351830,5351830,"Orient CDP, Washington",0,12,0,12,0,12,0,12,0,12
1600000US5351970,5351970,"Oroville city, Washington",279,160,50,41,53,66,0,12,176,112
1600000US5352005,5352005,"Orting city, Washington",11,18,0,17,0,17,0,17,11,18
1600000US5352110,5352110,"Oso CDP, Washington",0,12,0,12,0,12,0,12,0,12
1600000US5352215,5352215,"Othello city, Washington",2071,596,1028,396,157,99,5,8,881,311
1600000US5352267,5352267,"Otis Orchards-East Farms CDP, Washington",13,21,0,17,0,17,0,17,13,21
1600000US5352285,5352285,"Outlook CDP, Washington",0,12,0,12,0,12,0,12,0,12
1600000US5352378,5352378,"Oyehut CDP, Washington",0,12,0,12,0,12,0,12,0,12
1600000US5352495,5352495,"Pacific city, Washington",356,309,99,103,113,136,0,17,144,153
1600000US5352530,5352530,"Pacific Beach CDP, Washington",0,12,0,12,0,12,0,12,0,12
1600000US5352600,5352600,"Packwood CDP, Washington",0,12,0,12,0,12,0,12,0,12
1600000US5352950,5352950,"Palouse city, Washington",4,6,4,6,0,12,0,12,0,12
1600000US5353265,5353265,"Parker CDP, Washington",0,12,0,12,0,12,0,12,0,12
1600000US5353335,5353335,"Parkland CDP, Washington",1475,412,499,173,345,124,12,18,619,251
1600000US5353440,5353440,"Parkwood CDP, Washington",39,45,39,45,0,17,0,17,0,17
1600000US5353545,5353545,"Pasco city, Washington",14183,1737,5881,1110,1322,337,100,94,6880,1111
1600000US5353720,5353720,"Pateros city, Washington",140,135,91,97,0,12,0,12,49,46
1600000US5353800,5353800,"Peaceful Valley CDP, Washington",211,267,115,150,82,121,0,12,14,21
1600000US5353930,5353930,"Pe Ell town, Washington",0,12,0,12,0,12,0,12,0,12
1600000US5354213,5354213,"Picnic Point CDP, Washington",67,60,8,13,23,25,0,17,36,53
1600000US5354405,5354405,"Pine Grove CDP, Washington",0,12,0,12,0,12,0,12,0,12
1600000US5355015,5355015,"Point Roberts CDP, Washington",4,8,0,12,0,12,4,8,0,12
1600000US5355120,5355120,"Pomeroy city, Washington",0,12,0,12,0,12,0,12,0,12
1600000US5355365,5355365,"Port Angeles city, Washington",194,122,64,82,45,45,0,19,85,56
1600000US5355400,5355400,"Port Angeles East CDP, Washington",17,26,17,26,0,12,0,12,0,12
1600000US5355540,5355540,"Porter CDP, Washington",0,12,0,12,0,12,0,12,0,12
1600000US5355612,5355612,"Port Gamble Tribal Community CDP, Washington",8,7,2,3,1,2,0,12,5,5
1600000US5355620,5355620,"Port Hadlock-Irondale CDP, Washington",52,49,0,12,0,12,0,12,52,49
1600000US5355645,5355645,"Port Ludlow CDP, Washington",0,12,0,12,0,12,0,12,0,12
1600000US5355785,5355785,"Port Orchard city, Washington",284,228,0,19,277,221,0,19,7,18
1600000US5355855,5355855,"Port Townsend city, Washington",0,17,0,17,0,17,0,17,0,17
1600000US5355995,5355995,"Poulsbo city, Washington",412,256,177,148,56,62,0,19,179,138
1600000US5356150,5356150,"Prairie Heights CDP, Washington",356,283,137,106,19,21,0,12,200,183
1600000US5356170,5356170,"Prairie Ridge CDP, Washington",44,47,0,19,44,47,0,19,0,19
1600000US5356240,5356240,"Prescott city, Washington",68,109,55,89,0,12,0,12,13,20
1600000US5356450,5356450,"Prosser city, Washington",868,409,510,277,67,78,0,17,291,202
1600000US5356555,5356555,"Puget Island CDP, Washington",0,12,0,12,0,12,0,12,0,12
1600000US5356625,5356625,"Pullman city, Washington",564,150,216,83,219,85,0,25,129,65
1600000US5356660,5356660,"Purdy CDP, Washington",40,64,22,36,18,29,0,12,0,12
1600000US5356695,5356695,"Puyallup city, Washington",833,509,55,56,341,333,0,25,437,293
1600000US5356905,5356905,"Queets CDP, Washington",0,12,0,12,0,12,0,12,0,12
1600000US5356975,5356975,"Quilcene CDP, Washington",0,12,0,12,0,12,0,12,0,12
1600000US5357030,5357030,"Qui-nai-elt Village CDP, Washington",3,4,0,12,0,12,0,12,3,4
1600000US5357115,5357115,"Quincy city, Washington",3790,703,1421,438,403,215,33,68,1933,486
1600000US5357140,5357140,"Raft Island CDP, Washington",0,12,0,12,0,12,0,12,0,12
1600000US5357220,5357220,"Rainier city, Washington",15,12,7,7,3,5,0,12,5,7
1600000US5357395,5357395,"Ravensdale CDP, Washington",0,12,0,12,0,12,0,12,0,12
1600000US5357430,5357430,"Raymond city, Washington",16,24,0,12,0,12,0,12,16,24
1600000US5357465,5357465,"Reardan town, Washington",0,12,0,12,0,12,0,12,0,12
1600000US5357535,5357535,"Redmond city, Washington",992,413,157,140,184,123,31,36,620,328
1600000US5357745,5357745,"Renton city, Washington",6961,1306,1750,450,836,258,108,92,4267,909
1600000US5357850,5357850,"Republic city, Washington",1,5,0,12,1,5,0,12,0,12
1600000US5358235,5358235,"Richland city, Washington",2561,641,1357,435,649,228,0,28,555,174
1600000US5358410,5358410,"Ridgefield city, Washington",0,17,0,17,0,17,0,17,0,17
1600000US5358725,5358725,"Ritzville city, Washington",65,47,33,35,18,17,0,12,14,15
1600000US5358742,5358742,"Riverbend CDP, Washington",0,12,0,12,0,12,0,12,0,12
1600000US5358777,5358777,"River Road CDP, Washington",44,69,20,33,0,12,0,12,24,38
1600000US5358795,5358795,"Riverside town, Washington",3,6,0,12,0,12,0,12,3,6
1600000US5359110,5359110,"Rochester CDP, Washington",0,12,0,12,0,12,0,12,0,12
1600000US5359145,5359145,"Rockford town, Washington",0,12,0,12,0,12,0,12,0,12
1600000US5359180,5359180,"Rock Island city, Washington",339,194,120,80,32,48,0,12,187,110
1600000US5359250,5359250,"Rockport CDP, Washington",0,12,0,12,0,12,0,12,0,12
1600000US5359390,5359390,"Rocky Point CDP, Washington",0,12,0,12,0,12,0,12,0,12
1600000US5359635,5359635,"Ronald CDP, Washington",0,12,0,12,0,12,0,12,0,12
1600000US5359705,5359705,"Roosevelt CDP, Washington",0,12,0,12,0,12,0,12,0,12
1600000US5359775,5359775,"Rosalia town, Washington",6,9,0,12,0,12,0,12,6,9
1600000US5359845,5359845,"Rosburg CDP, Washington",0,12,0,12,0,12,0,12,0,12
1600000US5359880,5359880,"Rosedale CDP, Washington",101,100,28,37,13,18,0,12,60,68
1600000US5360055,5360055,"Roslyn city, Washington",0,12,0,12,0,12,0,12,0,12
1600000US5360160,5360160,"Roy city, Washington",25,36,0,12,25,36,0,12,0,12
1600000US5360230,5360230,"Royal City city, Washington",1018,384,280,139,107,78,0,12,631,266
1600000US5360510,5360510,"Ruston town, Washington",5,7,4,5,0,12,1,4,0,12
1600000US5360580,5360580,"Ryderwood CDP, Washington",0,12,0,12,0,12,0,12,0,12
1600000US5360860,5360860,"St. John town, Washington",12,15,10,15,0,12,0,12,2,3
1600000US5361000,5361000,"Salmon Creek CDP, Washington",942,519,473,282,95,79,0,22,374,267
1600000US5361115,5361115,"Sammamish city, Washington",357,192,85,81,92,71,8,13,172,114
1600000US5361235,5361235,"Santiago CDP, Washington",0,12,0,12,0,12,0,12,0,12
1600000US5361350,5361350,"Satsop CDP, Washington",0,12,0,12,0,12,0,12,0,12
1600000US5362120,5362120,"Seabeck CDP, Washington",31,46,0,12,31,46,0,12,0,12
1600000US5362288,5362288,"SeaTac city, Washington",2015,561,563,214,317,170,0,22,1135,352
1600000US5363000,5363000,"Seattle city, Washington",15155,1573,3883,651,3408,563,393,135,7471,1119
1600000US5363210,5363210,"Sedro-Woolley city, Washington",551,269,214,150,25,31,0,19,312,164
1600000US5363245,5363245,"Sekiu CDP, Washington",0,12,0,12,0,12,0,12,0,12
1600000US5363280,5363280,"Selah city, Washington",128,111,42,56,9,16,0,17,77,88
1600000US5363385,5363385,"Sequim city, Washington",331,269,214,266,78,87,9,15,30,27
1600000US5363545,5363545,"Shadow Lake CDP, Washington",32,41,10,16,22,37,0,12,0,12
1600000US5363735,5363735,"Shelton city, Washington",1048,530,298,153,47,44,7,12,696,414
1600000US5363960,5363960,"Shoreline city, Washington",1902,657,372,159,366,184,0,28,1164,473
1600000US5364190,5364190,"Silvana CDP, Washington",0,12,0,12,0,12,0,12,0,12
1600000US5364365,5364365,"Silverdale CDP, Washington",557,311,128,196,182,142,40,50,207,150
1600000US5364380,5364380,"Silver Firs CDP, Washington",296,165,122,80,104,73,0,22,70,48
1600000US5364610,5364610,"Sisco Heights CDP, Washington",0,12,0,12,0,12,0,12,0,12
1600000US5364755,5364755,"Skamokawa Valley CDP, Washington",0,12,0,12,0,12,0,12,0,12
1600000US5364775,5364775,"Skokomish CDP, Washington",2,3,0,12,2,3,0,12,0,12
1600000US5364855,5364855,"Skykomish town, Washington",0,12,0,12,0,12,0,12,0,12
1600000US5365170,5365170,"Snohomish city, Washington",407,385,147,144,54,73,0,17,206,250
1600000US5365205,5365205,"Snoqualmie city, Washington",59,92,30,46,14,23,0,19,15,24
1600000US5365275,5365275,"Snoqualmie Pass CDP, Washington",7,5,0,12,6,5,0,12,1,4
1600000US5365345,5365345,"Soap Lake city, Washington",284,197,75,83,99,83,0,12,110,90
1600000US5365625,5365625,"South Bend city, Washington",95,85,39,42,0,12,0,12,56,59
1600000US5365765,5365765,"South Cle Elum town, Washington",37,58,15,23,0,12,0,12,22,35
1600000US5365810,5365810,"South Creek CDP, Washington",0,12,0,12,0,12,0,12,0,12
1600000US5365922,5365922,"South Hill CDP, Washington",1475,527,583,295,389,168,63,76,440,244
1600000US5366045,5366045,"South Prairie town, Washington",0,12,0,12,0,12,0,12,0,12
1600000US5366185,5366185,"South Wenatchee CDP, Washington",11,32,0,12,0,12,0,12,11,32
1600000US5366220,5366220,"Southworth CDP, Washington",2,4,0,12,2,4,0,12,0,12
1600000US5366255,5366255,"Spanaway CDP, Washington",671,325,263,185,185,82,26,40,197,129
1600000US5366290,5366290,"Spangle city, Washington",0,12,0,12,0,12,0,12,0,12
1600000US5367000,5367000,"Spokane city, Washington",2590,581,1081,305,927,311,74,53,508,193
1600000US5367167,5367167,"Spokane Valley city, Washington",1608,622,415,249,506,228,33,36,654,330
1600000US5367175,5367175,"Sprague city, Washington",4,7,0,12,4,7,0,12,0,12
1600000US5367210,5367210,"Springdale town, Washington",0,12,0,12,0,12,0,12,0,12
1600000US5367435,5367435,"Stansberry Lake CDP, Washington",42,49,0,12,42,49,0,12,0,12
1600000US5367455,5367455,"Stanwood city, Washington",21,33,0,17,0,17,0,17,21,33
1600000US5367490,5367490,"Starbuck town, Washington",3,4,0,12,3,4,0,12,0,12
1600000US5367595,5367595,"Startup CDP, Washington",0,12,0,12,0,12,0,12,0,12
1600000US5367770,5367770,"Steilacoom town, Washington",45,36,7,11,0,17,24,25,14,18
1600000US5367805,5367805,"Steptoe CDP, Washington",0,12,0,12,0,12,0,12,0,12
1600000US5367875,5367875,"Stevenson city, Washington",6,10,6,10,0,12,0,12,0,12
1600000US5368200,5368200,"Sudden Valley CDP, Washington",172,165,85,136,87,103,0,17,0,17
1600000US5368260,5368260,"Sultan city, Washington",270,158,62,50,63,67,0,12,145,123
1600000US5368330,5368330,"Sumas city, Washington",78,78,64,68,3,6,0,12,11,12
1600000US5368365,5368365,"Summit CDP, Washington",129,123,28,36,60,65,34,57,7,10
1600000US5368410,5368410,"Summit View CDP, Washington",41,37,0,17,41,37,0,17,0,17
1600000US5368417,5368417,"Summitview CDP, Washington",0,12,0,12,0,12,0,12,0,12
1600000US5368435,5368435,"Sumner city, Washington",374,371,154,147,137,217,0,17,83,73
1600000US5368480,5368480,"Sunday Lake CDP, Washington",0,12,0,12,0,12,0,12,0,12
1600000US5368750,5368750,"Sunnyside city, Washington",1464,584,858,436,259,125,9,22,338,195
1600000US5368785,5368785,"Sunnyslope CDP, Washington",12,18,0,12,11,18,0,12,1,5
1600000US5369170,5369170,"Suquamish CDP, Washington",79,40,20,11,22,17,6,7,31,21
1600000US5369280,5369280,"Swede Heaven CDP, Washington",9,14,0,12,0,12,0,12,9,14
1600000US5370000,5370000,"Tacoma city, Washington",8862,1240,3088,719,2260,546,334,134,3180,611
1600000US5370175,5370175,"Taholah CDP, Washington",0,12,0,12,0,12,0,12,0,12
1600000US5370245,5370245,"Tampico CDP, Washington",0,12,0,12,0,12,0,12,0,12
1600000US5370280,5370280,"Tanglewilde CDP, Washington",118,86,13,22,73,45,22,35,10,16
1600000US5370315,5370315,"Tanner CDP, Washington",0,12,0,12,0,12,0,12,0,12
1600000US5370560,5370560,"Tekoa city, Washington",57,53,17,26,27,31,0,12,13,20
1600000US5370630,5370630,"Tenino city, Washington",4,9,0,12,0,12,0,12,4,9
1600000US5370805,5370805,"Terrace Heights CDP, Washington",680,363,532,296,134,131,1,2,13,20
1600000US5371225,5371225,"Thorp CDP, Washington",0,12,0,12,0,12,0,12,0,12
1600000US5371330,5371330,"Three Lakes CDP, Washington",0,12,0,12,0,12,0,12,0,12
1600000US5371400,5371400,"Tieton city, Washington",449,222,167,110,33,30,7,11,242,136
1600000US5371680,5371680,"Tokeland CDP, Washington",0,12,0,12,0,12,0,12,0,12
1600000US5371785,5371785,"Toledo city, Washington",13,22,0,12,0,12,0,12,13,22
1600000US5371890,5371890,"Tonasket city, Washington",8,14,0,12,0,12,0,12,8,14
1600000US5371960,5371960,"Toppenish city, Washington",1202,332,580,194,159,97,0,17,463,156
1600000US5371995,5371995,"Torboy CDP, Washington",0,12,0,12,0,12,0,12,0,12
1600000US5372030,5372030,"Touchet CDP, Washington",76,73,24,27,22,19,0,12,30,31
1600000US5372170,5372170,"Town and Country CDP, Washington",3,9,0,17,0,17,0,17,3,9
1600000US5372205,5372205,"Tracyton CDP, Washington",122,97,31,29,7,13,0,17,84,86
1600000US5372450,5372450,"Trout Lake CDP, Washington",7,11,0,12,7,11,0,12,0,12
1600000US5372625,5372625,"Tukwila city, Washington",1575,490,342,172,253,203,0,22,980,335
1600000US5372905,5372905,"Tumwater city, Washington",202,122,58,44,92,96,12,20,40,55
1600000US5373065,5373065,"Twin Lakes CDP, Washington",0,12,0,12,0,12,0,12,0,12
1600000US5373080,5373080,"Twisp town, Washington",90,107,39,54,0,12,0,12,51,57
1600000US5373255,5373255,"Union CDP, Washington",0,12,0,12,0,12,0,12,0,12
1600000US5373290,5373290,"Union Gap city, Washington",1475,457,644,268,135,87,0,17,696,262
1600000US5373307,5373307,"Union Hill-Novelty Hill CDP, Washington",60,64,0,22,0,22,15,25,45,51
1600000US5373360,5373360,"Uniontown town, Washington",0,12,0,12,0,12,0,12,0,12
1600000US5373465,5373465,"University Place city, Washington",781,356,299,188,212,130,31,32,239,131
1600000US5373580,5373580,"Upper Elochoman CDP, Washington",0,12,0,12,0,12,0,12,0,12
1600000US5373780,5373780,"Vader city, Washington",0,12,0,12,0,12,0,12,0,12
1600000US5373885,5373885,"Valley CDP, Washington",0,12,0,12,0,12,0,12,0,12
1600000US5374060,5374060,"Vancouver city, Washington",7820,1034,1902,381,2015,419,11,16,3892,604
1600000US5374200,5374200,"Vantage CDP, Washington",0,12,0,12,0,12,0,12,0,12
1600000US5374305,5374305,"Vashon CDP, Washington",35,48,0,17,34,48,0,17,1,3
1600000US5374445,5374445,"Vaughn CDP, Washington",1,2,1,2,0,12,0,12,0,12
1600000US5374585,5374585,"Venersborg CDP, Washington",0,12,0,12,0,12,0,12,0,12
1600000US5374760,5374760,"Verlot CDP, Washington",0,12,0,12,0,12,0,12,0,12
1600000US5375565,5375565,"Waitsburg city, Washington",22,32,17,25,0,12,0,12,5,8
1600000US5375775,5375775,"Walla Walla city, Washington",2073,468,854,268,319,123,23,32,877,274
1600000US5375810,5375810,"Walla Walla East CDP, Washington",0,12,0,12,0,12,0,12,0,12
1600000US5375905,5375905,"Waller CDP, Washington",125,122,47,66,10,15,0,17,68,65
1600000US5375985,5375985,"Wallula CDP, Washington",132,192,0,12,73,107,0,12,59,86
1600000US5376055,5376055,"Walnut Grove CDP, Washington",206,251,12,20,119,189,0,17,75,76
1600000US5376125,5376125,"Wapato city, Washington",814,231,340,163,131,63,0,17,343,116
1600000US5376160,5376160,"Warden city, Washington",1403,224,609,133,151,64,53,49,590,142
1600000US5376195,5376195,"Warm Beach CDP, Washington",0,12,0,12,0,12,0,12,0,12
1600000US5376405,5376405,"Washougal city, Washington",239,172,164,143,27,34,0,19,48,44
1600000US5376440,5376440,"Washtucna town, Washington",0,12,0,12,0,12,0,12,0,12
1600000US5376510,5376510,"Waterville town, Washington",0,12,0,12,0,12,0,12,0,12
1600000US5376615,5376615,"Wauna CDP, Washington",31,34,0,12,31,34,0,12,0,12
1600000US5376720,5376720,"Waverly town, Washington",0,12,0,12,0,12,0,12,0,12
1600000US5377105,5377105,"Wenatchee city, Washington",2408,741,907,396,258,241,47,83,1196,459
1600000US5377297,5377297,"West Clarkston-Highland CDP, Washington",0,17,0,17,0,17,0,17,0,17
1600000US5377612,5377612,"West Pasco CDP, Washington",41,51,0,12,22,26,0,12,19,29
1600000US5377630,5377630,"Westport city, Washington",0,12,0,12,0,12,0,12,0,12
1600000US5377665,5377665,"West Richland city, Washington",614,285,354,201,64,53,34,45,162,114
1600000US5377745,5377745,"West Side Highway CDP, Washington",70,82,21,35,0,17,0,17,49,61
1600000US5378155,5378155,"Whidbey Island Station CDP, Washington",71,52,0,12,71,52,0,12,0,12
1600000US5378225,5378225,"White Center CDP, Washington",1531,465,389,178,187,139,0,19,955,308
1600000US5378330,5378330,"White Salmon city, Washington",0,12,0,12,0,12,0,12,0,12
1600000US5378365,5378365,"White Swan CDP, Washington",0,12,0,12,0,12,0,12,0,12
1600000US5378680,5378680,"Wilbur town, Washington",3,4,0,12,3,4,0,12,0,12
1600000US5378780,5378780,"Wilderness Rim CDP, Washington",14,25,0,12,14,25,0,12,0,12
1600000US5378925,5378925,"Wilkeson town, Washington",0,12,0,12,0,12,0,12,0,12
1600000US5378995,5378995,"Willapa CDP, Washington",0,12,0,12,0,12,0,12,0,12
1600000US5379135,5379135,"Wilson Creek town, Washington",15,22,4,8,7,9,0,12,4,7
1600000US5379275,5379275,"Winlock city, Washington",216,169,68,58,10,17,0,12,138,110
1600000US5379380,5379380,"Winthrop town, Washington",26,45,5,8,0,12,0,12,21,37
1600000US5379485,5379485,"Wishram CDP, Washington",0,12,0,12,0,12,0,12,0,12
1600000US5379555,5379555,"Wollochet CDP, Washington",15,25,0,17,15,25,0,17,0,17
1600000US5379590,5379590,"Woodinville city, Washington",57,44,0,19,56,43,0,19,1,3
1600000US5379625,5379625,"Woodland city, Washington",198,253,66,93,32,47,0,17,100,126
1600000US5379825,5379825,"Woods Creek CDP, Washington",37,32,9,13,27,25,0,17,1,2
1600000US5379835,5379835,"Woodway city, Washington",2,4,0,12,2,4,0,12,0,12
1600000US5379975,5379975,"Yacolt town, Washington",0,12,0,12,0,12,0,12,0,12
1600000US5380010,5380010,"Yakima city, Washington",15814,1704,7743,1058,2049,571,179,99,5843,672
1600000US5380150,5380150,"Yarrow Point town, Washington",4,4,0,12,0,12,2,3,2,4
1600000US5380220,5380220,"Yelm city, Washington",320,285,0,17,214,201,84,99,22,29
1600000US5380500,5380500,"Zillah city, Washington",108,72,54,44,0,12,0,12,54,51
