GEO.id,GEO.id2,GEO.display-label,GCT_STUB.target-geo-id,GCT_STUB.target-geo-id2,GCT_STUB.display-label,GCT_STUB.display-label,HC01,HC02,HC04,HC05,HC06,HC08,HC09
Id,Id2,Geography,Target Geo Id,Target Geo Id2,Geographical Area,Geographical Area,Population,Housing  units,Area in square miles - Total area,Area in square miles - Water area,Area in square miles - Land area,Density per square mile of land area - Population,Density per square mile of land area - Housing  units
0500000US53033,53033,"King County, Washington",0500000US53033,53033,King County,King County,1737034,742237,2306.53,180.48,2126.04,817.0,349.1
0500000US53033,53033,"King County, Washington",0600000US5303390112,5303390112,King County - COUNTY SUBDIVISION AND PLACE - Auburn CCD,Auburn CCD,156160,61511,65.94,10.26,55.68,2804.5,1104.7
0500000US53033,53033,"King County, Washington",0700000US530339011201290,530339011201290,King County - COUNTY SUBDIVISION AND PLACE - Auburn CCD - Algona city,Algona city,2460,878,1.35,0.00,1.35,1827.6,652.3
0500000US53033,53033,"King County, Washington",0700000US530339011203180,530339011203180,King County - COUNTY SUBDIVISION AND PLACE - Auburn CCD - Auburn city (part),Auburn city (part),39163,16373,19.25,0.01,19.24,2035.3,850.9
0500000US53033,53033,"King County, Washington",0700000US530339011217635,530339011217635,King County - COUNTY SUBDIVISION AND PLACE - Auburn CCD - Des Moines city (part),Des Moines city (part),3498,1434,1.16,0.00,1.16,3014.0,1235.6
0500000US53033,53033,"King County, Washington",0700000US530339011223515,530339011223515,King County - COUNTY SUBDIVISION AND PLACE - Auburn CCD - Federal Way city,Federal Way city,83259,32581,21.15,0.13,21.03,3959.4,1549.4
0500000US53033,53033,"King County, Washington",0700000US530339011235415,530339011235415,King County - COUNTY SUBDIVISION AND PLACE - Auburn CCD - Kent city (part),Kent city (part),891,491,0.41,0.00,0.41,2186.2,1204.7
0500000US53033,53033,"King County, Washington",0700000US530339011237420,530339011237420,King County - COUNTY SUBDIVISION AND PLACE - Auburn CCD - Lakeland North CDP (part),Lakeland North CDP (part),8215,2730,3.33,0.09,3.24,2535.4,842.6
0500000US53033,53033,"King County, Washington",0700000US530339011237430,530339011237430,King County - COUNTY SUBDIVISION AND PLACE - Auburn CCD - Lakeland South CDP,Lakeland South CDP,11436,4241,5.54,0.13,5.41,2113.2,783.7
0500000US53033,53033,"King County, Washington",0700000US530339011246020,530339011246020,King County - COUNTY SUBDIVISION AND PLACE - Auburn CCD - Milton city (part),Milton city (part),814,330,0.51,0.00,0.51,1582.4,641.5
0500000US53033,53033,"King County, Washington",0700000US530339011252495,530339011252495,King County - COUNTY SUBDIVISION AND PLACE - Auburn CCD - Pacific city (part),Pacific city (part),5373,2025,1.92,0.00,1.92,2798.1,1054.6
0500000US53033,53033,"King County, Washington",0700000US530339011299999,530339011299999,King County - COUNTY SUBDIVISION AND PLACE - Auburn CCD - Remainder of Auburn CCD,Remainder of Auburn CCD,1051,428,11.32,9.91,1.41,744.2,303.1
0500000US53033,53033,"King County, Washington",0600000US5303390928,5303390928,King County - COUNTY SUBDIVISION AND PLACE - East Seattle CCD,East Seattle CCD,480100,199949,242.67,25.55,217.12,2211.3,920.9
0500000US53033,53033,"King County, Washington",0700000US530339092801920,530339092801920,King County - COUNTY SUBDIVISION AND PLACE - East Seattle CCD - Ames Lake CDP,Ames Lake CDP,1435,533,1.80,0.12,1.68,854.0,317.2
0500000US53033,53033,"King County, Washington",0700000US530339092804895,530339092804895,King County - COUNTY SUBDIVISION AND PLACE - East Seattle CCD - Beaux Arts Village town,Beaux Arts Village town,307,124,0.18,0.08,0.09,3281.9,1325.6
0500000US53033,53033,"King County, Washington",0700000US530339092805210,530339092805210,King County - COUNTY SUBDIVISION AND PLACE - East Seattle CCD - Bellevue city,Bellevue city,109569,48396,33.90,3.15,30.75,3563.6,1574.0
0500000US53033,53033,"King County, Washington",0700000US530339092807380,530339092807380,King County - COUNTY SUBDIVISION AND PLACE - East Seattle CCD - Bothell city (part),Bothell city (part),16185,6982,5.70,0.00,5.70,2838.4,1224.4
0500000US53033,53033,"King County, Washington",0700000US530339092808552,530339092808552,King County - COUNTY SUBDIVISION AND PLACE - East Seattle CCD - Bryn Mawr-Skyway CDP (part),Bryn Mawr-Skyway CDP (part),2812,1302,0.72,0.17,0.55,5124.3,2372.6
0500000US53033,53033,"King County, Washington",0700000US530339092810372,530339092810372,King County - COUNTY SUBDIVISION AND PLACE - East Seattle CCD - Cascade-Fairwood CDP (part),Cascade-Fairwood CDP (part),25754,10134,6.35,0.00,6.35,4056.5,1596.2
0500000US53033,53033,"King County, Washington",0700000US530339092813365,530339092813365,King County - COUNTY SUBDIVISION AND PLACE - East Seattle CCD - Clyde Hill city,Clyde Hill city,2890,1076,1.06,0.00,1.06,2732.2,1017.2
0500000US53033,53033,"King County, Washington",0700000US530339092814940,530339092814940,King County - COUNTY SUBDIVISION AND PLACE - East Seattle CCD - Cottage Lake CDP,Cottage Lake CDP,24330,7916,22.95,0.14,22.81,1066.5,347.0
0500000US53033,53033,"King County, Washington",0700000US530339092819420,530339092819420,King County - COUNTY SUBDIVISION AND PLACE - East Seattle CCD - Eastgate CDP,Eastgate CDP,4558,1743,1.26,0.00,1.26,3629.7,1388.0
0500000US53033,53033,"King County, Washington",0700000US530339092819857,530339092819857,King County - COUNTY SUBDIVISION AND PLACE - East Seattle CCD - East Renton Highlands CDP,East Renton Highlands CDP,13264,4760,12.66,0.09,12.57,1055.1,378.6
0500000US53033,53033,"King County, Washington",0700000US530339092832755,530339092832755,King County - COUNTY SUBDIVISION AND PLACE - East Seattle CCD - Hunts Point town,Hunts Point town,443,186,0.30,0.01,0.29,1516.6,636.8
0500000US53033,53033,"King County, Washington",0700000US530339092833380,530339092833380,King County - COUNTY SUBDIVISION AND PLACE - East Seattle CCD - Inglewood-Finn Hill CDP,Inglewood-Finn Hill CDP,22661,8553,7.96,2.18,5.78,3922.6,1480.5
0500000US53033,53033,"King County, Washington",0700000US530339092833805,530339092833805,King County - COUNTY SUBDIVISION AND PLACE - East Seattle CCD - Issaquah city (part),Issaquah city (part),1569,683,1.75,0.00,1.74,899.5,391.6
0500000US53033,53033,"King County, Washington",0700000US530339092835170,530339092835170,King County - COUNTY SUBDIVISION AND PLACE - East Seattle CCD - Kenmore city (part),Kenmore city (part),17789,7224,5.98,0.07,5.90,3014.1,1224.0
0500000US53033,53033,"King County, Washington",0700000US530339092835835,530339092835835,King County - COUNTY SUBDIVISION AND PLACE - East Seattle CCD - Kingsgate CDP,Kingsgate CDP,12222,4424,2.33,0.00,2.33,5255.7,1902.4
0500000US53033,53033,"King County, Washington",0700000US530339092835940,530339092835940,King County - COUNTY SUBDIVISION AND PLACE - East Seattle CCD - Kirkland city,Kirkland city,45054,21831,11.01,0.33,10.68,4220.3,2045.0
0500000US53033,53033,"King County, Washington",0700000US530339092843062,530339092843062,King County - COUNTY SUBDIVISION AND PLACE - East Seattle CCD - Maple Heights-Lake Desire CDP,Maple Heights-Lake Desire CDP,2569,922,4.30,0.22,4.08,630.0,226.1
0500000US53033,53033,"King County, Washington",0700000US530339092844725,530339092844725,King County - COUNTY SUBDIVISION AND PLACE - East Seattle CCD - Medina city,Medina city,3011,1165,4.79,3.35,1.43,2102.3,813.4
0500000US53033,53033,"King County, Washington",0700000US530339092845005,530339092845005,King County - COUNTY SUBDIVISION AND PLACE - East Seattle CCD - Mercer Island city,Mercer Island city,22036,8806,13.11,6.73,6.38,3452.0,1379.5
0500000US53033,53033,"King County, Washington",0700000US530339092848645,530339092848645,King County - COUNTY SUBDIVISION AND PLACE - East Seattle CCD - Newcastle city,Newcastle city,7737,3117,4.48,0.01,4.47,1731.5,697.6
0500000US53033,53033,"King County, Washington",0700000US530339092857535,530339092857535,King County - COUNTY SUBDIVISION AND PLACE - East Seattle CCD - Redmond city,Redmond city,45256,20248,16.56,0.67,15.89,2848.8,1274.6
0500000US53033,53033,"King County, Washington",0700000US530339092857745,530339092857745,King County - COUNTY SUBDIVISION AND PLACE - East Seattle CCD - Renton city (part),Renton city (part),48789,22068,13.69,0.28,13.42,3635.9,1644.6
0500000US53033,53033,"King County, Washington",0700000US530339092861115,530339092861115,King County - COUNTY SUBDIVISION AND PLACE - East Seattle CCD - Sammamish city (part),Sammamish city (part),15179,5071,5.26,0.00,5.26,2886.9,964.4
0500000US53033,53033,"King County, Washington",0700000US530339092873307,530339092873307,King County - COUNTY SUBDIVISION AND PLACE - East Seattle CCD - Union Hill-Novelty Hill CDP,Union Hill-Novelty Hill CDP,11265,3677,24.39,0.06,24.34,462.9,151.1
0500000US53033,53033,"King County, Washington",0700000US530339092877535,530339092877535,King County - COUNTY SUBDIVISION AND PLACE - East Seattle CCD - West Lake Sammamish CDP,West Lake Sammamish CDP,5937,2229,3.43,2.02,1.41,4203.1,1578.0
0500000US53033,53033,"King County, Washington",0700000US530339092879590,530339092879590,King County - COUNTY SUBDIVISION AND PLACE - East Seattle CCD - Woodinville city,Woodinville city,9194,3592,5.66,0.02,5.64,1630.0,636.8
0500000US53033,53033,"King County, Washington",0700000US530339092880150,530339092880150,King County - COUNTY SUBDIVISION AND PLACE - East Seattle CCD - Yarrow Point town,Yarrow Point town,1008,393,0.37,0.00,0.37,2720.3,1060.6
0500000US53033,53033,"King County, Washington",0700000US530339092899999,530339092899999,King County - COUNTY SUBDIVISION AND PLACE - East Seattle CCD - Remainder of East Seattle CCD,Remainder of East Seattle CCD,7277,2794,30.74,5.85,24.90,292.3,112.2
0500000US53033,53033,"King County, Washington",0600000US5303391056,5303391056,King County - COUNTY SUBDIVISION AND PLACE - Enumclaw Plateau CCD,Enumclaw Plateau CCD,53853,19537,562.72,3.62,559.10,96.3,34.9
0500000US53033,53033,"King County, Washington",0700000US530339105603180,530339105603180,King County - COUNTY SUBDIVISION AND PLACE - Enumclaw Plateau CCD - Auburn city (part),Auburn city (part),991,320,0.89,0.00,0.89,1115.3,360.2
0500000US53033,53033,"King County, Washington",0700000US530339105606330,530339105606330,King County - COUNTY SUBDIVISION AND PLACE - Enumclaw Plateau CCD - Black Diamond city,Black Diamond city,3970,1538,5.88,0.51,5.37,739.5,286.5
0500000US53033,53033,"King County, Washington",0700000US530339105622045,530339105622045,King County - COUNTY SUBDIVISION AND PLACE - Enumclaw Plateau CCD - Enumclaw city (part),Enumclaw city (part),11116,4456,3.88,0.00,3.88,2864.9,1148.4
0500000US53033,53033,"King County, Washington",0700000US530339105635415,530339105635415,King County - COUNTY SUBDIVISION AND PLACE - Enumclaw Plateau CCD - Kent city (part),Kent city (part),0,0,0.12,0.00,0.12,0.0,0.0
0500000US53033,53033,"King County, Washington",0700000US530339105637567,530339105637567,King County - COUNTY SUBDIVISION AND PLACE - Enumclaw Plateau CCD - Lake Morton-Berrydale CDP (part),Lake Morton-Berrydale CDP (part),6527,2266,9.61,0.12,9.50,687.1,238.6
0500000US53033,53033,"King County, Washington",0700000US530339105638815,530339105638815,King County - COUNTY SUBDIVISION AND PLACE - Enumclaw Plateau CCD - Lea Hill CDP (part),Lea Hill CDP (part),8187,2862,3.65,0.00,3.65,2241.4,783.5
0500000US53033,53033,"King County, Washington",0700000US530339105643150,530339105643150,King County - COUNTY SUBDIVISION AND PLACE - Enumclaw Plateau CCD - Maple Valley city (part),Maple Valley city (part),2525,813,1.35,0.00,1.35,1870.2,602.2
0500000US53033,53033,"King County, Washington",0700000US530339105657395,530339105657395,King County - COUNTY SUBDIVISION AND PLACE - Enumclaw Plateau CCD - Ravensdale CDP,Ravensdale CDP,816,321,5.13,0.11,5.03,162.3,63.8
0500000US53033,53033,"King County, Washington",0700000US530339105699999,530339105699999,King County - COUNTY SUBDIVISION AND PLACE - Enumclaw Plateau CCD - Remainder of Enumclaw Plateau CCD,Remainder of Enumclaw Plateau CCD,19721,6961,532.20,2.88,529.32,37.3,13.2
0500000US53033,53033,"King County, Washington",0600000US5303391392,5303391392,King County - COUNTY SUBDIVISION AND PLACE - Issaquah Plateau CCD,Issaquah Plateau CCD,50237,19437,82.47,2.59,79.88,628.9,243.3
0500000US53033,53033,"King County, Washington",0700000US530339139231495,530339139231495,King County - COUNTY SUBDIVISION AND PLACE - Issaquah Plateau CCD - Hobart CDP (part),Hobart CDP (part),40,16,0.19,0.00,0.19,215.9,86.3
0500000US53033,53033,"King County, Washington",0700000US530339139233805,530339139233805,King County - COUNTY SUBDIVISION AND PLACE - Issaquah Plateau CCD - Issaquah city (part),Issaquah city (part),9643,4512,6.71,0.03,6.68,1443.6,675.5
0500000US53033,53033,"King County, Washington",0700000US530339139246215,530339139246215,King County - COUNTY SUBDIVISION AND PLACE - Issaquah Plateau CCD - Mirrormont CDP (part),Mirrormont CDP (part),3179,1146,7.97,0.00,7.97,398.9,143.8
0500000US53033,53033,"King County, Washington",0700000US530339139261115,530339139261115,King County - COUNTY SUBDIVISION AND PLACE - Issaquah Plateau CCD - Sammamish city (part),Sammamish city (part),18925,6528,13.05,0.25,12.80,1478.9,510.1
0500000US53033,53033,"King County, Washington",0700000US530339139299999,530339139299999,King County - COUNTY SUBDIVISION AND PLACE - Issaquah Plateau CCD - Remainder of Issaquah Plateau CCD,Remainder of Issaquah Plateau CCD,18450,7235,54.56,2.32,52.25,353.1,138.5
0500000US53033,53033,"King County, Washington",0600000US5303392928,5303392928,King County - COUNTY SUBDIVISION AND PLACE - Seattle CCD,Seattle CCD,896887,404236,266.85,79.44,187.41,4785.7,2157.0
0500000US53033,53033,"King County, Washington",0700000US530339292803180,530339292803180,King County - COUNTY SUBDIVISION AND PLACE - Seattle CCD - Auburn city (part),Auburn city (part),14,4,0.55,0.00,0.55,25.5,7.3
0500000US53033,53033,"King County, Washington",0700000US530339292808552,530339292808552,King County - COUNTY SUBDIVISION AND PLACE - Seattle CCD - Bryn Mawr-Skyway CDP (part),Bryn Mawr-Skyway CDP (part),11165,4483,2.62,0.00,2.62,4258.2,1709.8
0500000US53033,53033,"King County, Washington",0700000US530339292808850,530339292808850,King County - COUNTY SUBDIVISION AND PLACE - Seattle CCD - Burien city,Burien city,31881,13898,13.22,5.79,7.44,4287.0,1868.9
0500000US53033,53033,"King County, Washington",0700000US530339292810372,530339292810372,King County - COUNTY SUBDIVISION AND PLACE - Seattle CCD - Cascade-Fairwood CDP (part),Cascade-Fairwood CDP (part),8826,3322,2.52,0.00,2.52,3500.9,1317.7
0500000US53033,53033,"King County, Washington",0700000US530339292817635,530339292817635,King County - COUNTY SUBDIVISION AND PLACE - Seattle CCD - Des Moines city (part),Des Moines city (part),25769,10343,5.18,0.00,5.18,4975.6,1997.1
0500000US53033,53033,"King County, Washington",0700000US530339292819515,530339292819515,King County - COUNTY SUBDIVISION AND PLACE - Seattle CCD - East Hill-Meridian CDP (part),East Hill-Meridian CDP (part),27787,9553,6.59,0.04,6.55,4244.9,1459.4
0500000US53033,53033,"King County, Washington",0700000US530339292835170,530339292835170,King County - COUNTY SUBDIVISION AND PLACE - Seattle CCD - Kenmore city (part),Kenmore city (part),889,338,0.29,0.02,0.27,3353.5,1275.0
0500000US53033,53033,"King County, Washington",0700000US530339292835415,530339292835415,King County - COUNTY SUBDIVISION AND PLACE - Seattle CCD - Kent city (part),Kent city (part),67887,28034,23.71,0.02,23.69,2865.5,1183.3
0500000US53033,53033,"King County, Washington",0700000US530339292837270,530339292837270,King County - COUNTY SUBDIVISION AND PLACE - Seattle CCD - Lake Forest Park city,Lake Forest Park city,13142,5168,3.66,0.12,3.54,3716.2,1461.4
0500000US53033,53033,"King County, Washington",0700000US530339292837420,530339292837420,King County - COUNTY SUBDIVISION AND PLACE - Seattle CCD - Lakeland North CDP (part),Lakeland North CDP (part),6870,2337,2.12,0.05,2.07,3320.5,1129.6
0500000US53033,53033,"King County, Washington",0700000US530339292838815,530339292838815,King County - COUNTY SUBDIVISION AND PLACE - Seattle CCD - Lea Hill CDP (part),Lea Hill CDP (part),2684,892,2.21,0.00,2.21,1215.7,404.0
0500000US53033,53033,"King County, Washington",0700000US530339292849415,530339292849415,King County - COUNTY SUBDIVISION AND PLACE - Seattle CCD - Normandy Park city,Normandy Park city,6392,2670,6.62,4.16,2.46,2597.3,1084.9
0500000US53033,53033,"King County, Washington",0700000US530339292857745,530339292857745,King County - COUNTY SUBDIVISION AND PLACE - Seattle CCD - Renton city (part),Renton city (part),1263,608,3.61,0.00,3.61,350.1,168.5
0500000US53033,53033,"King County, Washington",0700000US530339292858878,530339292858878,King County - COUNTY SUBDIVISION AND PLACE - Seattle CCD - Riverton-Boulevard Park CDP,Riverton-Boulevard Park CDP,11188,4662,2.79,0.06,2.73,4104.5,1710.3
0500000US53033,53033,"King County, Washington",0700000US530339292862288,530339292862288,King County - COUNTY SUBDIVISION AND PLACE - Seattle CCD - SeaTac city,SeaTac city,25496,10176,10.13,0.17,9.96,2558.8,1021.3
0500000US53033,53033,"King County, Washington",0700000US530339292863000,530339292863000,King County - COUNTY SUBDIVISION AND PLACE - Seattle CCD - Seattle city,Seattle city,563374,270524,142.54,58.67,83.87,6717.0,3225.4
0500000US53033,53033,"King County, Washington",0700000US530339292863960,530339292863960,King County - COUNTY SUBDIVISION AND PLACE - Seattle CCD - Shoreline city,Shoreline city,53025,21338,11.69,0.02,11.66,4546.0,1829.4
0500000US53033,53033,"King County, Washington",0700000US530339292872625,530339292872625,King County - COUNTY SUBDIVISION AND PLACE - Seattle CCD - Tukwila city,Tukwila city,17181,7725,9.07,0.15,8.92,1927.0,866.4
0500000US53033,53033,"King County, Washington",0700000US530339292878225,530339292878225,King County - COUNTY SUBDIVISION AND PLACE - Seattle CCD - White Center CDP,White Center CDP,20975,7775,3.40,0.01,3.39,6194.9,2296.3
0500000US53033,53033,"King County, Washington",0700000US530339292899999,530339292899999,King County - COUNTY SUBDIVISION AND PLACE - Seattle CCD - Remainder of Seattle CCD,Remainder of Seattle CCD,1079,386,14.34,10.15,4.19,257.5,92.1
0500000US53033,53033,"King County, Washington",0600000US5303393078,5303393078,King County - COUNTY SUBDIVISION AND PLACE - Snoqualmie Valley CCD,Snoqualmie Valley CCD,36893,14281,912.01,12.15,899.87,41.0,15.9
0500000US53033,53033,"King County, Washington",0700000US530339307804300,530339307804300,King County - COUNTY SUBDIVISION AND PLACE - Snoqualmie Valley CCD - Baring CDP,Baring CDP,233,207,1.78,0.10,1.68,139.0,123.5
0500000US53033,53033,"King County, Washington",0700000US530339307810215,530339307810215,King County - COUNTY SUBDIVISION AND PLACE - Snoqualmie Valley CCD - Carnation city,Carnation city,1893,650,1.10,0.00,1.10,1728.4,593.5
0500000US53033,53033,"King County, Washington",0700000US530339307819035,530339307819035,King County - COUNTY SUBDIVISION AND PLACE - Snoqualmie Valley CCD - Duvall city,Duvall city,4616,1646,2.28,0.00,2.28,2020.5,720.5
0500000US53033,53033,"King County, Washington",0700000US530339307823200,530339307823200,King County - COUNTY SUBDIVISION AND PLACE - Snoqualmie Valley CCD - Fall City CDP,Fall City CDP,1638,649,1.31,0.00,1.31,1253.5,496.6
0500000US53033,53033,"King County, Washington",0700000US530339307837538,530339307837538,King County - COUNTY SUBDIVISION AND PLACE - Snoqualmie Valley CCD - Lake Marcel-Stillwater CDP,Lake Marcel-Stillwater CDP,1381,453,1.34,0.05,1.29,1071.5,351.5
0500000US53033,53033,"King County, Washington",0700000US530339307849485,530339307849485,King County - COUNTY SUBDIVISION AND PLACE - Snoqualmie Valley CCD - North Bend city,North Bend city,4746,1889,2.94,0.00,2.94,1611.6,641.4
0500000US53033,53033,"King County, Washington",0700000US530339307858742,530339307858742,King County - COUNTY SUBDIVISION AND PLACE - Snoqualmie Valley CCD - Riverbend CDP,Riverbend CDP,2230,791,3.01,0.00,3.01,740.2,262.5
0500000US53033,53033,"King County, Washington",0700000US530339307864855,530339307864855,King County - COUNTY SUBDIVISION AND PLACE - Snoqualmie Valley CCD - Skykomish town,Skykomish town,214,162,0.34,0.00,0.34,623.2,471.8
0500000US53033,53033,"King County, Washington",0700000US530339307865205,530339307865205,King County - COUNTY SUBDIVISION AND PLACE - Snoqualmie Valley CCD - Snoqualmie city,Snoqualmie city,1631,656,5.17,0.03,5.14,317.2,127.6
0500000US53033,53033,"King County, Washington",0700000US530339307870315,530339307870315,King County - COUNTY SUBDIVISION AND PLACE - Snoqualmie Valley CCD - Tanner CDP,Tanner CDP,2966,1087,6.07,0.00,6.07,489.0,179.2
0500000US53033,53033,"King County, Washington",0700000US530339307899999,530339307899999,King County - COUNTY SUBDIVISION AND PLACE - Snoqualmie Valley CCD - Remainder of Snoqualmie Valley CCD,Remainder of Snoqualmie Valley CCD,15345,6091,886.67,11.97,874.71,17.5,7.0
0500000US53033,53033,"King County, Washington",0600000US5303393392,5303393392,King County - COUNTY SUBDIVISION AND PLACE - Tahoma-Maple Valley CCD,Tahoma-Maple Valley CCD,52781,18419,91.78,1.75,90.02,586.3,204.6
0500000US53033,53033,"King County, Washington",0700000US530339339215290,530339339215290,King County - COUNTY SUBDIVISION AND PLACE - Tahoma-Maple Valley CCD - Covington city,Covington city,13783,4473,5.80,0.04,5.77,2389.8,775.5
0500000US53033,53033,"King County, Washington",0700000US530339339219515,530339339219515,King County - COUNTY SUBDIVISION AND PLACE - Tahoma-Maple Valley CCD - East Hill-Meridian CDP (part),East Hill-Meridian CDP (part),1521,531,2.38,0.00,2.38,638.3,222.8
0500000US53033,53033,"King County, Washington",0700000US530339339231495,530339339231495,King County - COUNTY SUBDIVISION AND PLACE - Tahoma-Maple Valley CCD - Hobart CDP (part),Hobart CDP (part),6211,2247,18.59,0.11,18.47,336.2,121.6
0500000US53033,53033,"King County, Washington",0700000US530339339235415,530339339235415,King County - COUNTY SUBDIVISION AND PLACE - Tahoma-Maple Valley CCD - Kent city (part),Kent city (part),10746,3963,4.04,0.22,3.82,2813.1,1037.4
0500000US53033,53033,"King County, Washington",0700000US530339339237567,530339339237567,King County - COUNTY SUBDIVISION AND PLACE - Tahoma-Maple Valley CCD - Lake Morton-Berrydale CDP (part),Lake Morton-Berrydale CDP (part),3132,1046,2.99,0.00,2.99,1048.5,350.2
0500000US53033,53033,"King County, Washington",0700000US530339339243150,530339339243150,King County - COUNTY SUBDIVISION AND PLACE - Tahoma-Maple Valley CCD - Maple Valley city (part),Maple Valley city (part),11684,4109,4.24,0.17,4.08,2865.5,1007.7
0500000US53033,53033,"King County, Washington",0700000US530339339246215,530339339246215,King County - COUNTY SUBDIVISION AND PLACE - Tahoma-Maple Valley CCD - Mirrormont CDP (part),Mirrormont CDP (part),625,219,2.43,0.04,2.39,261.8,91.7
0500000US53033,53033,"King County, Washington",0700000US530339339299999,530339339299999,King County - COUNTY SUBDIVISION AND PLACE - Tahoma-Maple Valley CCD - Remainder of Tahoma-Maple Valley CCD,Remainder of Tahoma-Maple Valley CCD,5079,1831,51.30,1.18,50.13,101.3,36.5
0500000US53033,53033,"King County, Washington",0600000US5303393616,5303393616,King County - COUNTY SUBDIVISION AND PLACE - Vashon Island CCD,Vashon Island CCD,10123,4867,82.09,45.12,36.97,273.9,131.7
0500000US53033,53033,"King County, Washington",0700000US530339361674305,530339361674305,King County - COUNTY SUBDIVISION AND PLACE - Vashon Island CCD - Vashon CDP,Vashon CDP,10123,4867,36.97,0.00,36.97,273.9,131.7
0500000US53033,53033,"King County, Washington",0700000US530339361699999,530339361699999,King County - COUNTY SUBDIVISION AND PLACE - Vashon Island CCD - Remainder of Vashon Island CCD,Remainder of Vashon Island CCD,0,0,45.12,45.12,0.00,(X),(X)
0500000US53033,53033,"King County, Washington",1550000US5301290033,5301290033,King County - PLACE - Algona city,Algona city,2460,878,1.35,0.00,1.35,1827.6,652.3
0500000US53033,53033,"King County, Washington",1550000US5301920033,5301920033,King County - PLACE - Ames Lake CDP,Ames Lake CDP,1435,533,1.80,0.12,1.68,854.0,317.2
0500000US53033,53033,"King County, Washington",1550000US5303180033,5303180033,King County - PLACE - Auburn city,Auburn city,40168,16697,20.68,0.01,20.68,1942.4,807.4
0500000US53033,53033,"King County, Washington",1550000US5304300033,5304300033,King County - PLACE - Baring CDP,Baring CDP,233,207,1.78,0.10,1.68,139.0,123.5
0500000US53033,53033,"King County, Washington",1550000US5304895033,5304895033,King County - PLACE - Beaux Arts Village town,Beaux Arts Village town,307,124,0.18,0.08,0.09,3281.9,1325.6
0500000US53033,53033,"King County, Washington",1550000US5305210033,5305210033,King County - PLACE - Bellevue city,Bellevue city,109569,48396,33.90,3.15,30.75,3563.6,1574.0
0500000US53033,53033,"King County, Washington",1550000US5306330033,5306330033,King County - PLACE - Black Diamond city,Black Diamond city,3970,1538,5.88,0.51,5.37,739.5,286.5
0500000US53033,53033,"King County, Washington",1550000US5307380033,5307380033,King County - PLACE - Bothell city,Bothell city,16185,6982,5.70,0.00,5.70,2838.4,1224.4
0500000US53033,53033,"King County, Washington",1550000US5308552033,5308552033,King County - PLACE - Bryn Mawr-Skyway CDP,Bryn Mawr-Skyway CDP,13977,5785,3.34,0.17,3.17,4408.1,1824.5
0500000US53033,53033,"King County, Washington",1550000US5308850033,5308850033,King County - PLACE - Burien city,Burien city,31881,13898,13.22,5.79,7.44,4287.0,1868.9
0500000US53033,53033,"King County, Washington",1550000US5310215033,5310215033,King County - PLACE - Carnation city,Carnation city,1893,650,1.10,0.00,1.10,1728.4,593.5
0500000US53033,53033,"King County, Washington",1550000US5310372033,5310372033,King County - PLACE - Cascade-Fairwood CDP,Cascade-Fairwood CDP,34580,13456,8.87,0.00,8.87,3898.6,1517.0
0500000US53033,53033,"King County, Washington",1550000US5313365033,5313365033,King County - PLACE - Clyde Hill city,Clyde Hill city,2890,1076,1.06,0.00,1.06,2732.2,1017.2
0500000US53033,53033,"King County, Washington",1550000US5314940033,5314940033,King County - PLACE - Cottage Lake CDP,Cottage Lake CDP,24330,7916,22.95,0.14,22.81,1066.5,347.0
0500000US53033,53033,"King County, Washington",1550000US5315290033,5315290033,King County - PLACE - Covington city,Covington city,13783,4473,5.80,0.04,5.77,2389.8,775.5
0500000US53033,53033,"King County, Washington",1550000US5317635033,5317635033,King County - PLACE - Des Moines city,Des Moines city,29267,11777,6.34,0.00,6.34,4616.5,1857.7
0500000US53033,53033,"King County, Washington",1550000US5319035033,5319035033,King County - PLACE - Duvall city,Duvall city,4616,1646,2.28,0.00,2.28,2020.5,720.5
0500000US53033,53033,"King County, Washington",1550000US5319420033,5319420033,King County - PLACE - Eastgate CDP,Eastgate CDP,4558,1743,1.26,0.00,1.26,3629.7,1388.0
0500000US53033,53033,"King County, Washington",1550000US5319515033,5319515033,King County - PLACE - East Hill-Meridian CDP,East Hill-Meridian CDP,29308,10084,8.97,0.04,8.93,3282.4,1129.4
0500000US53033,53033,"King County, Washington",1550000US5319857033,5319857033,King County - PLACE - East Renton Highlands CDP,East Renton Highlands CDP,13264,4760,12.66,0.09,12.57,1055.1,378.6
0500000US53033,53033,"King County, Washington",1550000US5322045033,5322045033,King County - PLACE - Enumclaw city,Enumclaw city,11116,4456,3.88,0.00,3.88,2864.9,1148.4
0500000US53033,53033,"King County, Washington",1550000US5323200033,5323200033,King County - PLACE - Fall City CDP,Fall City CDP,1638,649,1.31,0.00,1.31,1253.5,496.6
0500000US53033,53033,"King County, Washington",1550000US5323515033,5323515033,King County - PLACE - Federal Way city,Federal Way city,83259,32581,21.15,0.13,21.03,3959.4,1549.4
0500000US53033,53033,"King County, Washington",1550000US5331495033,5331495033,King County - PLACE - Hobart CDP,Hobart CDP,6251,2263,18.77,0.11,18.66,335.0,121.3
0500000US53033,53033,"King County, Washington",1550000US5332755033,5332755033,King County - PLACE - Hunts Point town,Hunts Point town,443,186,0.30,0.01,0.29,1516.6,636.8
0500000US53033,53033,"King County, Washington",1550000US5333380033,5333380033,King County - PLACE - Inglewood-Finn Hill CDP,Inglewood-Finn Hill CDP,22661,8553,7.96,2.18,5.78,3922.6,1480.5
0500000US53033,53033,"King County, Washington",1550000US5333805033,5333805033,King County - PLACE - Issaquah city,Issaquah city,11212,5195,8.45,0.03,8.42,1330.9,616.7
0500000US53033,53033,"King County, Washington",1550000US5335170033,5335170033,King County - PLACE - Kenmore city,Kenmore city,18678,7562,6.26,0.10,6.17,3028.7,1226.2
0500000US53033,53033,"King County, Washington",1550000US5335415033,5335415033,King County - PLACE - Kent city,Kent city,79524,32488,28.27,0.24,28.03,2836.7,1158.9
0500000US53033,53033,"King County, Washington",1550000US5335835033,5335835033,King County - PLACE - Kingsgate CDP,Kingsgate CDP,12222,4424,2.33,0.00,2.33,5255.7,1902.4
0500000US53033,53033,"King County, Washington",1550000US5335940033,5335940033,King County - PLACE - Kirkland city,Kirkland city,45054,21831,11.01,0.33,10.68,4220.3,2045.0
0500000US53033,53033,"King County, Washington",1550000US5337270033,5337270033,King County - PLACE - Lake Forest Park city,Lake Forest Park city,13142,5168,3.66,0.12,3.54,3716.2,1461.4
0500000US53033,53033,"King County, Washington",1550000US5337420033,5337420033,King County - PLACE - Lakeland North CDP,Lakeland North CDP,15085,5067,5.45,0.14,5.31,2841.4,954.4
0500000US53033,53033,"King County, Washington",1550000US5337430033,5337430033,King County - PLACE - Lakeland South CDP,Lakeland South CDP,11436,4241,5.54,0.13,5.41,2113.2,783.7
0500000US53033,53033,"King County, Washington",1550000US5337538033,5337538033,King County - PLACE - Lake Marcel-Stillwater CDP,Lake Marcel-Stillwater CDP,1381,453,1.34,0.05,1.29,1071.5,351.5
0500000US53033,53033,"King County, Washington",1550000US5337567033,5337567033,King County - PLACE - Lake Morton-Berrydale CDP,Lake Morton-Berrydale CDP,9659,3312,12.60,0.12,12.49,773.6,265.3
0500000US53033,53033,"King County, Washington",1550000US5338815033,5338815033,King County - PLACE - Lea Hill CDP,Lea Hill CDP,10871,3754,5.86,0.00,5.86,1855.0,640.6
0500000US53033,53033,"King County, Washington",1550000US5343062033,5343062033,King County - PLACE - Maple Heights-Lake Desire CDP,Maple Heights-Lake Desire CDP,2569,922,4.30,0.22,4.08,630.0,226.1
0500000US53033,53033,"King County, Washington",1550000US5343150033,5343150033,King County - PLACE - Maple Valley city,Maple Valley city,14209,4922,5.59,0.17,5.43,2617.9,906.8
0500000US53033,53033,"King County, Washington",1550000US5344725033,5344725033,King County - PLACE - Medina city,Medina city,3011,1165,4.79,3.35,1.43,2102.3,813.4
0500000US53033,53033,"King County, Washington",1550000US5345005033,5345005033,King County - PLACE - Mercer Island city,Mercer Island city,22036,8806,13.11,6.73,6.38,3452.0,1379.5
0500000US53033,53033,"King County, Washington",1550000US5346020033,5346020033,King County - PLACE - Milton city,Milton city,814,330,0.51,0.00,0.51,1582.4,641.5
0500000US53033,53033,"King County, Washington",1550000US5346215033,5346215033,King County - PLACE - Mirrormont CDP,Mirrormont CDP,3804,1365,10.40,0.04,10.36,367.3,131.8
0500000US53033,53033,"King County, Washington",1550000US5348645033,5348645033,King County - PLACE - Newcastle city,Newcastle city,7737,3117,4.48,0.01,4.47,1731.5,697.6
0500000US53033,53033,"King County, Washington",1550000US5349415033,5349415033,King County - PLACE - Normandy Park city,Normandy Park city,6392,2670,6.62,4.16,2.46,2597.3,1084.9
0500000US53033,53033,"King County, Washington",1550000US5349485033,5349485033,King County - PLACE - North Bend city,North Bend city,4746,1889,2.94,0.00,2.94,1611.6,641.4
0500000US53033,53033,"King County, Washington",1550000US5352495033,5352495033,King County - PLACE - Pacific city,Pacific city,5373,2025,1.92,0.00,1.92,2798.1,1054.6
0500000US53033,53033,"King County, Washington",1550000US5357395033,5357395033,King County - PLACE - Ravensdale CDP,Ravensdale CDP,816,321,5.13,0.11,5.03,162.3,63.8
0500000US53033,53033,"King County, Washington",1550000US5357535033,5357535033,King County - PLACE - Redmond city,Redmond city,45256,20248,16.56,0.67,15.89,2848.8,1274.6
0500000US53033,53033,"King County, Washington",1550000US5357745033,5357745033,King County - PLACE - Renton city,Renton city,50052,22676,17.30,0.28,17.03,2939.7,1331.8
0500000US53033,53033,"King County, Washington",1550000US5358742033,5358742033,King County - PLACE - Riverbend CDP,Riverbend CDP,2230,791,3.01,0.00,3.01,740.2,262.5
0500000US53033,53033,"King County, Washington",1550000US5358878033,5358878033,King County - PLACE - Riverton-Boulevard Park CDP,Riverton-Boulevard Park CDP,11188,4662,2.79,0.06,2.73,4104.5,1710.3
0500000US53033,53033,"King County, Washington",1550000US5361115033,5361115033,King County - PLACE - Sammamish city,Sammamish city,34104,11599,18.30,0.25,18.05,1888.9,642.4
0500000US53033,53033,"King County, Washington",1550000US5362288033,5362288033,King County - PLACE - SeaTac city,SeaTac city,25496,10176,10.13,0.17,9.96,2558.8,1021.3
0500000US53033,53033,"King County, Washington",1550000US5363000033,5363000033,King County - PLACE - Seattle city,Seattle city,563374,270524,142.54,58.67,83.87,6717.0,3225.4
0500000US53033,53033,"King County, Washington",1550000US5363960033,5363960033,King County - PLACE - Shoreline city,Shoreline city,53025,21338,11.69,0.02,11.66,4546.0,1829.4
0500000US53033,53033,"King County, Washington",1550000US5364855033,5364855033,King County - PLACE - Skykomish town,Skykomish town,214,162,0.34,0.00,0.34,623.2,471.8
0500000US53033,53033,"King County, Washington",1550000US5365205033,5365205033,King County - PLACE - Snoqualmie city,Snoqualmie city,1631,656,5.17,0.03,5.14,317.2,127.6
0500000US53033,53033,"King County, Washington",1550000US5370315033,5370315033,King County - PLACE - Tanner CDP,Tanner CDP,2966,1087,6.07,0.00,6.07,489.0,179.2
0500000US53033,53033,"King County, Washington",1550000US5372625033,5372625033,King County - PLACE - Tukwila city,Tukwila city,17181,7725,9.07,0.15,8.92,1927.0,866.4
0500000US53033,53033,"King County, Washington",1550000US5373307033,5373307033,King County - PLACE - Union Hill-Novelty Hill CDP,Union Hill-Novelty Hill CDP,11265,3677,24.39,0.06,24.34,462.9,151.1
0500000US53033,53033,"King County, Washington",1550000US5374305033,5374305033,King County - PLACE - Vashon CDP,Vashon CDP,10123,4867,36.97,0.00,36.97,273.9,131.7
0500000US53033,53033,"King County, Washington",1550000US5377535033,5377535033,King County - PLACE - West Lake Sammamish CDP,West Lake Sammamish CDP,5937,2229,3.43,2.02,1.41,4203.1,1578.0
0500000US53033,53033,"King County, Washington",1550000US5378225033,5378225033,King County - PLACE - White Center CDP,White Center CDP,20975,7775,3.40,0.01,3.39,6194.9,2296.3
0500000US53033,53033,"King County, Washington",1550000US5379590033,5379590033,King County - PLACE - Woodinville city,Woodinville city,9194,3592,5.66,0.02,5.64,1630.0,636.8
0500000US53033,53033,"King County, Washington",1550000US5380150033,5380150033,King County - PLACE - Yarrow Point town,Yarrow Point town,1008,393,0.37,0.00,0.37,2720.3,1060.6
